Version: Taxi Continuous/Discontinuous v4.1.9728.17830
TriggerVersion: v4
TaskType: Discontinuous
MazeName: DTL Cam
NumberOfTrials: 1
PosterLocations: 
CompletionWindow: 60000
TimeoutDuration: 1000
IntersessionInterval: 1000
RewardTime: 1000
RewardViewCriteria: 45
RotationSpeed: 104.3681
MovementSpeed: 5
JoystickDeadzone: 0
AngleRestrictionAmount: 0
RequiredDistance: 1
ProximityDistance: 1
DirectionErrorDistance: 0.5
isJoystickEnabled: False
isReverseEnabled: True
isForwardEnabled: True
isRightEnabled: True
isLeftEnabled: True
isYInverted: False
isXInverted: False
RestartOnTrialFail: True
ResetPositionOnTrial: True
FaceRandomDirectionOnStart: False
MultipleWaypoints: False
DisableInterSessionBlackout: True
ResetPositionOnSession: False
EnableDirectionError: False
DisableHint: False
EnableRewardAreaError: False
RewardAreaErrorTime: -1
--- Start of Dataset --- 

 0 0.01706090 0.0000 -10.8464 0.0004
 0 0.11597610 0.0000 -10.8464 0.0004
 0 0.33333330 0.0000 -10.8464 0.0004
 0 0.05049890 0.0000 -10.8464 0.0004
 0 0.06088140 0.0000 -10.8464 0.0004
 0 0.02191390 0.0000 -10.8464 0.0004
 84 0.02191390 -12.8900 0.0600 90.0000
 0 0.02191390 -12.8900 0.0600 90.0000
 0 0.02000000 -12.8900 0.0600 90.0000
 0 0.04459770 -12.8900 0.0600 90.0000
 0 0.02140090 -12.8900 0.0600 90.0000
 0 0.02185950 -12.8900 0.0600 90.0000
 0 0.02380710 -12.8900 0.0600 90.0000
 0 0.02277230 -12.8900 0.0600 90.0000
 0 0.02685790 -12.8900 0.0600 90.0000
 0 0.02388920 -12.8900 0.0600 90.0000
 0 0.02414920 -12.8900 0.0600 90.0000
 0 0.02465000 -12.8900 0.0600 90.0000
 0 0.02773490 -12.8900 0.0600 90.0000
 0 0.02311900 -12.8900 0.0600 90.0000
 0 0.02722720 -12.8900 0.0600 90.0000
 0 0.02132230 -12.8900 0.0600 90.0000
 0 0.01763940 -12.8900 0.0600 90.0000
 0 0.01639810 -12.8900 0.0600 90.0000
 0 0.01567810 -12.8900 0.0600 90.0000
 0 0.01367700 -12.8900 0.0600 90.0000
 0 0.01254540 -12.8900 0.0600 90.0000
 0 0.01478110 -12.8900 0.0600 90.0000
 0 0.01154340 -12.8900 0.0600 90.0000
 0 0.01506390 -12.8900 0.0600 90.0000
 0 0.01593140 -12.8900 0.0600 90.0000
 0 0.01041440 -12.8900 0.0600 90.0000
 0 0.01525360 -12.8900 0.0600 90.0000
 0 0.01500790 -12.8900 0.0600 90.0000
 0 0.01509400 -12.8900 0.0600 90.0000
 0 0.01294190 -12.8900 0.0600 90.0000
 0 0.01501790 -12.8900 0.0600 90.0000
 0 0.01505930 -12.8900 0.0600 90.0000
 0 0.01492860 -12.8900 0.0600 90.0000
 0 0.01474180 -12.8900 0.0600 90.0000
 0 0.01460620 -12.8900 0.0600 90.0000
 0 0.01570420 -12.8900 0.0600 90.0000
 0 0.01532530 -12.8900 0.0600 90.0000
 0 0.01509490 -12.8900 0.0600 90.0000
 0 0.01626750 -12.8900 0.0600 90.0000
 0 0.02609150 -12.8900 0.0600 90.0000
 0 0.02106970 -12.8900 0.0600 90.0000
 0 0.01906950 -12.8900 0.0600 90.0000
 0 0.01923260 -12.8900 0.0600 90.0000
 0 0.02168330 -12.8900 0.0600 90.0000
 0 0.02183620 -12.8900 0.0600 90.0000
 0 0.01847490 -12.8900 0.0600 90.0000
 0 0.01756830 -12.8900 0.0600 90.0000
 0 0.01736980 -12.8900 0.0600 90.0000
 0 0.01718690 -12.8900 0.0600 90.0000
 0 0.01647840 -12.8900 0.0600 90.0000
 0 0.01711100 -12.8900 0.0600 90.0000
 0 0.02171760 -12.8900 0.0600 90.0000
 11 0.33333330 -12.8900 0.0600 90.0000
 0 0.33333330 -12.8900 0.0600 90.0000
 0 0.08845420 -12.8900 0.0600 90.0000
 0 0.06076050 -12.8900 0.0600 90.0000
 0 0.02123210 -12.8900 0.0600 90.0000
 0 0.01771930 -12.8900 0.0600 90.0000
 0 0.02045040 -12.8900 0.0600 90.0000
 0 0.02230310 -12.8900 0.0600 90.0000
 0 0.02226300 -12.8900 0.0600 90.0000
 0 0.01998440 -12.8900 0.0600 90.0000
 0 0.01944210 -12.8900 0.0600 90.0000
 0 0.02241250 -12.8900 0.0600 90.0000
 0 0.02235080 -12.8900 0.0600 90.0000
 0 0.02540920 -12.8900 0.0600 90.0000
 0 0.02100670 -12.8900 0.0600 90.0000
 0 0.02244330 -12.8900 0.0600 90.0000
 0 0.02032910 -12.8900 0.0600 90.0000
 0 0.02098990 -12.8900 0.0600 90.0000
 0 0.02738660 -12.8900 0.0600 90.0000
 0 0.02395450 -12.8900 0.0600 90.0000
 0 0.02155210 -12.8900 0.0600 90.0000
 0 0.02338410 -12.8900 0.0600 90.0000
 0 0.02638020 -12.8900 0.0600 90.0000
 0 0.03790490 -12.8900 0.0600 90.0000
 0 0.02612690 -12.8900 0.0600 90.0000
 0 0.02864760 -12.8900 0.0600 90.0000
 0 0.03656790 -12.8900 0.0600 90.0000
 0 0.33333330 -12.8900 0.0600 90.0000
 0 0.33333330 -12.8900 0.0600 90.0000
 0 0.07113280 -12.8900 0.0600 90.0000
 0 0.05837500 -12.8900 0.0600 90.0000
 0 0.04280590 -12.8900 0.0600 90.0000
 0 0.02162260 -12.8900 0.0600 90.0000
 0 0.04710930 -12.8900 0.0600 90.0000
 0 0.02157630 -12.8900 0.0600 90.0000
 0 0.02001640 -12.8900 0.0600 90.0000
 0 0.02265770 -12.8900 0.0600 90.0000
 0 0.02147990 -12.8900 0.0600 90.0000
 0 0.02459060 -12.8900 0.0600 90.0000
 0 0.02219990 -12.8900 0.0600 90.0000
 0 0.02594310 -12.8900 0.0600 90.0000
 0 0.02179910 -12.8900 0.0600 90.0000
 0 0.02869360 -12.8900 0.0600 90.0000
 0 0.03399830 -12.8900 0.0600 90.0000
 0 0.02990240 -12.8900 0.0600 90.0000
 0 0.05815680 -12.8900 0.0600 90.0000
 21 0.03047140 -12.8900 0.0600 90.0000
 0 0.33333330 -12.8900 0.0600 90.0000
 0 0.08122330 -12.8900 0.0600 90.0000
 0 0.03236670 -12.8900 0.0600 90.0000
 0 0.01974930 -12.8900 0.0600 90.0000
 0 0.01967640 -12.8900 0.0600 90.0000
 0 0.02117650 -12.8900 0.0600 90.0000
 0 0.02006120 -12.8900 0.0600 90.0000
 0 0.01884610 -12.8900 0.0600 90.0000
 0 0.02188070 -12.8900 0.0600 90.0000
 0 0.02159210 -12.8900 0.0600 90.0000
 0 0.02318010 -12.8900 0.0600 90.0000
 0 0.02588550 -12.8900 0.0600 90.0000
 0 0.02089930 -12.8900 0.0600 90.0000
 0 0.01772500 -12.8900 0.0600 90.0000
 0 0.02008610 -12.8900 0.0600 90.0000
 0 0.01917910 -12.8900 0.0600 90.0000
 0 0.01880950 -12.8900 0.0600 90.0000
 0 0.03735760 -12.8900 0.0600 90.0000
 0 0.02057350 -12.8900 0.0600 90.0000
 0 0.02068320 -12.8900 0.0600 90.0000
 0 0.02058190 -12.8900 0.0600 90.0000
 0 0.01768510 -12.8900 0.0600 90.0000
 0 0.02038000 -12.8900 0.0600 90.0000
 0 0.02259160 -12.8900 0.0600 90.0000
 0 0.02102340 -12.8900 0.0600 90.0000
 0 0.01930960 -12.8900 0.0600 90.0000
 0 0.02023160 -12.8900 0.0600 90.0000
 0 0.01917330 -12.8900 0.0600 90.0000
 0 0.02006460 -12.8900 0.0600 90.0000
 0 0.02132870 -12.8900 0.0600 90.0000
 0 0.02008000 -12.8900 0.0600 90.0000
 0 0.02425790 -12.8900 0.0600 90.0000
 0 0.02390800 -12.8900 0.0600 90.0000
 0 0.02351000 -12.8900 0.0600 90.0000
 0 0.02249150 -12.8900 0.0600 90.0000
 0 0.02396440 -12.8900 0.0600 90.0000
 0 0.02238370 -12.8900 0.0600 90.0000
 0 0.02346400 -12.8900 0.0600 90.0000
 0 0.02208610 -12.8900 0.0600 90.0000
 0 0.01860920 -12.8900 0.0600 90.0000
 0 0.02335390 -12.8900 0.0600 90.0000
 0 0.02002530 -12.8900 0.0600 90.0000
 0 0.33333330 -12.8900 0.0600 90.0000
 0 0.31720040 -12.8900 0.0600 90.0000
 0 0.05143360 -12.8900 0.0600 90.0000
 0 0.02303550 -12.8900 0.0600 90.0000
 0 0.03862490 -12.8900 0.0600 90.0000
 0 0.01912680 -12.8900 0.0600 90.0000
 0 0.01809050 -12.8900 0.0600 90.0000
 0 0.01707670 -12.8900 0.0600 90.0000
 0 0.01724590 -12.8900 0.0600 90.0000
 0 0.01612540 -12.8900 0.0600 90.0000
 0 0.01776600 -12.8900 0.0600 90.0000
 0 0.02132490 -12.8900 0.0600 90.0000
 0 0.01801020 -12.8900 0.0600 90.0000
 0 0.01856900 -12.8900 0.0600 90.0000
 0 0.01746140 -12.8900 0.0600 90.0000
 0 0.02012970 -12.8900 0.0600 90.0000
 0 0.01831300 -12.8900 0.0600 90.0000
 0 0.01679100 -12.8900 0.0600 90.0000
 0 0.01736300 -12.8900 0.0600 90.0000
 0 0.01637180 -12.8900 0.0600 90.0000
 0 0.02065830 -12.8900 0.0600 90.0000
 0 0.01917670 -12.8900 0.0600 90.0000
 0 0.01836390 -12.8900 0.0600 90.0000
 0 0.01795250 -12.8900 0.0600 90.0000
 0 0.01991230 -12.8900 0.0600 90.0000
 0 0.01811360 -12.8900 0.0600 90.0000
 0 0.01831400 -12.8900 0.0600 90.0000
 0 0.01911560 -12.8900 0.0600 90.0000
 0 0.01700780 -12.8900 0.0600 90.0000
 0 0.01963740 -12.8900 0.0600 90.0000
 0 0.01867490 -12.8900 0.0600 90.0000
 0 0.01731910 -12.8900 0.0600 90.0000
 0 0.01714730 -12.8900 0.0600 90.0000
 0 0.02227840 -12.8900 0.0600 90.0000
 0 0.01789350 -12.8900 0.0600 90.0000
 0 0.01969040 -12.8900 0.0600 90.0000
 0 0.02223350 -12.8900 0.0600 90.0000
 0 0.05530180 -12.8900 0.0600 90.0000
 0 0.02757200 -12.8900 0.0600 90.0000
 0 0.02416850 -12.8900 0.0600 90.0000
 0 0.04767620 -12.8900 0.0600 90.0000
 0 0.02647700 -12.8900 0.0600 90.0000
 0 0.02354810 -12.8900 0.0600 90.0000
 0 0.02763180 -12.8900 0.0600 90.0000
 0 0.02679510 -12.8900 0.0600 90.0000
 0 0.02660740 -12.8900 0.0600 90.0000
 0 0.02310470 -12.8900 0.0600 90.0000
 0 0.02490900 -12.8900 0.0600 90.0000
 0 0.02408690 -12.8900 0.0600 90.0000
 0 0.01854790 -12.8900 0.0600 90.0000
 0 0.01969130 -12.8900 0.0600 90.0000
 0 0.02023000 -12.8900 0.0600 90.0000
 0 0.02091290 -12.8900 0.0600 90.0000
 0 0.03103440 -12.8900 0.0600 90.0000
 0 0.02144580 -12.8900 0.0600 90.0000
 0 0.02580610 -12.8900 0.0600 90.0000
 0 0.02331170 -12.8900 0.0600 90.0000
 0 0.02292700 -12.8900 0.0600 90.0000
 0 0.01976020 -12.8900 0.0600 90.0000
 0 0.01760700 -12.8900 0.0600 90.0000
 0 0.02112490 -12.8900 0.0600 90.0000
 0 0.01891520 -12.8900 0.0600 90.0000
 0 0.02040500 -12.8900 0.0600 90.0000
 0 0.02251970 -12.8900 0.0600 90.0000
 0 0.01907400 -12.8900 0.0600 90.0000
 0 0.01942730 -12.8900 0.0600 90.0000
 0 0.02072990 -12.8900 0.0600 90.0000
 0 0.02671100 -12.8900 0.0600 90.0000
 0 0.02357270 -12.8900 0.0600 90.0000
 0 0.01994150 -12.8900 0.0600 90.0000
 0 0.01978610 -12.8900 0.0600 90.0000
 0 0.01855820 -12.8900 0.0600 90.0000
 0 0.02016170 -12.8900 0.0600 90.0000
 0 0.01871180 -12.8900 0.0600 90.0000
 0 0.02264050 -12.8900 0.0600 90.0000
 0 0.02047340 -12.8900 0.0600 90.0000
 0 0.01880170 -12.8900 0.0600 90.0000
 0 0.02531610 -12.8900 0.0600 90.0000
 0 0.02142230 -12.8900 0.0600 90.0000
 0 0.01996040 -12.8900 0.0600 90.0000
 0 0.01851920 -12.8900 0.0600 90.0000
 0 0.02009330 -12.8900 0.0600 90.0000
 0 0.02045140 -12.8900 0.0600 90.0000
 0 0.02003640 -12.8900 0.0600 90.0000
 0 0.01891320 -12.8900 0.0600 90.0000
 0 0.02003050 -12.8900 0.0600 90.0000
 0 0.02205750 -12.8900 0.0600 90.0000
 0 0.01945500 -12.8900 0.0600 90.0000
 0 0.02107880 -12.8900 0.0600 90.0000
 0 0.01973650 -12.8900 0.0600 90.0000
 0 0.02277870 -12.8900 0.0600 90.0000
 0 0.02205580 -12.8900 0.0600 90.0000
 0 0.02058780 -12.8900 0.0600 90.0000
 0 0.02021770 -12.8900 0.0600 90.0000
 0 0.01987350 -12.8900 0.0600 90.0000
 0 0.02184350 -12.8900 0.0600 90.0000
 0 0.01868530 -12.8900 0.0600 90.0000
 0 0.02092510 -12.8900 0.0600 90.0000
 0 0.02281170 -12.8900 0.0600 90.0000
 0 0.01824690 -12.8900 0.0600 90.0000
 0 0.02025200 -12.8900 0.0600 90.0000
 0 0.02051220 -12.8900 0.0600 90.0000
 0 0.02140290 -12.8900 0.0600 90.0000
 0 0.01885350 -12.8900 0.0600 90.0000
 0 0.03029480 -12.7385 0.0600 90.0000
 0 0.02819420 -12.5976 0.0600 90.0000
 0 0.02151450 -12.4900 0.0600 90.0000
 0 0.02416710 -12.3692 0.0600 90.0000
 0 0.02046290 -12.2668 0.0600 90.0000
 0 0.01993530 -12.1672 0.0600 90.0000
 0 0.03336200 -12.0007 0.0701 86.5181
 0 0.03172990 -11.8431 0.0889 83.2065
 0 0.02146720 -11.7371 0.1058 80.9660
 0 0.02056340 -11.6363 0.1257 78.8198
 0 0.03638530 -11.6363 0.1257 78.8198
 0 0.02927920 -11.6363 0.1257 78.8198
 0 0.02194460 -11.6363 0.1257 78.8198
 0 0.02069050 -11.6363 0.1257 78.8198
 0 0.01994060 -11.6363 0.1257 78.8198
 0 0.02041890 -11.6363 0.1257 78.8198
 0 0.02127040 -11.6363 0.1257 78.8198
 0 0.02114690 -11.6363 0.1257 78.8198
 0 0.01911450 -11.6363 0.1257 78.8198
 0 0.02123410 -11.6363 0.1257 78.8198
 0 0.01915610 -11.6363 0.1257 78.8198
 0 0.02083570 -11.6363 0.1257 78.8198
 0 0.01915720 -11.6363 0.1257 78.8198
 0 0.01826090 -11.6363 0.1257 78.8198
 0 0.01912960 -11.6363 0.1257 78.8198
 0 0.02069720 -11.6363 0.1257 78.8198
 0 0.01877540 -11.6363 0.1257 78.8198
 0 0.01902290 -11.6363 0.1257 78.8198
 0 0.01820290 -11.6363 0.1257 78.8198
 0 0.02124410 -11.6363 0.1257 78.8198
 0 0.02052600 -11.6363 0.1257 78.8198
 0 0.01937760 -11.6363 0.1257 78.8198
 0 0.01979530 -11.6363 0.1257 78.8198
 0 0.02125670 -11.6363 0.1257 78.8198
 0 0.01866220 -11.6363 0.1257 78.8198
 0 0.02109810 -11.6363 0.1257 78.8198
 0 0.02171670 -11.6363 0.1257 78.8198
 0 0.02012470 -11.6363 0.1257 78.8198
 0 0.01807030 -11.6363 0.1257 78.8198
 0 0.01841210 -11.6363 0.1257 78.8198
 0 0.02015000 -11.6363 0.1257 78.8198
 0 0.01988590 -11.6363 0.1257 78.8198
 0 0.01908290 -11.6363 0.1257 78.8198
 0 0.02043710 -11.6363 0.1257 78.8198
 0 0.01825770 -11.6363 0.1257 78.8198
 0 0.02090430 -11.6363 0.1257 78.8198
 0 0.02124910 -11.6363 0.1257 78.8198
 0 0.02114500 -11.6363 0.1257 78.8198
 0 0.01848930 -11.6363 0.1257 78.8198
 0 0.01900050 -11.6363 0.1257 78.8198
 0 0.02024710 -11.6363 0.1257 78.8198
 0 0.03537510 -11.6363 0.1257 78.8198
 0 0.02153250 -11.6363 0.1257 78.8198
 0 0.02018320 -11.6363 0.1257 78.8198
 0 0.01880090 -11.6363 0.1257 78.8198
 0 0.01853390 -11.6363 0.1257 78.8198
 0 0.02016900 -11.6363 0.1257 78.8198
 0 0.01738940 -11.6363 0.1257 78.8198
 0 0.01800640 -11.6363 0.1257 78.8198
 0 0.02055980 -11.6363 0.1257 78.8198
 0 0.01946350 -11.6363 0.1257 78.8198
 0 0.02058120 -11.6363 0.1257 78.8198
 0 0.01809370 -11.6363 0.1257 78.8198
 0 0.01990350 -11.6363 0.1257 78.8198
 0 0.02187900 -11.6363 0.1257 78.8198
 0 0.01968170 -11.6363 0.1257 78.8198
 0 0.02170670 -11.6363 0.1257 78.8198
 0 0.02060950 -11.6363 0.1257 78.8198
 0 0.01973760 -11.6363 0.1257 78.8198
 0 0.02069310 -11.6363 0.1257 78.8198
 0 0.01928040 -11.6363 0.1257 78.8198
 0 0.01827300 -11.6363 0.1257 78.8198
 0 0.02016790 -11.6363 0.1257 78.8198
 0 0.02051810 -11.6363 0.1257 78.8198
 0 0.02049130 -11.6363 0.1257 78.8198
 0 0.01840800 -11.6363 0.1257 78.8198
 0 0.02267520 -11.6363 0.1257 78.8198
 0 0.02026380 -11.6363 0.1257 78.8198
 0 0.02001000 -11.6363 0.1257 78.8198
 0 0.02064170 -11.6363 0.1257 78.8198
 0 0.02021380 -11.6363 0.1257 78.8198
 0 0.02079230 -11.6363 0.1257 78.8198
 0 0.01944590 -11.6363 0.1257 78.8198
 0 0.01953700 -11.6363 0.1257 78.8198
 0 0.02066540 -11.6363 0.1257 78.8198
 0 0.01829160 -11.6363 0.1257 78.8198
 0 0.01930120 -11.6363 0.1257 78.8198
 0 0.02126640 -11.6363 0.1257 78.8198
 0 0.01870140 -11.6363 0.1257 78.8198
 0 0.02030570 -11.6363 0.1257 78.8198
 0 0.01825730 -11.6363 0.1257 78.8198
 0 0.01845220 -11.6363 0.1257 78.8198
 0 0.02101010 -11.6363 0.1257 78.8198
 0 0.01910630 -11.6363 0.1257 78.8198
 0 0.01893470 -11.6363 0.1257 78.8198
 0 0.01913260 -11.6363 0.1257 78.8198
 0 0.01965230 -11.6363 0.1257 78.8198
 0 0.01859530 -11.6363 0.1257 78.8198
 0 0.01824250 -11.6363 0.1257 78.8198
 0 0.02179930 -11.6363 0.1257 78.8198
 0 0.02269470 -11.6363 0.1257 78.8198
 0 0.02180840 -11.6363 0.1257 78.8198
 0 0.02204180 -11.6363 0.1257 78.8198
 0 0.02279840 -11.6363 0.1257 78.8198
 0 0.01981730 -11.6363 0.1257 78.8198
 0 0.01729090 -11.6363 0.1257 78.8198
 0 0.02030690 -11.6363 0.1257 78.8198
 0 0.01966250 -11.6363 0.1257 78.8198
 0 0.02006250 -11.6363 0.1257 78.8198
 0 0.01928120 -11.6363 0.1257 78.8198
 0 0.01875860 -11.6363 0.1257 78.8198
 0 0.01907350 -11.6363 0.1257 78.8198
 0 0.02088300 -11.6363 0.1257 78.8198
 0 0.01940050 -11.6363 0.1257 78.8198
 0 0.01941870 -11.6363 0.1257 78.8198
 0 0.01808960 -11.6363 0.1257 78.8198
 0 0.02099130 -11.6363 0.1257 78.8198
 0 0.01841300 -11.6363 0.1257 78.8198
 0 0.01991550 -11.6363 0.1257 78.8198
 0 0.01869900 -11.6363 0.1257 78.8198
 0 0.01954950 -11.6363 0.1257 78.8198
 0 0.01900820 -11.6363 0.1257 78.8198
 0 0.01875050 -11.6363 0.1257 78.8198
 0 0.01849150 -11.6363 0.1257 78.8198
 0 0.01970030 -11.6363 0.1257 78.8198
 0 0.01851500 -11.6363 0.1257 78.8198
 0 0.01867230 -11.6363 0.1257 78.8198
 0 0.01820940 -11.6363 0.1257 78.8198
 0 0.02043860 -11.6363 0.1257 78.8198
 0 0.01852100 -11.6363 0.1257 78.8198
 0 0.01874190 -11.6363 0.1257 78.8198
 0 0.01983080 -11.6363 0.1257 78.8198
 0 0.02219660 -11.6363 0.1257 78.8198
 0 0.01911020 -11.6363 0.1257 78.8198
 0 0.01928960 -11.6363 0.1257 78.8198
 0 0.01986420 -11.6363 0.1257 78.8198
 0 0.02022190 -11.6363 0.1257 78.8198
 0 0.01875580 -11.6363 0.1257 78.8198
 0 0.02005540 -11.6363 0.1257 78.8198
 0 0.01821650 -11.6363 0.1257 78.8198
 0 0.02090810 -11.6363 0.1257 78.8198
 0 0.01876220 -11.6363 0.1257 78.8198
 0 0.01778250 -11.6363 0.1257 78.8198
 0 0.02020950 -11.6363 0.1257 78.8198
 0 0.02200500 -11.6363 0.1257 78.8198
 0 0.01945390 -11.6363 0.1257 78.8198
 0 0.02018750 -11.6363 0.1257 78.8198
 0 0.01900600 -11.6363 0.1257 78.8198
 0 0.02723790 -11.6363 0.1257 78.8198
 0 0.02720610 -11.6363 0.1257 78.8198
 0 0.02559990 -11.6363 0.1257 78.8198
 0 0.02779330 -11.6363 0.1257 78.8198
 0 0.02726950 -11.6363 0.1257 78.8198
 0 0.02099370 -11.6363 0.1257 78.8198
 0 0.02191490 -11.6363 0.1257 78.8198
 0 0.02111970 -11.6363 0.1257 78.8198
 0 0.02267430 -11.6363 0.1257 78.8198
 0 0.02303140 -11.6363 0.1257 78.8198
 0 0.02256430 -11.6363 0.1257 78.8198
 0 0.02080270 -11.6363 0.1257 78.8198
 0 0.02210550 -11.6363 0.1257 78.8198
 0 0.02084600 -11.6363 0.1257 78.8198
 0 0.02214160 -11.6363 0.1257 78.8198
 0 0.02063350 -11.6363 0.1257 78.8198
 0 0.01980260 -11.6363 0.1257 78.8198
 0 0.02030080 -11.6363 0.1257 78.8198
 0 0.01920900 -11.6363 0.1257 78.8198
 0 0.02157850 -11.6363 0.1257 78.8198
 0 0.01992420 -11.6363 0.1257 78.8198
 0 0.02070570 -11.6363 0.1257 78.8198
 0 0.01969490 -11.6363 0.1257 78.8198
 0 0.02052480 -11.6363 0.1257 78.8198
 0 0.02036830 -11.6363 0.1257 78.8198
 0 0.02010000 -11.6363 0.1257 78.8198
 0 0.02120220 -11.6363 0.1257 78.8198
 0 0.02148120 -11.6363 0.1257 78.8198
 0 0.02159480 -11.6363 0.1257 78.8198
 0 0.02487700 -11.6363 0.1257 78.8198
 0 0.02253420 -11.6363 0.1257 78.8198
 0 0.02304200 -11.6363 0.1257 78.8198
 0 0.02250140 -11.6363 0.1257 78.8198
 0 0.02345420 -11.6363 0.1257 78.8198
 0 0.02234700 -11.6363 0.1257 78.8198
 0 0.02310620 -11.6363 0.1257 78.8198
 0 0.02364200 -11.6363 0.1257 78.8198
 0 0.02170500 -11.6363 0.1257 78.8198
 0 0.02175620 -11.6363 0.1257 78.8198
 0 0.02214180 -11.6363 0.1257 78.8198
 0 0.02200470 -11.6363 0.1257 78.8198
 0 0.02290670 -11.6363 0.1257 78.8198
 0 0.02199800 -11.6363 0.1257 78.8198
 0 0.02194600 -11.6363 0.1257 78.8198
 0 0.01933760 -11.6363 0.1257 78.8198
 0 0.02090380 -11.6363 0.1257 78.8198
 0 0.02276050 -11.6363 0.1257 78.8198
 0 0.02088020 -11.6363 0.1257 78.8198
 0 0.02020570 -11.6363 0.1257 78.8198
 0 0.02211570 -11.6363 0.1257 78.8198
 0 0.02017270 -11.6363 0.1257 78.8198
 0 0.02410590 -11.6363 0.1257 78.8198
 0 0.02189090 -11.6363 0.1257 78.8198
 0 0.02363180 -11.6363 0.1257 78.8198
 0 0.02243410 -11.6363 0.1257 78.8198
 0 0.02266680 -11.6363 0.1257 78.8198
 0 0.02169010 -11.6363 0.1257 78.8198
 0 0.01900840 -11.6363 0.1257 78.8198
 0 0.02276440 -11.6363 0.1257 78.8198
 0 0.01991040 -11.6363 0.1257 78.8198
 0 0.02012780 -11.6363 0.1257 78.8198
 0 0.02118210 -11.6363 0.1257 78.8198
 0 0.02402300 -11.6363 0.1257 78.8198
 0 0.02323750 -11.6363 0.1257 78.8198
 0 0.02283480 -11.6363 0.1257 78.8198
 0 0.02324820 -11.6363 0.1257 78.8198
 0 0.02339430 -11.6363 0.1257 78.8198
 0 0.02301330 -11.6363 0.1257 78.8198
 0 0.02302900 -11.6363 0.1257 78.8198
 0 0.02172220 -11.6363 0.1257 78.8198
 0 0.02075410 -11.6363 0.1257 78.8198
 0 0.02181570 -11.6363 0.1257 78.8198
 0 0.02132980 -11.6363 0.1257 78.8198
 0 0.02130470 -11.6363 0.1257 78.8198
 0 0.01978580 -11.6363 0.1257 78.8198
 0 0.02021290 -11.6363 0.1257 78.8198
 0 0.01854640 -11.6363 0.1257 78.8198
 0 0.02060660 -11.6363 0.1257 78.8198
 0 0.02042240 -11.6363 0.1257 78.8198
 0 0.02240130 -11.6363 0.1257 78.8198
 0 0.01928310 -11.6363 0.1257 78.8198
 0 0.02158230 -11.6363 0.1257 78.8198
 0 0.02261450 -11.6363 0.1257 78.8198
 0 0.02111050 -11.6363 0.1257 78.8198
 0 0.02153890 -11.6363 0.1257 78.8198
 0 0.02256810 -11.6363 0.1257 78.8198
 0 0.01884330 -11.6363 0.1257 78.8198
 0 0.01991990 -11.6363 0.1257 78.8198
 0 0.02210290 -11.6363 0.1257 78.8198
 0 0.02217180 -11.6363 0.1257 78.8198
 0 0.02052280 -11.6363 0.1257 78.8198
 0 0.01995260 -11.6363 0.1257 78.8198
 0 0.02014630 -11.6363 0.1257 78.8198
 0 0.02303930 -11.6363 0.1257 78.8198
 0 0.02090760 -11.6363 0.1257 78.8198
 0 0.02408310 -11.6363 0.1257 78.8198
 0 0.01889250 -11.6363 0.1257 78.8198
 0 0.01911020 -11.6363 0.1257 78.8198
 0 0.02210550 -11.6363 0.1257 78.8198
 0 0.01974480 -11.6363 0.1257 78.8198
 0 0.02055360 -11.6363 0.1257 78.8198
 0 0.02126370 -11.6363 0.1257 78.8198
 0 0.02306890 -11.6363 0.1257 78.8198
 0 0.02334780 -11.6363 0.1257 78.8198
 0 0.01937970 -11.6363 0.1257 78.8198
 0 0.02053710 -11.6363 0.1257 78.8198
 0 0.02032990 -11.6363 0.1257 78.8198
 0 0.02037290 -11.6363 0.1257 78.8198
 0 0.01984420 -11.6363 0.1257 78.8198
 0 0.01910950 -11.6363 0.1257 78.8198
 0 0.02148260 -11.6363 0.1257 78.8198
 0 0.02067040 -11.6363 0.1257 78.8198
 0 0.02262470 -11.6363 0.1257 78.8198
 0 0.02116910 -11.6363 0.1257 78.8198
 0 0.02290030 -11.6363 0.1257 78.8198
 0 0.02306070 -11.6363 0.1257 78.8198
 0 0.02139430 -11.6363 0.1257 78.8198
 0 0.02335290 -11.6363 0.1257 78.8198
 0 0.02162000 -11.6363 0.1257 78.8198
 0 0.02096160 -11.6363 0.1257 78.8198
 0 0.02173290 -11.6363 0.1257 78.8198
 0 0.02045120 -11.6363 0.1257 78.8198
 0 0.02145210 -11.6363 0.1257 78.8198
 0 0.02107580 -11.6363 0.1257 78.8198
 0 0.02072270 -11.6363 0.1257 78.8198
 0 0.02114580 -11.6363 0.1257 78.8198
 0 0.02431830 -11.6363 0.1257 78.8198
 0 0.02063890 -11.6363 0.1257 78.8198
 0 0.01835020 -11.6363 0.1257 78.8198
 0 0.02118070 -11.6363 0.1257 78.8198
 0 0.02090760 -11.6363 0.1257 78.8198
 0 0.02098670 -11.6363 0.1257 78.8198
 0 0.02042600 -11.6363 0.1257 78.8198
 0 0.02022000 -11.6363 0.1257 78.8198
 0 0.02142700 -11.6363 0.1257 78.8198
 0 0.02052530 -11.6363 0.1257 78.8198
 0 0.02261960 -11.6363 0.1257 78.8198
 0 0.01937200 -11.6363 0.1257 78.8198
 0 0.03809210 -11.6363 0.1257 78.8198
 0 0.01993920 -11.6363 0.1257 78.8198
 0 0.02027380 -11.6363 0.1257 78.8198
 0 0.02251460 -11.6363 0.1257 78.8198
 0 0.01965160 -11.6363 0.1257 78.8198
 0 0.02069800 -11.6363 0.1257 78.8198
 0 0.01979350 -11.6363 0.1257 78.8198
 0 0.02151310 -11.6363 0.1257 78.8198
 0 0.01841990 -11.6363 0.1257 78.8198
 0 0.02086850 -11.6363 0.1257 78.8198
 0 0.01985540 -11.6363 0.1257 78.8198
 0 0.02247240 -11.6363 0.1257 78.8198
 0 0.02111140 -11.6363 0.1257 78.8198
 0 0.02058580 -11.6363 0.1257 78.8198
 0 0.01938350 -11.6363 0.1257 78.8198
 0 0.01930740 -11.6363 0.1257 78.8198
 0 0.01936330 -11.6363 0.1257 78.8198
 0 0.01964820 -11.6363 0.1257 78.8198
 0 0.02108400 -11.6363 0.1257 78.8198
 0 0.02176380 -11.6363 0.1257 78.8198
 0 0.01998840 -11.6363 0.1257 78.8198
 0 0.02110830 -11.6363 0.1257 78.8198
 0 0.01950810 -11.6363 0.1257 78.8198
 0 0.02096560 -11.6363 0.1257 78.8198
 0 0.02003810 -11.6363 0.1257 78.8198
 0 0.02042260 -11.6363 0.1257 78.8198
 0 0.02100850 -11.6363 0.1257 78.8198
 0 0.02069370 -11.6363 0.1257 78.8198
 0 0.01815560 -11.6363 0.1257 78.8198
 0 0.01781800 -11.6363 0.1257 78.8198
 0 0.01916950 -11.6363 0.1257 78.8198
 0 0.01811770 -11.6363 0.1257 78.8198
 0 0.01905810 -11.6363 0.1257 78.8198
 0 0.01874480 -11.6363 0.1257 78.8198
 0 0.01946530 -11.6363 0.1257 78.8198
 0 0.01972610 -11.6363 0.1257 78.8198
 0 0.01828410 -11.6363 0.1257 78.8198
 0 0.01996300 -11.6363 0.1257 78.8198
 0 0.02019730 -11.6363 0.1257 78.8198
 0 0.02202480 -11.6363 0.1257 78.8198
 0 0.01963280 -11.6363 0.1257 78.8198
 0 0.01948460 -11.6363 0.1257 78.8198
 0 0.01956330 -11.6363 0.1257 78.8198
 0 0.02102060 -11.6363 0.1257 78.8198
 0 0.01861100 -11.6363 0.1257 78.8198
 0 0.01960200 -11.6363 0.1257 78.8198
 0 0.01855490 -11.6363 0.1257 78.8198
 0 0.01903000 -11.6363 0.1257 78.8198
 0 0.02076810 -11.6363 0.1257 78.8198
 0 0.01976210 -11.6363 0.1257 78.8198
 0 0.02221390 -11.6363 0.1257 78.8198
 0 0.02003790 -11.6363 0.1257 78.8198
 0 0.02036890 -11.6363 0.1257 78.8198
 0 0.01840200 -11.6363 0.1257 78.8198
 0 0.01849400 -11.6363 0.1257 78.8198
 0 0.02169080 -11.6363 0.1257 78.8198
 0 0.01954560 -11.6363 0.1257 78.8198
 0 0.01896230 -11.6363 0.1257 78.8198
 0 0.01764670 -11.6363 0.1257 78.8198
 0 0.01994450 -11.6363 0.1257 78.8198
 0 0.02215540 -11.6363 0.1257 78.8198
 0 0.01873190 -11.6363 0.1257 78.8198
 0 0.02052320 -11.6363 0.1257 78.8198
 0 0.01944400 -11.6363 0.1257 78.8198
 0 0.01898860 -11.6363 0.1257 78.8198
 0 0.01880760 -11.6363 0.1257 78.8198
 0 0.01935740 -11.6363 0.1257 78.8198
 0 0.01929330 -11.6363 0.1257 78.8198
 0 0.02052130 -11.6363 0.1257 78.8198
 0 0.01869420 -11.6363 0.1257 78.8198
 0 0.01966720 -11.6363 0.1257 78.8198
 0 0.02116100 -11.6363 0.1257 78.8198
 0 0.01927150 -11.6363 0.1257 78.8198
 0 0.01998370 -11.6363 0.1257 78.8198
 0 0.01820930 -11.6363 0.1257 78.8198
 0 0.01996440 -11.6363 0.1257 78.8198
 0 0.01930580 -11.6363 0.1257 78.8198
 0 0.02245710 -11.6363 0.1257 78.8198
 0 0.02320590 -11.6363 0.1257 78.8198
 0 0.02191930 -11.6363 0.1257 78.8198
 0 0.01931020 -11.6363 0.1257 78.8198
 0 0.02009120 -11.6363 0.1257 78.8198
 0 0.01921770 -11.6363 0.1257 78.8198
 0 0.02096970 -11.6363 0.1257 78.8198
 0 0.02149230 -11.6363 0.1257 78.8198
 0 0.02069630 -11.6363 0.1257 78.8198
 0 0.01928430 -11.6363 0.1257 78.8198
 0 0.01964090 -11.6363 0.1257 78.8198
 0 0.01916990 -11.6363 0.1257 78.8198
 0 0.01914610 -11.6363 0.1257 78.8198
 0 0.01990380 -11.6363 0.1257 78.8198
 0 0.02037670 -11.6363 0.1257 78.8198
 0 0.01971720 -11.6363 0.1257 78.8198
 0 0.01978540 -11.6363 0.1257 78.8198
 0 0.01925860 -11.6363 0.1257 78.8198
 0 0.01875810 -11.6363 0.1257 78.8198
 0 0.01892450 -11.6363 0.1257 78.8198
 0 0.01802510 -11.6363 0.1257 78.8198
 0 0.01873230 -11.6363 0.1257 78.8198
 0 0.01918370 -11.6363 0.1257 78.8198
 0 0.01962860 -11.6363 0.1257 78.8198
 0 0.01921000 -11.6363 0.1257 78.8198
 0 0.01840670 -11.6363 0.1257 78.8198
 0 0.01860610 -11.6363 0.1257 78.8198
 0 0.01781030 -11.6363 0.1257 78.8198
 0 0.01840180 -11.6363 0.1257 78.8198
 0 0.02264740 -11.6363 0.1257 78.8198
 0 0.02179700 -11.6363 0.1257 78.8198
 0 0.01988310 -11.6363 0.1257 78.8198
 0 0.02080090 -11.6363 0.1257 78.8198
 0 0.02038330 -11.6363 0.1257 78.8198
 0 0.02923780 -11.6363 0.1257 78.8198
 0 0.02563060 -11.6363 0.1257 78.8198
 0 0.02038080 -11.6363 0.1257 78.8198
 0 0.02212830 -11.6363 0.1257 78.8198
 0 0.02051390 -11.6363 0.1257 78.8198
 0 0.02545110 -11.6363 0.1257 78.8198
 0 0.02092840 -11.6363 0.1257 78.8198
 0 0.04481000 -11.6363 0.1257 78.8198
 0 0.01903710 -11.6363 0.1257 78.8198
 0 0.02115100 -11.6363 0.1257 78.8198
 0 0.02102560 -11.6363 0.1257 78.8198
 0 0.02150050 -11.6363 0.1257 78.8198
 0 0.01776590 -11.6363 0.1257 78.8198
 0 0.01811650 -11.6363 0.1257 78.8198
 0 0.02339550 -11.6363 0.1257 78.8198
 0 0.02188830 -11.6363 0.1257 78.8198
 0 0.02146670 -11.6363 0.1257 78.8198
 0 0.02056650 -11.6363 0.1257 78.8198
 0 0.02224490 -11.6363 0.1257 78.8198
 0 0.03533620 -11.6363 0.1257 78.8198
 0 0.02199950 -11.6363 0.1257 78.8198
 0 0.01927860 -11.6363 0.1257 78.8198
 0 0.02027760 -11.6363 0.1257 78.8198
 0 0.02097430 -11.6363 0.1257 78.8198
 0 0.02354720 -11.6363 0.1257 78.8198
 0 0.01832900 -11.6363 0.1257 78.8198
 0 0.02039740 -11.6363 0.1257 78.8198
 0 0.02105720 -11.6363 0.1257 78.8198
 0 0.02010820 -11.6363 0.1257 78.8198
 0 0.02894350 -11.6363 0.1257 78.8198
 0 0.04067250 -11.6363 0.1257 78.8198
 0 0.01743150 -11.6363 0.1257 78.8198
 0 0.02682590 -11.6363 0.1257 78.8198
 0 0.02102070 -11.6363 0.1257 78.8198
 0 0.01900060 -11.6363 0.1257 78.8198
 0 0.01994240 -11.6363 0.1257 78.8198
 0 0.01892890 -11.6363 0.1257 78.8198
 0 0.02076870 -11.6363 0.1257 78.8198
 0 0.01706690 -11.6363 0.1257 78.8198
 0 0.01696700 -11.6363 0.1257 78.8198
 0 0.01933870 -11.6363 0.1257 78.8198
 0 0.01807030 -11.6363 0.1257 78.8198
 0 0.01911570 -11.6363 0.1257 78.8198
 0 0.01949870 -11.6363 0.1257 78.8198
 0 0.02414850 -11.6363 0.1257 78.8198
 0 0.01992070 -11.6363 0.1257 78.8198
 0 0.33333330 -11.6363 0.1257 78.8198
 0 0.13490800 -11.6363 0.1257 78.8198
 0 0.04157910 -11.6363 0.1257 78.8198
 0 0.01912320 -11.6363 0.1257 78.8198
 0 0.03008310 -11.6363 0.1257 78.8198
 0 0.02127010 -11.6363 0.1257 78.8198
 0 0.01903900 -11.6363 0.1257 78.8198
 0 0.02486880 -11.6363 0.1257 78.8198
 0 0.01917870 -11.6363 0.1257 78.8198
 0 0.02241560 -11.6363 0.1257 78.8198
 0 0.02127410 -11.6363 0.1257 78.8198
 0 0.01992740 -11.6363 0.1257 78.8198
 0 0.02027840 -11.6363 0.1257 78.8198
 0 0.01894550 -11.6363 0.1257 78.8198
 0 0.01880260 -11.6363 0.1257 78.8198
 0 0.01797660 -11.6363 0.1257 78.8198
 0 0.01987930 -11.6363 0.1257 78.8198
 0 0.02018300 -11.6363 0.1257 78.8198
 0 0.02158130 -11.6363 0.1257 78.8198
 0 0.02096860 -11.6363 0.1257 78.8198
 0 0.01866800 -11.6363 0.1257 78.8198
 0 0.02110450 -11.6363 0.1257 78.8198
 0 0.02862890 -11.6363 0.1257 78.8198
 0 0.03595100 -11.6363 0.1257 78.8198
 0 0.02809460 -11.6363 0.1257 78.8198
 0 0.01944990 -11.6363 0.1257 78.8198
 0 0.01853760 -11.6363 0.1257 78.8198
 0 0.01938700 -11.6363 0.1257 78.8198
 0 0.01654450 -11.6363 0.1257 78.8198
 0 0.01682100 -11.6363 0.1257 78.8198
 0 0.01743170 -11.6363 0.1257 78.8198
 0 0.01718410 -11.6363 0.1257 78.8198
 0 0.01711200 -11.6363 0.1257 78.8198
 0 0.01913680 -11.6363 0.1257 78.8198
 0 0.01772550 -11.6363 0.1257 78.8198
 0 0.01780590 -11.6363 0.1257 78.8198
 0 0.01794790 -11.6363 0.1257 78.8198
 0 0.01636360 -11.6363 0.1257 78.8198
 0 0.01828510 -11.6363 0.1257 78.8198
 0 0.01996690 -11.6363 0.1257 78.8198
 0 0.03229530 -11.6363 0.1257 78.8198
 0 0.06726340 -11.6363 0.1257 78.8198
 0 0.05432680 -11.6363 0.1257 78.8198
 0 0.05794220 -11.6363 0.1257 78.8198
 0 0.02982060 -11.6363 0.1257 78.8198
 0 0.02399490 -11.6363 0.1257 78.8198
 0 0.03351250 -11.6363 0.1257 78.8198
 0 0.03504960 -11.6363 0.1257 78.8198
 0 0.02785920 -11.6363 0.1257 78.8198
 0 0.01730940 -11.6363 0.1257 78.8198
 0 0.01710440 -11.6363 0.1257 78.8198
 0 0.01778620 -11.6363 0.1257 78.8198
 0 0.01950400 -11.6363 0.1257 78.8198
 0 0.01799400 -11.6363 0.1257 78.8198
 0 0.01779790 -11.6363 0.1257 78.8198
 0 0.01713940 -11.6363 0.1257 78.8198
 0 0.03338370 -11.6363 0.1257 78.8198
 0 0.01758980 -11.6363 0.1257 78.8198
 0 0.01833640 -11.6363 0.1257 78.8198
 0 0.01898860 -11.6363 0.1257 78.8198
 0 0.01824900 -11.6363 0.1257 78.8198
 0 0.01988240 -11.6363 0.1257 78.8198
 0 0.01630560 -11.6363 0.1257 78.8198
 0 0.01789520 -11.6363 0.1257 78.8198
 0 0.01835770 -11.6363 0.1257 78.8198
 0 0.01866640 -11.6363 0.1257 78.8198
 0 0.01675770 -11.6363 0.1257 78.8198
 0 0.01811730 -11.6363 0.1257 78.8198
 0 0.01920900 -11.6363 0.1257 78.8198
 0 0.01737800 -11.6363 0.1257 78.8198
 0 0.04335210 -11.6363 0.1257 78.8198
 0 0.01970310 -11.6363 0.1257 78.8198
 0 0.01916290 -11.6363 0.1257 78.8198
 0 0.01737570 -11.6363 0.1257 78.8198
 0 0.01779160 -11.6363 0.1257 78.8198
 0 0.01822320 -11.6363 0.1257 78.8198
 0 0.01969280 -11.6363 0.1257 78.8198
 0 0.01786400 -11.6363 0.1257 78.8198
 0 0.01840210 -11.6363 0.1257 78.8198
 0 0.01930140 -11.6363 0.1257 78.8198
 0 0.01723610 -11.6363 0.1257 78.8198
 0 0.01836620 -11.6363 0.1257 78.8198
 0 0.02137420 -11.6363 0.1257 78.8198
 0 0.01927100 -11.6363 0.1257 78.8198
 0 0.03050290 -11.6363 0.1257 78.8198
 0 0.06389770 -11.6363 0.1257 78.8198
 0 0.06459880 -11.6363 0.1257 78.8198
 0 0.04487420 -11.6363 0.1257 78.8198
 0 0.02780980 -11.6363 0.1257 78.8198
 0 0.01765730 -11.6363 0.1257 78.8198
 0 0.01830170 -11.6363 0.1257 78.8198
 0 0.01825200 -11.6363 0.1257 78.8198
 0 0.01738720 -11.6363 0.1257 78.8198
 0 0.01933840 -11.6363 0.1257 78.8198
 0 0.01809320 -11.6363 0.1257 78.8198
 0 0.02020110 -11.6363 0.1257 78.8198
 0 0.01803380 -11.6363 0.1257 78.8198
 0 0.01708860 -11.6363 0.1257 78.8198
 0 0.01742510 -11.6363 0.1257 78.8198
 0 0.01894200 -11.6363 0.1257 78.8198
 0 0.01701970 -11.6363 0.1257 78.8198
 0 0.01758340 -11.6363 0.1257 78.8198
 0 0.01811710 -11.6363 0.1257 78.8198
 0 0.02023980 -11.6363 0.1257 78.8198
 0 0.01721460 -11.6363 0.1257 78.8198
 0 0.01965040 -11.6363 0.1257 78.8198
 0 0.02245130 -11.6363 0.1257 78.8198
 0 0.01971620 -11.6363 0.1257 78.8198
 0 0.03057060 -11.6363 0.1257 78.8198
 0 0.02140870 -11.6363 0.1257 78.8198
 0 0.02578530 -11.6363 0.1257 78.8198
 0 0.02300440 -11.6363 0.1257 78.8198
 0 0.01925770 -11.6363 0.1257 78.8198
 0 0.02051190 -11.6363 0.1257 78.8198
 0 0.01906690 -11.6363 0.1257 78.8198
 0 0.02365530 -11.6363 0.1257 78.8198
 0 0.02043000 -11.6363 0.1257 78.8198
 0 0.01946820 -11.6363 0.1257 78.8198
 0 0.03804680 -11.6363 0.1257 78.8198
 0 0.01928780 -11.6363 0.1257 78.8198
 0 0.01936090 -11.6363 0.1257 78.8198
 0 0.02071720 -11.6363 0.1257 78.8198
 0 0.02040720 -11.6363 0.1257 78.8198
 0 0.02239160 -11.6363 0.1257 78.8198
 0 0.02036310 -11.6363 0.1257 78.8198
 0 0.01971260 -11.6363 0.1257 78.8198
 0 0.02186110 -11.6363 0.1257 78.8198
 0 0.01891950 -11.6363 0.1257 78.8198
 0 0.02429360 -11.6363 0.1257 78.8198
 0 0.02174960 -11.6363 0.1257 78.8198
 0 0.01708700 -11.6363 0.1257 78.8198
 0 0.01981870 -11.6363 0.1257 78.8198
 0 0.01887000 -11.6363 0.1257 78.8198
 0 0.02808860 -11.6363 0.1257 78.8198
 0 0.02043160 -11.6363 0.1257 78.8198
 0 0.01787750 -11.6363 0.1257 78.8198
 0 0.01712430 -11.6363 0.1257 78.8198
 0 0.01919260 -11.6363 0.1257 78.8198
 0 0.01749470 -11.6363 0.1257 78.8198
 0 0.01802010 -11.6363 0.1257 78.8198
 0 0.02011370 -11.6363 0.1257 78.8198
 0 0.01824710 -11.6363 0.1257 78.8198
 0 0.02142300 -11.6363 0.1257 78.8198
 0 0.03041960 -11.6363 0.1257 78.8198
 0 0.02814160 -11.6363 0.1257 78.8198
 0 0.01854550 -11.6363 0.1257 78.8198
 0 0.01943780 -11.6363 0.1257 78.8198
 0 0.03279110 -11.6363 0.1257 78.8198
 0 0.01767000 -11.6363 0.1257 78.8198
 0 0.02088590 -11.6363 0.1257 78.8198
 0 0.01714830 -11.6363 0.1257 78.8198
 0 0.01709770 -11.6363 0.1257 78.8198
 0 0.01896180 -11.6363 0.1257 78.8198
 0 0.02611860 -11.6363 0.1257 78.8198
 0 0.01939580 -11.6363 0.1257 78.8198
 0 0.01669620 -11.6363 0.1257 78.8198
 0 0.01807950 -11.6363 0.1257 78.8198
 0 0.01980050 -11.6363 0.1257 78.8198
 0 0.01735990 -11.6363 0.1257 78.8198
 0 0.01799400 -11.6363 0.1257 78.8198
 0 0.01724730 -11.6363 0.1257 78.8198
 0 0.01751420 -11.6363 0.1257 78.8198
 0 0.02112760 -11.6363 0.1257 78.8198
 0 0.01945280 -11.6363 0.1257 78.8198
 0 0.02089600 -11.6363 0.1257 78.8198
 0 0.01948880 -11.6363 0.1257 78.8198
 0 0.01783150 -11.6363 0.1257 78.8198
 0 0.01664350 -11.6363 0.1257 78.8198
 0 0.01841030 -11.6363 0.1257 78.8198
 0 0.02053430 -11.6363 0.1257 78.8198
 0 0.01956510 -11.6363 0.1257 78.8198
 0 0.01636220 -11.6363 0.1257 78.8198
 0 0.02099740 -11.6363 0.1257 78.8198
 0 0.02197020 -11.6363 0.1257 78.8198
 0 0.01911630 -11.6363 0.1257 78.8198
 0 0.02234620 -11.6363 0.1257 78.8198
 0 0.02008100 -11.6363 0.1257 78.8198
 0 0.02090570 -11.6363 0.1257 78.8198
 0 0.02477380 -11.6363 0.1257 78.8198
 0 0.01976060 -11.6363 0.1257 78.8198
 0 0.02152960 -11.6363 0.1257 78.8198
 0 0.02097880 -11.6363 0.1257 78.8198
 0 0.01851210 -11.6363 0.1257 78.8198
 0 0.01826650 -11.6363 0.1257 78.8198
 0 0.01765070 -11.6363 0.1257 78.8198
 0 0.02370640 -11.6363 0.1257 78.8198
 0 0.01992580 -11.6363 0.1257 78.8198
 0 0.05489440 -11.6363 0.1257 78.8198
 0 0.02380470 -11.6363 0.1257 78.8198
 0 0.01794990 -11.6363 0.1257 78.8198
 0 0.02194580 -11.6363 0.1257 78.8198
 0 0.03006950 -11.6363 0.1257 78.8198
 0 0.02080270 -11.6363 0.1257 78.8198
 0 0.02035260 -11.6363 0.1257 78.8198
 0 0.02084760 -11.6363 0.1257 78.8198
 0 0.02139680 -11.6363 0.1257 78.8198
 0 0.02147220 -11.6363 0.1257 78.8198
 0 0.02514260 -11.6363 0.1257 78.8198
 0 0.02069070 -11.6363 0.1257 78.8198
 0 0.02251580 -11.6363 0.1257 78.8198
 0 0.02079050 -11.6363 0.1257 78.8198
 0 0.01847640 -11.6363 0.1257 78.8198
 0 0.01896950 -11.6363 0.1257 78.8198
 0 0.02633320 -11.6363 0.1257 78.8198
 0 0.02106910 -11.6363 0.1257 78.8198
 0 0.01728190 -11.6363 0.1257 78.8198
 0 0.02352530 -11.6363 0.1257 78.8198
 0 0.01925360 -11.6363 0.1257 78.8198
 0 0.01828010 -11.6363 0.1257 78.8198
 0 0.01986500 -11.6363 0.1257 78.8198
 0 0.01928820 -11.6363 0.1257 78.8198
 0 0.02117960 -11.6363 0.1257 78.8198
 0 0.02005330 -11.6363 0.1257 78.8198
 0 0.02197750 -11.6363 0.1257 78.8198
 0 0.02562180 -11.6363 0.1257 78.8198
 0 0.01935430 -11.6363 0.1257 78.8198
 0 0.02090290 -11.6363 0.1257 78.8198
 0 0.02397520 -11.6363 0.1257 78.8198
 0 0.01932260 -11.6363 0.1257 78.8198
 0 0.02122650 -11.6363 0.1257 78.8198
 0 0.02010200 -11.6363 0.1257 78.8198
 0 0.02045530 -11.6363 0.1257 78.8198
 0 0.02179830 -11.6363 0.1257 78.8198
 0 0.02162340 -11.6363 0.1257 78.8198
 0 0.01928090 -11.6363 0.1257 78.8198
 0 0.01840250 -11.6363 0.1257 78.8198
 0 0.02468920 -11.6363 0.1257 78.8198
 0 0.02675480 -11.6363 0.1257 78.8198
 0 0.02046560 -11.6363 0.1257 78.8198
 0 0.02059980 -11.6363 0.1257 78.8198
 0 0.02112480 -11.6363 0.1257 78.8198
 0 0.02122700 -11.6363 0.1257 78.8198
 0 0.03616390 -11.6363 0.1257 78.8198
 0 0.01824750 -11.6363 0.1257 78.8198
 0 0.01659680 -11.6363 0.1257 78.8198
 0 0.01837410 -11.6363 0.1257 78.8198
 0 0.01914700 -11.6363 0.1257 78.8198
 0 0.01761780 -11.6363 0.1257 78.8198
 0 0.01759860 -11.6363 0.1257 78.8198
 0 0.01733890 -11.6363 0.1257 78.8198
 0 0.01973690 -11.6363 0.1257 78.8198
 0 0.02169590 -11.6363 0.1257 78.8198
 0 0.02131410 -11.6363 0.1257 78.8198
 0 0.02096650 -11.6363 0.1257 78.8198
 0 0.01981550 -11.6363 0.1257 78.8198
 0 0.01989340 -11.6363 0.1257 78.8198
 0 0.01833220 -11.6363 0.1257 78.8198
 0 0.02145070 -11.6363 0.1257 78.8198
 0 0.02196680 -11.6363 0.1257 78.8198
 0 0.02130220 -11.6363 0.1257 78.8198
 0 0.01722750 -11.6363 0.1257 78.8198
 0 0.02178060 -11.6363 0.1257 78.8198
 0 0.02047280 -11.6363 0.1257 78.8198
 0 0.03340840 -11.6363 0.1257 78.8198
 0 0.01921130 -11.6363 0.1257 78.8198
 0 0.02131560 -11.6363 0.1257 78.8198
 0 0.02092330 -11.6363 0.1257 78.8198
 0 0.02028760 -11.6363 0.1257 78.8198
 0 0.02408200 -11.6363 0.1257 78.8198
 0 0.02012500 -11.6363 0.1257 78.8198
 0 0.02214900 -11.6363 0.1257 78.8198
 0 0.02017140 -11.6363 0.1257 78.8198
 0 0.02021650 -11.6363 0.1257 78.8198
 0 0.02738720 -11.6363 0.1257 78.8198
 0 0.01895660 -11.6363 0.1257 78.8198
 0 0.02181020 -11.6363 0.1257 78.8198
 0 0.02048010 -11.6363 0.1257 78.8198
 0 0.02093320 -11.6363 0.1257 78.8198
 0 0.02401410 -11.6363 0.1257 78.8198
 0 0.02016420 -11.6363 0.1257 78.8198
 0 0.02425010 -11.6363 0.1257 78.8198
 0 0.02204700 -11.6363 0.1257 78.8198
 0 0.02095110 -11.6363 0.1257 78.8198
 0 0.02351120 -11.6363 0.1257 78.8198
 0 0.02040050 -11.6363 0.1257 78.8198
 0 0.02147170 -11.6363 0.1257 78.8198
 0 0.01981400 -11.6363 0.1257 78.8198
 0 0.01913610 -11.6363 0.1257 78.8198
 0 0.03155410 -11.6363 0.1257 78.8198
 0 0.01807040 -11.6363 0.1257 78.8198
 0 0.02010540 -11.6363 0.1257 78.8198
 0 0.01696720 -11.6363 0.1257 78.8198
 0 0.02024680 -11.6363 0.1257 78.8198
 0 0.02168650 -11.6363 0.1257 78.8198
 0 0.01849660 -11.6363 0.1257 78.8198
 0 0.02028050 -11.6363 0.1257 78.8198
 0 0.02224770 -11.6363 0.1257 78.8198
 0 0.01821230 -11.6363 0.1257 78.8198
 0 0.01756030 -11.6363 0.1257 78.8198
 0 0.02356360 -11.6363 0.1257 78.8198
 0 0.01797030 -11.6363 0.1257 78.8198
 0 0.01765800 -11.6363 0.1257 78.8198
 0 0.01813110 -11.6363 0.1257 78.8198
 0 0.01883020 -11.6363 0.1257 78.8198
 0 0.02125620 -11.6363 0.1257 78.8198
 0 0.01912310 -11.6363 0.1257 78.8198
 0 0.02041140 -11.6363 0.1257 78.8198
 0 0.02141350 -11.6363 0.1257 78.8198
 0 0.02042700 -11.6363 0.1257 78.8198
 0 0.02219630 -11.6363 0.1257 78.8198
 0 0.02289510 -11.6363 0.1257 78.8198
 0 0.01951160 -11.6363 0.1257 78.8198
 0 0.02226090 -11.6363 0.1257 78.8198
 0 0.01994460 -11.6363 0.1257 78.8198
 0 0.01998040 -11.6363 0.1257 78.8198
 0 0.02033070 -11.6363 0.1257 78.8198
 0 0.01870340 -11.6363 0.1257 78.8198
 0 0.01781270 -11.6363 0.1257 78.8198
 0 0.01734470 -11.6363 0.1257 78.8198
 0 0.01788600 -11.6363 0.1257 78.8198
 0 0.07262990 -11.6363 0.1257 78.8198
 0 0.02232060 -11.6363 0.1257 78.8198
 0 0.02055400 -11.6363 0.1257 78.8198
 0 0.01870750 -11.6363 0.1257 78.8198
 0 0.01950570 -11.6363 0.1257 78.8198
 0 0.01913030 -11.6363 0.1257 78.8198
 0 0.02236030 -11.6363 0.1257 78.8198
 0 0.02153090 -11.6363 0.1257 78.8198
 0 0.02646390 -11.6363 0.1257 78.8198
 0 0.02128880 -11.6363 0.1257 78.8198
 0 0.01890880 -11.6363 0.1257 78.8198
 0 0.01963990 -11.6363 0.1257 78.8198
 0 0.02233970 -11.6363 0.1257 78.8198
 0 0.02227520 -11.6363 0.1257 78.8198
 0 0.02735620 -11.6363 0.1257 78.8198
 0 0.01844510 -11.6363 0.1257 78.8198
 0 0.01833480 -11.6363 0.1257 78.8198
 0 0.01994120 -11.6363 0.1257 78.8198
 0 0.01633640 -11.6363 0.1257 78.8198
 0 0.03947860 -11.6363 0.1257 78.8198
 0 0.02581450 -11.6363 0.1257 78.8198
 0 0.02004510 -11.6363 0.1257 78.8198
 0 0.02228590 -11.6363 0.1257 78.8198
 0 0.02041320 -11.6363 0.1257 78.8198
 0 0.01899220 -11.6363 0.1257 78.8198
 0 0.01661540 -11.6363 0.1257 78.8198
 0 0.01686480 -11.6363 0.1257 78.8198
 0 0.01949800 -11.6363 0.1257 78.8198
 0 0.01775860 -11.6363 0.1257 78.8198
 0 0.01845590 -11.6363 0.1257 78.8198
 0 0.02321770 -11.6363 0.1257 78.8198
 0 0.02088620 -11.6363 0.1257 78.8198
 0 0.02020930 -11.6363 0.1257 78.8198
 0 0.02106910 -11.6363 0.1257 78.8198
 0 0.02327320 -11.6363 0.1257 78.8198
 0 0.02058880 -11.6363 0.1257 78.8198
 0 0.03988040 -11.6363 0.1257 78.8198
 0 0.02156630 -11.6363 0.1257 78.8198
 0 0.02072690 -11.6363 0.1257 78.8198
 0 0.03014690 -11.6363 0.1257 78.8198
 0 0.01842450 -11.6363 0.1257 78.8198
 0 0.02232620 -11.6363 0.1257 78.8198
 0 0.02508940 -11.6363 0.1257 78.8198
 0 0.01985920 -11.6363 0.1257 78.8198
 0 0.01805210 -11.6363 0.1257 78.8198
 0 0.01807500 -11.6363 0.1257 78.8198
 0 0.02018430 -11.6363 0.1257 78.8198
 0 0.01976310 -11.6363 0.1257 78.8198
 0 0.01789410 -11.6363 0.1257 78.8198
 0 0.01824550 -11.6363 0.1257 78.8198
 0 0.01817650 -11.6363 0.1257 78.8198
 0 0.01642570 -11.6363 0.1257 78.8198
 0 0.01839510 -11.6363 0.1257 78.8198
 0 0.02103710 -11.6363 0.1257 78.8198
 0 0.01916930 -11.6363 0.1257 78.8198
 0 0.02417770 -11.6363 0.1257 78.8198
 0 0.02577820 -11.6363 0.1257 78.8198
 0 0.03032930 -11.6363 0.1257 78.8198
 0 0.01938980 -11.6363 0.1257 78.8198
 0 0.01745370 -11.6363 0.1257 78.8198
 0 0.01808010 -11.6363 0.1257 78.8198
 0 0.01708490 -11.6363 0.1257 78.8198
 0 0.01879230 -11.6363 0.1257 78.8198
 0 0.01826290 -11.6363 0.1257 78.8198
 0 0.01780210 -11.6363 0.1257 78.8198
 0 0.01737320 -11.6363 0.1257 78.8198
 0 0.01861900 -11.6363 0.1257 78.8198
 0 0.33333330 -11.6363 0.1257 78.8198
 0 0.06547170 -11.6363 0.1257 78.8198
 0 0.03210200 -11.6363 0.1257 78.8198
 0 0.02452320 -11.6363 0.1257 78.8198
 0 0.01941840 -11.6363 0.1257 78.8198
 0 0.02008830 -11.6363 0.1257 78.8198
 0 0.01907150 -11.6363 0.1257 78.8198
 0 0.02057040 -11.6363 0.1257 78.8198
 0 0.01904710 -11.6363 0.1257 78.8198
 0 0.01879210 -11.6363 0.1257 78.8198
 0 0.02973540 -11.6363 0.1257 78.8198
 0 0.01968240 -11.6363 0.1257 78.8198
 0 0.02769390 -11.6363 0.1257 78.8198
 0 0.02161000 -11.6363 0.1257 78.8198
 0 0.05449440 -11.6363 0.1257 78.8198
 0 0.02730090 -11.6363 0.1257 78.8198
 0 0.01724750 -11.6363 0.1257 78.8198
 0 0.01978030 -11.6363 0.1257 78.8198
 0 0.02225130 -11.6363 0.1257 78.8198
 0 0.02346630 -11.6363 0.1257 78.8198
 0 0.02357040 -11.6363 0.1257 78.8198
 0 0.02393790 -11.6363 0.1257 78.8198
 0 0.02464270 -11.6363 0.1257 78.8198
 0 0.02192740 -11.6363 0.1257 78.8198
 0 0.01985630 -11.6363 0.1257 78.8198
 0 0.02234770 -11.6363 0.1257 78.8198
 0 0.02265900 -11.6363 0.1257 78.8198
 0 0.01851970 -11.6363 0.1257 78.8198
 0 0.01980250 -11.6363 0.1257 78.8198
 0 0.01832520 -11.6363 0.1257 78.8198
 0 0.02070930 -11.6363 0.1257 78.8198
 0 0.01708390 -11.6363 0.1257 78.8198
 0 0.01871280 -11.6363 0.1257 78.8198
 0 0.02032890 -11.6363 0.1257 78.8198
 0 0.01713480 -11.6363 0.1257 78.8198
 0 0.01621020 -11.6363 0.1257 78.8198
 0 0.01758140 -11.6363 0.1257 78.8198
 0 0.01873660 -11.6363 0.1257 78.8198
 0 0.01842380 -11.6363 0.1257 78.8198
 0 0.01814830 -11.6363 0.1257 78.8198
 0 0.02051500 -11.6363 0.1257 78.8198
 0 0.01743430 -11.6363 0.1257 78.8198
 0 0.05376680 -11.6363 0.1257 78.8198
 0 0.03168370 -11.6363 0.1257 78.8198
 0 0.02107730 -11.6363 0.1257 78.8198
 0 0.01716560 -11.6363 0.1257 78.8198
 0 0.01844650 -11.6363 0.1257 78.8198
 0 0.01875010 -11.6363 0.1257 78.8198
 0 0.01672520 -11.6363 0.1257 78.8198
 0 0.01766150 -11.6363 0.1257 78.8198
 0 0.01822010 -11.6363 0.1257 78.8198
 0 0.02020320 -11.6363 0.1257 78.8198
 0 0.02064490 -11.6363 0.1257 78.8198
 0 0.02456400 -11.6363 0.1257 78.8198
 0 0.02948780 -11.6363 0.1257 78.8198
 0 0.02166640 -11.6363 0.1257 78.8198
 0 0.01922350 -11.6363 0.1257 78.8198
 0 0.01830870 -11.6363 0.1257 78.8198
 0 0.01740730 -11.6363 0.1257 78.8198
 0 0.01790950 -11.6363 0.1257 78.8198
 0 0.02024200 -11.6363 0.1257 78.8198
 0 0.01984930 -11.6363 0.1257 78.8198
 0 0.01831980 -11.6363 0.1257 78.8198
 0 0.01580150 -11.6363 0.1257 78.8198
 0 0.01642870 -11.6363 0.1257 78.8198
 0 0.01976830 -11.6363 0.1257 78.8198
 0 0.02221790 -11.6363 0.1257 78.8198
 0 0.02246190 -11.6363 0.1257 78.8198
 0 0.02145510 -11.6363 0.1257 78.8198
 0 0.02096270 -11.6363 0.1257 78.8198
 0 0.02006570 -11.6363 0.1257 78.8198
 0 0.02184740 -11.6363 0.1257 78.8198
 0 0.02013480 -11.6363 0.1257 78.8198
 0 0.03150290 -11.6363 0.1257 78.8198
 0 0.04487680 -11.6363 0.1257 78.8198
 0 0.02253050 -11.6363 0.1257 78.8198
 0 0.01964150 -11.6363 0.1257 78.8198
 0 0.02037380 -11.6363 0.1257 78.8198
 0 0.01759580 -11.6363 0.1257 78.8198
 0 0.01870100 -11.6363 0.1257 78.8198
 0 0.01751110 -11.6363 0.1257 78.8198
 0 0.01782430 -11.6363 0.1257 78.8198
 0 0.01687180 -11.6363 0.1257 78.8198
 0 0.01621000 -11.6363 0.1257 78.8198
 0 0.01881070 -11.6363 0.1257 78.8198
 0 0.01859540 -11.6363 0.1257 78.8198
 0 0.01767790 -11.6363 0.1257 78.8198
 0 0.01629430 -11.6363 0.1257 78.8198
 0 0.02071980 -11.6363 0.1257 78.8198
 0 0.02218340 -11.6363 0.1257 78.8198
 0 0.02072850 -11.6363 0.1257 78.8198
 0 0.02863060 -11.6363 0.1257 78.8198
 0 0.02332560 -11.6363 0.1257 78.8198
 0 0.02617060 -11.6363 0.1257 78.8198
 0 0.02474800 -11.6363 0.1257 78.8198
 0 0.02697980 -11.6363 0.1257 78.8198
 0 0.02339070 -11.6363 0.1257 78.8198
 0 0.02322030 -11.6363 0.1257 78.8198
 0 0.02353800 -11.6363 0.1257 78.8198
 0 0.02186570 -11.6363 0.1257 78.8198
 0 0.02082430 -11.6363 0.1257 78.8198
 0 0.01825350 -11.6363 0.1257 78.8198
 0 0.02822390 -11.6363 0.1257 78.8198
 0 0.01700920 -11.6363 0.1257 78.8198
 0 0.01719620 -11.6363 0.1257 78.8198
 0 0.01728630 -11.6363 0.1257 78.8198
 0 0.01809430 -11.6363 0.1257 78.8198
 0 0.01757690 -11.6363 0.1257 78.8198
 0 0.01803430 -11.6363 0.1257 78.8198
 0 0.01792250 -11.6363 0.1257 78.8198
 0 0.01833670 -11.6363 0.1257 78.8198
 0 0.01842130 -11.6363 0.1257 78.8198
 0 0.01821530 -11.6363 0.1257 78.8198
 0 0.01819260 -11.6363 0.1257 78.8198
 0 0.01831150 -11.6363 0.1257 78.8198
 0 0.01595390 -11.6363 0.1257 78.8198
 0 0.01609520 -11.6363 0.1257 78.8198
 0 0.01637600 -11.6363 0.1257 78.8198
 0 0.01990100 -11.6363 0.1257 78.8198
 0 0.01742100 -11.6363 0.1257 78.8198
 0 0.01898250 -11.6363 0.1257 78.8198
 0 0.01884570 -11.6363 0.1257 78.8198
 0 0.01908540 -11.6363 0.1257 78.8198
 0 0.01929330 -11.6363 0.1257 78.8198
 0 0.02068430 -11.6363 0.1257 78.8198
 0 0.01630120 -11.6363 0.1257 78.8198
 0 0.01753390 -11.6363 0.1257 78.8198
 0 0.01467890 -11.6363 0.1257 78.8198
 0 0.01918730 -11.6363 0.1257 78.8198
 0 0.02036190 -11.6363 0.1257 78.8198
 0 0.02328720 -11.6363 0.1257 78.8198
 0 0.02207320 -11.6363 0.1257 78.8198
 0 0.02180060 -11.6363 0.1257 78.8198
 0 0.02373090 -11.6363 0.1257 78.8198
 0 0.02485440 -11.6363 0.1257 78.8198
 0 0.02236500 -11.6363 0.1257 78.8198
 0 0.02370220 -11.6363 0.1257 78.8198
 0 0.01707590 -11.6363 0.1257 78.8198
 0 0.02126480 -11.6363 0.1257 78.8198
 0 0.01853340 -11.6363 0.1257 78.8198
 0 0.01745030 -11.6363 0.1257 78.8198
 0 0.01813430 -11.6363 0.1257 78.8198
 0 0.01913660 -11.6363 0.1257 78.8198
 0 0.01995200 -11.6363 0.1257 78.8198
 0 0.01924810 -11.6363 0.1257 78.8198
 0 0.01617400 -11.6363 0.1257 78.8198
 0 0.01745520 -11.6363 0.1257 78.8198
 0 0.01562980 -11.6363 0.1257 78.8198
 0 0.01659410 -11.6363 0.1257 78.8198
 0 0.01780590 -11.6363 0.1257 78.8198
 0 0.01891640 -11.6363 0.1257 78.8198
 0 0.01865970 -11.6363 0.1257 78.8198
 0 0.01777490 -11.6363 0.1257 78.8198
 0 0.01797590 -11.6363 0.1257 78.8198
 0 0.01662120 -11.6363 0.1257 78.8198
 0 0.01795410 -11.6363 0.1257 78.8198
 0 0.02028720 -11.6363 0.1257 78.8198
 0 0.02018880 -11.6363 0.1257 78.8198
 0 0.01839430 -11.6363 0.1257 78.8198
 0 0.01718420 -11.6363 0.1257 78.8198
 0 0.01756680 -11.6363 0.1257 78.8198
 0 0.02111250 -11.6363 0.1257 78.8198
 0 0.02132970 -11.6363 0.1257 78.8198
 0 0.02011020 -11.6363 0.1257 78.8198
 0 0.02049620 -11.6363 0.1257 78.8198
 0 0.02222930 -11.6363 0.1257 78.8198
 0 0.02113400 -11.6363 0.1257 78.8198
 0 0.01908860 -11.6363 0.1257 78.8198
 0 0.02028270 -11.6363 0.1257 78.8198
 0 0.02135460 -11.6363 0.1257 78.8198
 0 0.02019530 -11.6363 0.1257 78.8198
 0 0.01751650 -11.6363 0.1257 78.8198
 0 0.02142640 -11.6363 0.1257 78.8198
 0 0.02378140 -11.6363 0.1257 78.8198
 0 0.02255850 -11.6363 0.1257 78.8198
 0 0.01902480 -11.6363 0.1257 78.8198
 0 0.01930650 -11.6363 0.1257 78.8198
 0 0.01961070 -11.6363 0.1257 78.8198
 0 0.01805700 -11.6363 0.1257 78.8198
 0 0.01772780 -11.6363 0.1257 78.8198
 0 0.01770230 -11.6363 0.1257 78.8198
 0 0.01690430 -11.6363 0.1257 78.8198
 0 0.01872570 -11.6363 0.1257 78.8198
 0 0.01579800 -11.6363 0.1257 78.8198
 0 0.01699090 -11.6363 0.1257 78.8198
 0 0.01816080 -11.6363 0.1257 78.8198
 0 0.01787340 -11.6363 0.1257 78.8198
 0 0.01845610 -11.6363 0.1257 78.8198
 0 0.01729500 -11.6363 0.1257 78.8198
 0 0.01769840 -11.6363 0.1257 78.8198
 0 0.01958500 -11.6363 0.1257 78.8198
 0 0.01965480 -11.6363 0.1257 78.8198
 0 0.02109480 -11.6363 0.1257 78.8198
 0 0.01671540 -11.6363 0.1257 78.8198
 0 0.01920580 -11.6363 0.1257 78.8198
 0 0.04736290 -11.6363 0.1257 78.8198
 0 0.02254550 -11.6363 0.1257 78.8198
 0 0.02460480 -11.6363 0.1257 78.8198
 0 0.02562140 -11.6363 0.1257 78.8198
 0 0.01982380 -11.6363 0.1257 78.8198
 0 0.01930390 -11.6363 0.1257 78.8198
 0 0.02173650 -11.6363 0.1257 78.8198
 0 0.02063100 -11.6363 0.1257 78.8198
 0 0.01969180 -11.6363 0.1257 78.8198
 0 0.01724720 -11.6363 0.1257 78.8198
 0 0.02078490 -11.6363 0.1257 78.8198
 0 0.01936010 -11.6363 0.1257 78.8198
 0 0.02112620 -11.6363 0.1257 78.8198
 0 0.02242500 -11.6363 0.1257 78.8198
 0 0.02088010 -11.6363 0.1257 78.8198
 0 0.01983360 -11.6363 0.1257 78.8198
 0 0.01959860 -11.6363 0.1257 78.8198
 0 0.02004290 -11.6363 0.1257 78.8198
 0 0.01857720 -11.6363 0.1257 78.8198
 0 0.01843480 -11.6363 0.1257 78.8198
 0 0.01844560 -11.6363 0.1257 78.8198
 0 0.01826890 -11.6363 0.1257 78.8198
 0 0.01652500 -11.6363 0.1257 78.8198
 0 0.02061860 -11.6363 0.1257 78.8198
 0 0.01849930 -11.6363 0.1257 78.8198
 0 0.01950150 -11.6363 0.1257 78.8198
 0 0.01632920 -11.6363 0.1257 78.8198
 0 0.01832810 -11.6363 0.1257 78.8198
 0 0.02031970 -11.6363 0.1257 78.8198
 0 0.01963410 -11.6363 0.1257 78.8198
 0 0.01910500 -11.6363 0.1257 78.8198
 0 0.02036500 -11.6363 0.1257 78.8198
 0 0.01840770 -11.6363 0.1257 78.8198
 0 0.02139470 -11.6363 0.1257 78.8198
 0 0.02667770 -11.6363 0.1257 78.8198
 0 0.01969520 -11.6363 0.1257 78.8198
 0 0.02024300 -11.6363 0.1257 78.8198
 0 0.02079020 -11.6363 0.1257 78.8198
 0 0.02357130 -11.6363 0.1257 78.8198
 0 0.02022280 -11.6363 0.1257 78.8198
 0 0.02320950 -11.6363 0.1257 78.8198
 0 0.01973830 -11.6363 0.1257 78.8198
 0 0.02004930 -11.6363 0.1257 78.8198
 0 0.01938170 -11.6363 0.1257 78.8198
 0 0.01719890 -11.6363 0.1257 78.8198
 0 0.01872670 -11.6363 0.1257 78.8198
 0 0.01690410 -11.6363 0.1257 78.8198
 0 0.01677430 -11.6363 0.1257 78.8198
 0 0.01778850 -11.6363 0.1257 78.8198
 0 0.02235750 -11.6363 0.1257 78.8198
 0 0.02217740 -11.6363 0.1257 78.8198
 0 0.01830230 -11.6363 0.1257 78.8198
 0 0.01413820 -11.6363 0.1257 78.8198
 0 0.01787130 -11.6363 0.1257 78.8198
 0 0.01762810 -11.6363 0.1257 78.8198
 0 0.01890270 -11.6363 0.1257 78.8198
 0 0.01864910 -11.6363 0.1257 78.8198
 0 0.02114050 -11.6363 0.1257 78.8198
 0 0.01674620 -11.6363 0.1257 78.8198
 0 0.01867230 -11.6363 0.1257 78.8198
 0 0.01715690 -11.6363 0.1257 78.8198
 0 0.01805430 -11.6363 0.1257 78.8198
 0 0.01779350 -11.6363 0.1257 78.8198
 0 0.01755710 -11.6363 0.1257 78.8198
 0 0.01666230 -11.6363 0.1257 78.8198
 0 0.01869960 -11.6363 0.1257 78.8198
 0 0.02032440 -11.6363 0.1257 78.8198
 0 0.01802270 -11.6363 0.1257 78.8198
 0 0.01959670 -11.6363 0.1257 78.8198
 0 0.01645720 -11.6363 0.1257 78.8198
 0 0.01970080 -11.6363 0.1257 78.8198
 0 0.01651950 -11.6363 0.1257 78.8198
 0 0.01675310 -11.6363 0.1257 78.8198
 0 0.01839460 -11.6363 0.1257 78.8198
 0 0.01806190 -11.6363 0.1257 78.8198
 0 0.01644930 -11.6363 0.1257 78.8198
 0 0.01921850 -11.6363 0.1257 78.8198
 0 0.01733100 -11.6363 0.1257 78.8198
 0 0.01772900 -11.6363 0.1257 78.8198
 0 0.01627300 -11.6363 0.1257 78.8198
 0 0.01925740 -11.6363 0.1257 78.8198
 0 0.01869730 -11.6363 0.1257 78.8198
 0 0.02357140 -11.6363 0.1257 78.8198
 0 0.01905350 -11.6363 0.1257 78.8198
 0 0.02347360 -11.6363 0.1257 78.8198
 0 0.01958640 -11.6363 0.1257 78.8198
 0 0.01936270 -11.6363 0.1257 78.8198
 0 0.01739930 -11.6363 0.1257 78.8198
 0 0.01687780 -11.6363 0.1257 78.8198
 0 0.01829340 -11.6363 0.1257 78.8198
 0 0.02008920 -11.6363 0.1257 78.8198
 0 0.02038550 -11.6363 0.1257 78.8198
 0 0.01851900 -11.6363 0.1257 78.8198
 0 0.01743640 -11.6363 0.1257 78.8198
 0 0.01810630 -11.6363 0.1257 78.8198
 0 0.01659540 -11.6363 0.1257 78.8198
 0 0.01711520 -11.6363 0.1257 78.8198
 0 0.01941980 -11.6363 0.1257 78.8198
 0 0.01880280 -11.6363 0.1257 78.8198
 0 0.01905070 -11.6363 0.1257 78.8198
 0 0.01789940 -11.6363 0.1257 78.8198
 0 0.01672860 -11.6363 0.1257 78.8198
 0 0.01710320 -11.6363 0.1257 78.8198
 0 0.01793750 -11.6363 0.1257 78.8198
 0 0.01967880 -11.6363 0.1257 78.8198
 0 0.01879400 -11.6363 0.1257 78.8198
 0 0.01696020 -11.6363 0.1257 78.8198
 0 0.01905890 -11.6363 0.1257 78.8198
 0 0.02160150 -11.6363 0.1257 78.8198
 0 0.01977850 -11.6363 0.1257 78.8198
 0 0.01768520 -11.6363 0.1257 78.8198
 0 0.01681220 -11.6363 0.1257 78.8198
 0 0.01786610 -11.6363 0.1257 78.8198
 0 0.01743130 -11.6363 0.1257 78.8198
 0 0.01872830 -11.6363 0.1257 78.8198
 0 0.02001290 -11.6363 0.1257 78.8198
 0 0.02208210 -11.6363 0.1257 78.8198
 0 0.02010420 -11.6363 0.1257 78.8198
 0 0.01717590 -11.6363 0.1257 78.8198
 0 0.01717910 -11.6363 0.1257 78.8198
 0 0.01792220 -11.6363 0.1257 78.8198
 0 0.02098050 -11.6363 0.1257 78.8198
 0 0.01874390 -11.6363 0.1257 78.8198
 0 0.01635660 -11.6363 0.1257 78.8198
 0 0.01725540 -11.6363 0.1257 78.8198
 0 0.01940100 -11.6363 0.1257 78.8198
 0 0.02032460 -11.6363 0.1257 78.8198
 0 0.02577300 -11.6363 0.1257 78.8198
 0 0.02080890 -11.6363 0.1257 78.8198
 0 0.02258610 -11.6363 0.1257 78.8198
 0 0.02009720 -11.6363 0.1257 78.8198
 0 0.02117020 -11.6363 0.1257 78.8198
 0 0.02303150 -11.6363 0.1257 78.8198
 0 0.02057500 -11.6363 0.1257 78.8198
 0 0.01988970 -11.6363 0.1257 78.8198
 0 0.02122360 -11.6363 0.1257 78.8198
 0 0.02095310 -11.6363 0.1257 78.8198
 0 0.02152550 -11.6363 0.1257 78.8198
 0 0.01791250 -11.6363 0.1257 78.8198
 0 0.01904580 -11.6363 0.1257 78.8198
 0 0.02133710 -11.6363 0.1257 78.8198
 0 0.01871470 -11.6363 0.1257 78.8198
 0 0.01870170 -11.6363 0.1257 78.8198
 0 0.01695440 -11.6363 0.1257 78.8198
 0 0.01956670 -11.6363 0.1257 78.8198
 0 0.01755500 -11.6363 0.1257 78.8198
 0 0.01975570 -11.6363 0.1257 78.8198
 0 0.01874520 -11.6363 0.1257 78.8198
 0 0.01645280 -11.6363 0.1257 78.8198
 0 0.02009150 -11.6363 0.1257 78.8198
 0 0.01734450 -11.6363 0.1257 78.8198
 0 0.01643300 -11.6363 0.1257 78.8198
 0 0.01552570 -11.6363 0.1257 78.8198
 0 0.01785080 -11.6363 0.1257 78.8198
 0 0.01822570 -11.6363 0.1257 78.8198
 0 0.02008870 -11.6363 0.1257 78.8198
 0 0.01896280 -11.6363 0.1257 78.8198
 0 0.01939500 -11.6363 0.1257 78.8198
 0 0.01999230 -11.6363 0.1257 78.8198
 0 0.01927080 -11.6363 0.1257 78.8198
 0 0.01977290 -11.6363 0.1257 78.8198
 0 0.01808930 -11.6363 0.1257 78.8198
 0 0.01882660 -11.6363 0.1257 78.8198
 0 0.01689260 -11.6363 0.1257 78.8198
 0 0.01966580 -11.6363 0.1257 78.8198
 0 0.01657210 -11.6363 0.1257 78.8198
 0 0.01788090 -11.6363 0.1257 78.8198
 0 0.01905190 -11.6363 0.1257 78.8198
 0 0.01564000 -11.6363 0.1257 78.8198
 0 0.01921780 -11.6363 0.1257 78.8198
 0 0.01735730 -11.6363 0.1257 78.8198
 0 0.01788930 -11.6363 0.1257 78.8198
 0 0.01759650 -11.6363 0.1257 78.8198
 0 0.01744710 -11.6363 0.1257 78.8198
 0 0.01595380 -11.6363 0.1257 78.8198
 0 0.01815600 -11.6363 0.1257 78.8198
 0 0.01813830 -11.6363 0.1257 78.8198
 0 0.01576300 -11.6363 0.1257 78.8198
 0 0.01935240 -11.6363 0.1257 78.8198
 0 0.01925850 -11.6363 0.1257 78.8198
 0 0.01902420 -11.6363 0.1257 78.8198
 0 0.01956930 -11.6363 0.1257 78.8198
 0 0.02047790 -11.6363 0.1257 78.8198
 0 0.01877740 -11.6363 0.1257 78.8198
 0 0.02204730 -11.6363 0.1257 78.8198
 0 0.02038480 -11.6363 0.1257 78.8198
 0 0.01994640 -11.6363 0.1257 78.8198
 0 0.01854800 -11.6363 0.1257 78.8198
 0 0.01997340 -11.6363 0.1257 78.8198
 0 0.01863100 -11.6363 0.1257 78.8198
 0 0.01813500 -11.6363 0.1257 78.8198
 0 0.02110190 -11.6363 0.1257 78.8198
 0 0.02117700 -11.6363 0.1257 78.8198
 0 0.01773480 -11.6363 0.1257 78.8198
 0 0.01889180 -11.6363 0.1257 78.8198
 0 0.02061890 -11.6363 0.1257 78.8198
 0 0.01836780 -11.6363 0.1257 78.8198
 0 0.01831050 -11.6363 0.1257 78.8198
 0 0.02015590 -11.6363 0.1257 78.8198
 0 0.01886550 -11.6363 0.1257 78.8198
 0 0.02052240 -11.6363 0.1257 78.8198
 0 0.01889280 -11.6363 0.1257 78.8198
 0 0.02035020 -11.6363 0.1257 78.8198
 0 0.01991900 -11.6363 0.1257 78.8198
 0 0.01779730 -11.6363 0.1257 78.8198
 0 0.01896650 -11.6363 0.1257 78.8198
 0 0.01755460 -11.6363 0.1257 78.8198
 0 0.01920110 -11.6363 0.1257 78.8198
 0 0.02015310 -11.6363 0.1257 78.8198
 0 0.01891580 -11.6363 0.1257 78.8198
 0 0.01919990 -11.6363 0.1257 78.8198
 0 0.01799080 -11.6363 0.1257 78.8198
 0 0.01942100 -11.6363 0.1257 78.8198
 0 0.01814490 -11.6363 0.1257 78.8198
 0 0.01735880 -11.6363 0.1257 78.8198
 0 0.01800820 -11.6363 0.1257 78.8198
 0 0.01889130 -11.6363 0.1257 78.8198
 0 0.01899730 -11.6363 0.1257 78.8198
 0 0.01813490 -11.6363 0.1257 78.8198
 0 0.01977990 -11.6363 0.1257 78.8198
 0 0.01950460 -11.6363 0.1257 78.8198
 0 0.01965010 -11.6363 0.1257 78.8198
 0 0.01980780 -11.6363 0.1257 78.8198
 0 0.02507970 -11.6363 0.1257 78.8198
 0 0.01937270 -11.6363 0.1257 78.8198
 0 0.02042900 -11.6363 0.1257 78.8198
 0 0.02146350 -11.6363 0.1257 78.8198
 0 0.01973480 -11.6363 0.1257 78.8198
 0 0.01919670 -11.6363 0.1257 78.8198
 0 0.01866030 -11.6363 0.1257 78.8198
 0 0.01972630 -11.6363 0.1257 78.8198
 0 0.01811390 -11.6363 0.1257 78.8198
 0 0.01965540 -11.6363 0.1257 78.8198
 0 0.01996010 -11.6363 0.1257 78.8198
 0 0.01741720 -11.6363 0.1257 78.8198
 0 0.01929510 -11.6363 0.1257 78.8198
 0 0.02756340 -11.6363 0.1257 78.8198
 0 0.02785550 -11.6363 0.1257 78.8198
 0 0.02583620 -11.6363 0.1257 78.8198
 0 0.02355250 -11.6363 0.1257 78.8198
 0 0.02256100 -11.6363 0.1257 78.8198
 0 0.02049370 -11.6363 0.1257 78.8198
 0 0.02115180 -11.6363 0.1257 78.8198
 0 0.01778050 -11.6363 0.1257 78.8198
 0 0.01769810 -11.6363 0.1257 78.8198
 0 0.01840820 -11.6363 0.1257 78.8198
 0 0.02275740 -11.6363 0.1257 78.8198
 0 0.01756480 -11.6363 0.1257 78.8198
 0 0.02003130 -11.6363 0.1257 78.8198
 0 0.01769410 -11.6363 0.1257 78.8198
 0 0.01945470 -11.6363 0.1257 78.8198
 0 0.01670560 -11.6363 0.1257 78.8198
 0 0.02037640 -11.6363 0.1257 78.8198
 0 0.01736770 -11.6363 0.1257 78.8198
 0 0.01853440 -11.6363 0.1257 78.8198
 0 0.01947420 -11.6363 0.1257 78.8198
 0 0.02169760 -11.6363 0.1257 78.8198
 0 0.01783870 -11.6363 0.1257 78.8198
 0 0.01936660 -11.6363 0.1257 78.8198
 0 0.01721060 -11.6363 0.1257 78.8198
 0 0.01751890 -11.6363 0.1257 78.8198
 0 0.01666690 -11.6363 0.1257 78.8198
 0 0.01758180 -11.6363 0.1257 78.8198
 0 0.01925790 -11.6363 0.1257 78.8198
 0 0.01729700 -11.6363 0.1257 78.8198
 0 0.01643480 -11.6363 0.1257 78.8198
 0 0.01911860 -11.6363 0.1257 78.8198
 0 0.01533610 -11.6363 0.1257 78.8198
 0 0.01966370 -11.6363 0.1257 78.8198
 0 0.01924060 -11.6363 0.1257 78.8198
 0 0.02019720 -11.6363 0.1257 78.8198
 0 0.03935140 -11.6363 0.1257 78.8198
 0 0.02042310 -11.6363 0.1257 78.8198
 0 0.01638030 -11.6363 0.1257 78.8198
 0 0.01760700 -11.6363 0.1257 78.8198
 0 0.01686130 -11.6363 0.1257 78.8198
 0 0.01690880 -11.6363 0.1257 78.8198
 0 0.01904260 -11.6363 0.1257 78.8198
 0 0.02019390 -11.6363 0.1257 78.8198
 0 0.01825810 -11.6363 0.1257 78.8198
 0 0.02070770 -11.6363 0.1257 78.8198
 0 0.02217240 -11.6363 0.1257 78.8198
 0 0.01953830 -11.6363 0.1257 78.8198
 0 0.01918250 -11.6363 0.1257 78.8198
 0 0.02111680 -11.6363 0.1257 78.8198
 0 0.02313530 -11.6363 0.1257 78.8198
 0 0.02216210 -11.6363 0.1257 78.8198
 0 0.02100030 -11.6363 0.1257 78.8198
 0 0.02103760 -11.6363 0.1257 78.8198
 0 0.02002230 -11.6363 0.1257 78.8198
 0 0.02128640 -11.6363 0.1257 78.8198
 0 0.01849830 -11.6363 0.1257 78.8198
 0 0.02275750 -11.6363 0.1257 78.8198
 0 0.01877640 -11.6363 0.1257 78.8198
 0 0.01850000 -11.6363 0.1257 78.8198
 0 0.02021880 -11.6363 0.1257 78.8198
 0 0.02096940 -11.6363 0.1257 78.8198
 0 0.02108280 -11.6363 0.1257 78.8198
 0 0.01778500 -11.6363 0.1257 78.8198
 0 0.02075080 -11.6363 0.1257 78.8198
 0 0.02060280 -11.6363 0.1257 78.8198
 0 0.01708780 -11.6363 0.1257 78.8198
 0 0.01703200 -11.6363 0.1257 78.8198
 0 0.01869730 -11.6363 0.1257 78.8198
 0 0.01880410 -11.6363 0.1257 78.8198
 0 0.01980180 -11.6363 0.1257 78.8198
 0 0.01888710 -11.6363 0.1257 78.8198
 0 0.01793330 -11.6363 0.1257 78.8198
 0 0.01754740 -11.6363 0.1257 78.8198
 0 0.02644510 -11.6363 0.1257 78.8198
 0 0.02620470 -11.6363 0.1257 78.8198
 0 0.01875200 -11.6363 0.1257 78.8198
 0 0.02238000 -11.6363 0.1257 78.8198
 0 0.02327070 -11.6363 0.1257 78.8198
 0 0.02051660 -11.6363 0.1257 78.8198
 0 0.01728420 -11.6363 0.1257 78.8198
 0 0.01648430 -11.6363 0.1257 78.8198
 0 0.01914410 -11.6363 0.1257 78.8198
 0 0.01944120 -11.6363 0.1257 78.8198
 0 0.01867780 -11.6363 0.1257 78.8198
 0 0.01836400 -11.6363 0.1257 78.8198
 0 0.01832050 -11.6363 0.1257 78.8198
 0 0.02137830 -11.6363 0.1257 78.8198
 0 0.01868260 -11.6363 0.1257 78.8198
 0 0.02307020 -11.6363 0.1257 78.8198
 0 0.02131510 -11.6363 0.1257 78.8198
 0 0.02198300 -11.6363 0.1257 78.8198
 0 0.02133240 -11.6363 0.1257 78.8198
 0 0.01982120 -11.6363 0.1257 78.8198
 0 0.01989220 -11.6363 0.1257 78.8198
 0 0.02058670 -11.6363 0.1257 78.8198
 0 0.02154310 -11.6363 0.1257 78.8198
 0 0.02567270 -11.6363 0.1257 78.8198
 0 0.02102760 -11.6363 0.1257 78.8198
 0 0.01960410 -11.6363 0.1257 78.8198
 0 0.02022260 -11.6363 0.1257 78.8198
 0 0.02144660 -11.6363 0.1257 78.8198
 0 0.02247260 -11.6363 0.1257 78.8198
 0 0.01974480 -11.6363 0.1257 78.8198
 0 0.02045040 -11.6363 0.1257 78.8198
 0 0.01852800 -11.6363 0.1257 78.8198
 0 0.02047540 -11.6363 0.1257 78.8198
 0 0.01925190 -11.6363 0.1257 78.8198
 0 0.02318390 -11.6363 0.1257 78.8198
 0 0.03417170 -11.6363 0.1257 78.8198
 0 0.02330350 -11.6363 0.1257 78.8198
 0 0.02523850 -11.6363 0.1257 78.8198
 0 0.02073390 -11.6363 0.1257 78.8198
 0 0.02122400 -11.6363 0.1257 78.8198
 0 0.02528190 -11.6363 0.1257 78.8198
 0 0.02083110 -11.6363 0.1257 78.8198
 0 0.01927410 -11.6363 0.1257 78.8198
 0 0.01429660 -11.6363 0.1257 78.8198
 0 0.01657340 -11.6363 0.1257 78.8198
 0 0.01985400 -11.6363 0.1257 78.8198
 0 0.01771150 -11.6363 0.1257 78.8198
 0 0.02050740 -11.6363 0.1257 78.8198
 0 0.01666010 -11.6363 0.1257 78.8198
 0 0.01842500 -11.6363 0.1257 78.8198
 0 0.01750920 -11.6363 0.1257 78.8198
 0 0.01891720 -11.6363 0.1257 78.8198
 0 0.01638540 -11.6363 0.1257 78.8198
 0 0.01848830 -11.6363 0.1257 78.8198
 0 0.01915520 -11.6363 0.1257 78.8198
 0 0.01741180 -11.6363 0.1257 78.8198
 0 0.02030590 -11.6363 0.1257 78.8198
 0 0.02100840 -11.6363 0.1257 78.8198
 0 0.01776830 -11.6363 0.1257 78.8198
 0 0.02148360 -11.6363 0.1257 78.8198
 0 0.02237120 -11.6363 0.1257 78.8198
 0 0.01783720 -11.6363 0.1257 78.8198
 0 0.01716630 -11.6363 0.1257 78.8198
 0 0.01777440 -11.6363 0.1257 78.8198
 0 0.01553660 -11.6363 0.1257 78.8198
 0 0.01696780 -11.6363 0.1257 78.8198
 0 0.01739870 -11.6363 0.1257 78.8198
 0 0.01674010 -11.6363 0.1257 78.8198
 0 0.01648090 -11.6363 0.1257 78.8198
 0 0.01827340 -11.6363 0.1257 78.8198
 0 0.01779910 -11.6363 0.1257 78.8198
 0 0.01861200 -11.6363 0.1257 78.8198
 0 0.01913010 -11.6363 0.1257 78.8198
 0 0.01789480 -11.6363 0.1257 78.8198
 0 0.01806370 -11.6363 0.1257 78.8198
 0 0.01674080 -11.6363 0.1257 78.8198
 0 0.01774640 -11.6363 0.1257 78.8198
 0 0.01947400 -11.6363 0.1257 78.8198
 0 0.01996300 -11.6363 0.1257 78.8198
 0 0.02533550 -11.6363 0.1257 78.8198
 0 0.02593890 -11.6363 0.1257 78.8198
 0 0.02850670 -11.6363 0.1257 78.8198
 0 0.02293860 -11.6363 0.1257 78.8198
 0 0.02160970 -11.6363 0.1257 78.8198
 0 0.02208610 -11.6363 0.1257 78.8198
 0 0.02142780 -11.6363 0.1257 78.8198
 0 0.02087970 -11.6363 0.1257 78.8198
 0 0.02020780 -11.6363 0.1257 78.8198
 0 0.01987590 -11.6363 0.1257 78.8198
 0 0.01849310 -11.6363 0.1257 78.8198
 0 0.01892170 -11.6363 0.1257 78.8198
 0 0.01960300 -11.6363 0.1257 78.8198
 0 0.01932650 -11.6363 0.1257 78.8198
 0 0.01937160 -11.6363 0.1257 78.8198
 0 0.02041460 -11.6363 0.1257 78.8198
 0 0.01787100 -11.6363 0.1257 78.8198
 0 0.01902220 -11.6363 0.1257 78.8198
 0 0.01814290 -11.6363 0.1257 78.8198
 0 0.01834390 -11.6363 0.1257 78.8198
 0 0.01602450 -11.6363 0.1257 78.8198
 0 0.01749090 -11.6363 0.1257 78.8198
 0 0.02188680 -11.6363 0.1257 78.8198
 0 0.01823110 -11.6363 0.1257 78.8198
 0 0.01864890 -11.6363 0.1257 78.8198
 0 0.01840230 -11.6363 0.1257 78.8198
 0 0.01684600 -11.6363 0.1257 78.8198
 0 0.02040360 -11.6363 0.1257 78.8198
 0 0.01984960 -11.6363 0.1257 78.8198
 0 0.02058170 -11.6363 0.1257 78.8198
 0 0.01977150 -11.6363 0.1257 78.8198
 0 0.02087560 -11.6363 0.1257 78.8198
 0 0.02114870 -11.6363 0.1257 78.8198
 0 0.01842110 -11.6363 0.1257 78.8198
 0 0.02081950 -11.6363 0.1257 78.8198
 0 0.01647210 -11.6363 0.1257 78.8198
 0 0.01696390 -11.6363 0.1257 78.8198
 0 0.01943730 -11.6363 0.1257 78.8198
 0 0.02000060 -11.6363 0.1257 78.8198
 0 0.01726660 -11.6363 0.1257 78.8198
 0 0.01563700 -11.6363 0.1257 78.8198
 0 0.01770780 -11.6363 0.1257 78.8198
 0 0.01618960 -11.6363 0.1257 78.8198
 0 0.01712810 -11.6363 0.1257 78.8198
 0 0.01731510 -11.6363 0.1257 78.8198
 0 0.02182540 -11.6363 0.1257 78.8198
 0 0.01572060 -11.6363 0.1257 78.8198
 0 0.01930460 -11.6363 0.1257 78.8198
 0 0.01682000 -11.6363 0.1257 78.8198
 0 0.01986440 -11.6363 0.1257 78.8198
 0 0.02464750 -11.6363 0.1257 78.8198
 0 0.02204520 -11.6363 0.1257 78.8198
 0 0.02272100 -11.6363 0.1257 78.8198
 0 0.01990020 -11.6363 0.1257 78.8198
 0 0.01970290 -11.6363 0.1257 78.8198
 0 0.01971020 -11.6363 0.1257 78.8198
 0 0.02081860 -11.6363 0.1257 78.8198
 0 0.02042950 -11.6363 0.1257 78.8198
 0 0.01704540 -11.6363 0.1257 78.8198
 0 0.02017470 -11.6363 0.1257 78.8198
 0 0.01763660 -11.6363 0.1257 78.8198
 0 0.01875180 -11.6363 0.1257 78.8198
 0 0.01509230 -11.6363 0.1257 78.8198
 0 0.02068770 -11.6363 0.1257 78.8198
 0 0.02367600 -11.6363 0.1257 78.8198
 0 0.02206430 -11.6363 0.1257 78.8198
 0 0.02030660 -11.6363 0.1257 78.8198
 0 0.02250550 -11.6363 0.1257 78.8198
 0 0.02209740 -11.6363 0.1257 78.8198
 0 0.01917250 -11.6363 0.1257 78.8198
 0 0.01865990 -11.6363 0.1257 78.8198
 0 0.01866820 -11.6363 0.1257 78.8198
 0 0.01649310 -11.6363 0.1257 78.8198
 0 0.01644970 -11.6363 0.1257 78.8198
 0 0.01738710 -11.6363 0.1257 78.8198
 0 0.02235210 -11.6363 0.1257 78.8198
 0 0.01672550 -11.6363 0.1257 78.8198
 0 0.01909210 -11.6363 0.1257 78.8198
 0 0.01748090 -11.6363 0.1257 78.8198
 0 0.01852460 -11.6363 0.1257 78.8198
 0 0.02105730 -11.6363 0.1257 78.8198
 0 0.02415930 -11.6363 0.1257 78.8198
 0 0.02150090 -11.6363 0.1257 78.8198
 0 0.01990740 -11.6363 0.1257 78.8198
 0 0.02170370 -11.6363 0.1257 78.8198
 0 0.02233850 -11.6363 0.1257 78.8198
 0 0.02149700 -11.6363 0.1257 78.8198
 0 0.02112970 -11.6363 0.1257 78.8198
 0 0.02041170 -11.6363 0.1257 78.8198
 0 0.01768850 -11.6363 0.1257 78.8198
 0 0.01896150 -11.6363 0.1257 78.8198
 0 0.02101350 -11.6363 0.1257 78.8198
 0 0.01754200 -11.6363 0.1257 78.8198
 0 0.02098060 -11.6363 0.1257 78.8198
 0 0.02105120 -11.6363 0.1257 78.8198
 0 0.01970680 -11.6363 0.1257 78.8198
 0 0.01963110 -11.6363 0.1257 78.8198
 0 0.01980210 -11.6363 0.1257 78.8198
 0 0.01977070 -11.6363 0.1257 78.8198
 0 0.01716960 -11.6363 0.1257 78.8198
 0 0.01810100 -11.6363 0.1257 78.8198
 0 0.01663090 -11.6363 0.1257 78.8198
 0 0.01832110 -11.6363 0.1257 78.8198
 0 0.01745530 -11.6363 0.1257 78.8198
 0 0.01829640 -11.6363 0.1257 78.8198
 0 0.01703070 -11.6363 0.1257 78.8198
 0 0.01958850 -11.6363 0.1257 78.8198
 0 0.01625680 -11.6363 0.1257 78.8198
 0 0.02131080 -11.6363 0.1257 78.8198
 0 0.02036870 -11.6363 0.1257 78.8198
 0 0.02398980 -11.6363 0.1257 78.8198
 0 0.02508070 -11.6363 0.1257 78.8198
 0 0.02133430 -11.6363 0.1257 78.8198
 0 0.02374080 -11.6363 0.1257 78.8198
 0 0.02367730 -11.6363 0.1257 78.8198
 0 0.02136980 -11.6363 0.1257 78.8198
 0 0.02101850 -11.6363 0.1257 78.8198
 0 0.01919680 -11.6363 0.1257 78.8198
 0 0.01918390 -11.6363 0.1257 78.8198
 0 0.01987200 -11.6363 0.1257 78.8198
 0 0.02040670 -11.6363 0.1257 78.8198
 0 0.01625040 -11.6363 0.1257 78.8198
 0 0.01788960 -11.6363 0.1257 78.8198
 0 0.01682690 -11.6363 0.1257 78.8198
 0 0.01884690 -11.6363 0.1257 78.8198
 0 0.01659950 -11.6363 0.1257 78.8198
 0 0.01835850 -11.6363 0.1257 78.8198
 0 0.01855410 -11.6363 0.1257 78.8198
 0 0.01681300 -11.6363 0.1257 78.8198
 0 0.01921440 -11.6363 0.1257 78.8198
 0 0.01923360 -11.6363 0.1257 78.8198
 0 0.01796630 -11.6363 0.1257 78.8198
 0 0.02253400 -11.6363 0.1257 78.8198
 0 0.02021870 -11.6363 0.1257 78.8198
 0 0.01919690 -11.6363 0.1257 78.8198
 0 0.02425440 -11.6363 0.1257 78.8198
 0 0.02008790 -11.6363 0.1257 78.8198
 0 0.02037410 -11.6363 0.1257 78.8198
 0 0.01771040 -11.6363 0.1257 78.8198
 0 0.02023180 -11.6363 0.1257 78.8198
 0 0.01975850 -11.6363 0.1257 78.8198
 0 0.01935270 -11.6363 0.1257 78.8198
 0 0.01755660 -11.6363 0.1257 78.8198
 0 0.02026830 -11.6363 0.1257 78.8198
 0 0.01725310 -11.6363 0.1257 78.8198
 0 0.01918070 -11.6363 0.1257 78.8198
 0 0.01779890 -11.6363 0.1257 78.8198
 0 0.01650230 -11.6363 0.1257 78.8198
 0 0.01709090 -11.6363 0.1257 78.8198
 0 0.01889770 -11.6363 0.1257 78.8198
 0 0.01872630 -11.6363 0.1257 78.8198
 0 0.01685220 -11.6363 0.1257 78.8198
 0 0.01729090 -11.6363 0.1257 78.8198
 0 0.01925950 -11.6363 0.1257 78.8198
 0 0.04118310 -11.6363 0.1257 78.8198
 0 0.02045440 -11.6363 0.1257 78.8198
 0 0.01800420 -11.6363 0.1257 78.8198
 0 0.01780220 -11.6363 0.1257 78.8198
 0 0.01822520 -11.6363 0.1257 78.8198
 0 0.01884230 -11.6363 0.1257 78.8198
 0 0.01885890 -11.6363 0.1257 78.8198
 0 0.01734290 -11.6363 0.1257 78.8198
 0 0.01676820 -11.6363 0.1257 78.8198
 0 0.01806050 -11.6363 0.1257 78.8198
 0 0.01707120 -11.6363 0.1257 78.8198
 0 0.01549700 -11.6363 0.1257 78.8198
 0 0.01695860 -11.6363 0.1257 78.8198
 0 0.01836510 -11.6363 0.1257 78.8198
 0 0.01702460 -11.6363 0.1257 78.8198
 0 0.01941620 -11.6363 0.1257 78.8198
 0 0.01814690 -11.6363 0.1257 78.8198
 0 0.01744190 -11.6363 0.1257 78.8198
 0 0.01695690 -11.6363 0.1257 78.8198
 0 0.01584150 -11.6363 0.1257 78.8198
 0 0.01763570 -11.6363 0.1257 78.8198
 0 0.01961570 -11.6363 0.1257 78.8198
 0 0.01954930 -11.6363 0.1257 78.8198
 0 0.02027720 -11.6363 0.1257 78.8198
 0 0.01936740 -11.6363 0.1257 78.8198
 0 0.01601260 -11.6363 0.1257 78.8198
 0 0.01750490 -11.6363 0.1257 78.8198
 0 0.01998750 -11.6363 0.1257 78.8198
 0 0.01774920 -11.6363 0.1257 78.8198
 0 0.01687240 -11.6363 0.1257 78.8198
 0 0.01532200 -11.6363 0.1257 78.8198
 0 0.01869900 -11.6363 0.1257 78.8198
 0 0.01805760 -11.6363 0.1257 78.8198
 0 0.01888880 -11.6363 0.1257 78.8198
 0 0.01849190 -11.6363 0.1257 78.8198
 0 0.01790850 -11.6363 0.1257 78.8198
 0 0.01962010 -11.6363 0.1257 78.8198
 0 0.02050380 -11.6363 0.1257 78.8198
 0 0.01747750 -11.6363 0.1257 78.8198
 0 0.01704190 -11.6363 0.1257 78.8198
 0 0.01818580 -11.6363 0.1257 78.8198
 0 0.01842630 -11.6363 0.1257 78.8198
 0 0.01805140 -11.6363 0.1257 78.8198
 0 0.02079920 -11.6363 0.1257 78.8198
 0 0.01990580 -11.6363 0.1257 78.8198
 0 0.01877790 -11.6363 0.1257 78.8198
 0 0.01876340 -11.6363 0.1257 78.8198
 0 0.01872890 -11.6363 0.1257 78.8198
 0 0.01876580 -11.6363 0.1257 78.8198
 0 0.01807860 -11.6363 0.1257 78.8198
 0 0.01652360 -11.6363 0.1257 78.8198
 0 0.01591900 -11.6363 0.1257 78.8198
 0 0.02102900 -11.6363 0.1257 78.8198
 0 0.01867580 -11.6363 0.1257 78.8198
 0 0.02136530 -11.6363 0.1257 78.8198
 0 0.02011100 -11.6363 0.1257 78.8198
 0 0.01918510 -11.6363 0.1257 78.8198
 0 0.01747540 -11.6363 0.1257 78.8198
 0 0.01839170 -11.6363 0.1257 78.8198
 0 0.01788030 -11.6363 0.1257 78.8198
 0 0.01789290 -11.6363 0.1257 78.8198
 0 0.01860180 -11.6363 0.1257 78.8198
 0 0.01780860 -11.6363 0.1257 78.8198
 0 0.02118970 -11.6363 0.1257 78.8198
 0 0.01917790 -11.6363 0.1257 78.8198
 0 0.01641140 -11.6363 0.1257 78.8198
 0 0.01707230 -11.6363 0.1257 78.8198
 0 0.01850990 -11.6363 0.1257 78.8198
 0 0.01657560 -11.6363 0.1257 78.8198
 0 0.01911210 -11.6363 0.1257 78.8198
 0 0.01775460 -11.6363 0.1257 78.8198
 0 0.01894860 -11.6363 0.1257 78.8198
 0 0.01700010 -11.6363 0.1257 78.8198
 0 0.01934170 -11.6363 0.1257 78.8198
 0 0.01889690 -11.6363 0.1257 78.8198
 0 0.01947080 -11.6363 0.1257 78.8198
 0 0.01811480 -11.6363 0.1257 78.8198
 0 0.01831900 -11.6363 0.1257 78.8198
 0 0.02111630 -11.6363 0.1257 78.8198
 0 0.02281870 -11.6363 0.1257 78.8198
 0 0.02144420 -11.6363 0.1257 78.8198
 0 0.02077500 -11.6363 0.1257 78.8198
 0 0.02371180 -11.6363 0.1257 78.8198
 0 0.01986520 -11.6363 0.1257 78.8198
 0 0.02005310 -11.6363 0.1257 78.8198
 0 0.01692340 -11.6363 0.1257 78.8198
 0 0.02055190 -11.6363 0.1257 78.8198
 0 0.01782110 -11.6363 0.1257 78.8198
 0 0.01612990 -11.6363 0.1257 78.8198
 0 0.01632430 -11.6363 0.1257 78.8198
 0 0.01715110 -11.6363 0.1257 78.8198
 0 0.01714920 -11.6363 0.1257 78.8198
 0 0.01658600 -11.6363 0.1257 78.8198
 0 0.01773910 -11.6363 0.1257 78.8198
 0 0.01663520 -11.6363 0.1257 78.8198
 0 0.02104850 -11.6363 0.1257 78.8198
 0 0.01792830 -11.6363 0.1257 78.8198
 0 0.01767960 -11.6363 0.1257 78.8198
 0 0.01987950 -11.6363 0.1257 78.8198
 0 0.02089440 -11.6363 0.1257 78.8198
 0 0.01791290 -11.6363 0.1257 78.8198
 0 0.02219370 -11.6363 0.1257 78.8198
 0 0.02194300 -11.6363 0.1257 78.8198
 0 0.02353630 -11.6363 0.1257 78.8198
 0 0.02274440 -11.6363 0.1257 78.8198
 0 0.01958510 -11.6363 0.1257 78.8198
 0 0.02152730 -11.6363 0.1257 78.8198
 0 0.02073670 -11.6363 0.1257 78.8198
 0 0.01836080 -11.6363 0.1257 78.8198
 0 0.02121330 -11.6363 0.1257 78.8198
 0 0.01806330 -11.6363 0.1257 78.8198
 0 0.01951410 -11.6363 0.1257 78.8198
 0 0.01779490 -11.6363 0.1257 78.8198
 0 0.01763790 -11.6363 0.1257 78.8198
 0 0.01859580 -11.6363 0.1257 78.8198
 0 0.01744400 -11.6363 0.1257 78.8198
 0 0.01815550 -11.6363 0.1257 78.8198
 0 0.02051780 -11.6363 0.1257 78.8198
 0 0.01881430 -11.6363 0.1257 78.8198
 0 0.02110710 -11.6363 0.1257 78.8198
 0 0.02364950 -11.6363 0.1257 78.8198
 0 0.01978850 -11.6363 0.1257 78.8198
 0 0.01789690 -11.6363 0.1257 78.8198
 0 0.02023460 -11.6363 0.1257 78.8198
 0 0.01946880 -11.6363 0.1257 78.8198
 0 0.01904830 -11.6363 0.1257 78.8198
 0 0.01847160 -11.6363 0.1257 78.8198
 0 0.01906990 -11.6363 0.1257 78.8198
 0 0.01658220 -11.6363 0.1257 78.8198
 0 0.01872490 -11.6363 0.1257 78.8198
 0 0.01926510 -11.6363 0.1257 78.8198
 0 0.01903450 -11.6363 0.1257 78.8198
 0 0.01820990 -11.6363 0.1257 78.8198
 0 0.01821180 -11.6363 0.1257 78.8198
 0 0.01539770 -11.6363 0.1257 78.8198
 0 0.01681860 -11.6363 0.1257 78.8198
 0 0.01818240 -11.6363 0.1257 78.8198
 0 0.01822110 -11.6363 0.1257 78.8198
 0 0.01873810 -11.6363 0.1257 78.8198
 0 0.01585510 -11.6363 0.1257 78.8198
 0 0.01777060 -11.6363 0.1257 78.8198
 0 0.01828540 -11.6363 0.1257 78.8198
 0 0.01935680 -11.6363 0.1257 78.8198
 0 0.01860010 -11.6363 0.1257 78.8198
 0 0.01948630 -11.6363 0.1257 78.8198
 0 0.01799000 -11.6363 0.1257 78.8198
 0 0.01996160 -11.6363 0.1257 78.8198
 0 0.01877790 -11.6363 0.1257 78.8198
 0 0.01850550 -11.6363 0.1257 78.8198
 0 0.01639160 -11.6363 0.1257 78.8198
 0 0.01814000 -11.6363 0.1257 78.8198
 0 0.01650420 -11.6363 0.1257 78.8198
 0 0.01754310 -11.6363 0.1257 78.8198
 0 0.01794700 -11.6363 0.1257 78.8198
 0 0.01794870 -11.6363 0.1257 78.8198
 0 0.01877560 -11.6363 0.1257 78.8198
 0 0.01674480 -11.6363 0.1257 78.8198
 0 0.02019360 -11.6363 0.1257 78.8198
 0 0.02134510 -11.6363 0.1257 78.8198
 0 0.01802400 -11.6363 0.1257 78.8198
 0 0.01980320 -11.6363 0.1257 78.8198
 0 0.01762760 -11.6363 0.1257 78.8198
 0 0.02065230 -11.6363 0.1257 78.8198
 0 0.01724430 -11.6363 0.1257 78.8198
 0 0.01950480 -11.6363 0.1257 78.8198
 0 0.01686900 -11.6363 0.1257 78.8198
 0 0.01952300 -11.6363 0.1257 78.8198
 0 0.02203840 -11.6363 0.1257 78.8198
 0 0.01996810 -11.6363 0.1257 78.8198
 0 0.01820890 -11.6363 0.1257 78.8198
 0 0.02068560 -11.6363 0.1257 78.8198
 0 0.01771890 -11.6363 0.1257 78.8198
 0 0.01776060 -11.6363 0.1257 78.8198
 0 0.01711410 -11.6363 0.1257 78.8198
 0 0.01478470 -11.6363 0.1257 78.8198
 0 0.01772740 -11.6363 0.1257 78.8198
 0 0.01803300 -11.6363 0.1257 78.8198
 0 0.01669500 -11.6363 0.1257 78.8198
 0 0.01737650 -11.6363 0.1257 78.8198
 0 0.01881020 -11.6363 0.1257 78.8198
 0 0.01850510 -11.6363 0.1257 78.8198
 0 0.01958630 -11.6363 0.1257 78.8198
 0 0.01906460 -11.6363 0.1257 78.8198
 0 0.01908320 -11.6363 0.1257 78.8198
 0 0.01578040 -11.6363 0.1257 78.8198
 0 0.01789390 -11.6363 0.1257 78.8198
 0 0.01929270 -11.6363 0.1257 78.8198
 0 0.01914870 -11.6363 0.1257 78.8198
 0 0.02294790 -11.6363 0.1257 78.8198
 0 0.01810870 -11.6363 0.1257 78.8198
 0 0.01949400 -11.6363 0.1257 78.8198
 0 0.01813190 -11.6363 0.1257 78.8198
 0 0.01817510 -11.6363 0.1257 78.8198
 0 0.01939190 -11.6363 0.1257 78.8198
 0 0.01755370 -11.6363 0.1257 78.8198
 0 0.01948300 -11.6363 0.1257 78.8198
 0 0.01824270 -11.6363 0.1257 78.8198
 0 0.02462620 -11.6363 0.1257 78.8198
 0 0.02177350 -11.6363 0.1257 78.8198
 0 0.02148320 -11.6363 0.1257 78.8198
 0 0.01938160 -11.6363 0.1257 78.8198
 0 0.01843110 -11.6363 0.1257 78.8198
 0 0.01829070 -11.6363 0.1257 78.8198
 0 0.01652050 -11.6363 0.1257 78.8198
 0 0.01682870 -11.6363 0.1257 78.8198
 0 0.01758330 -11.6363 0.1257 78.8198
 0 0.01899310 -11.6363 0.1257 78.8198
 0 0.01782510 -11.6363 0.1257 78.8198
 0 0.01825720 -11.6363 0.1257 78.8198
 0 0.01903170 -11.6363 0.1257 78.8198
 0 0.02058990 -11.6363 0.1257 78.8198
 0 0.01851470 -11.6363 0.1257 78.8198
 0 0.02020260 -11.6363 0.1257 78.8198
 0 0.01889790 -11.6363 0.1257 78.8198
 0 0.01973260 -11.6363 0.1257 78.8198
 0 0.02006580 -11.6363 0.1257 78.8198
 0 0.01870390 -11.6363 0.1257 78.8198
 0 0.01880660 -11.6363 0.1257 78.8198
 0 0.01741630 -11.6363 0.1257 78.8198
 0 0.01796490 -11.6363 0.1257 78.8198
 0 0.01769840 -11.6363 0.1257 78.8198
 0 0.01638560 -11.6363 0.1257 78.8198
 0 0.01931750 -11.6363 0.1257 78.8198
 0 0.01992400 -11.6363 0.1257 78.8198
 0 0.02046460 -11.6363 0.1257 78.8198
 0 0.01749980 -11.6363 0.1257 78.8198
 0 0.01988550 -11.6363 0.1257 78.8198
 0 0.01661740 -11.6363 0.1257 78.8198
 0 0.01999360 -11.6363 0.1257 78.8198
 0 0.01838070 -11.6363 0.1257 78.8198
 0 0.02104720 -11.6363 0.1257 78.8198
 0 0.01697200 -11.6363 0.1257 78.8198
 0 0.02121070 -11.6363 0.1257 78.8198
 0 0.01773160 -11.6363 0.1257 78.8198
 0 0.01710560 -11.6363 0.1257 78.8198
 0 0.01626240 -11.6363 0.1257 78.8198
 0 0.01759750 -11.6363 0.1257 78.8198
 0 0.01819570 -11.6363 0.1257 78.8198
 0 0.01712620 -11.6363 0.1257 78.8198
 0 0.01947630 -11.6363 0.1257 78.8198
 0 0.01624490 -11.6363 0.1257 78.8198
 0 0.01595600 -11.6363 0.1257 78.8198
 0 0.01749100 -11.6363 0.1257 78.8198
 0 0.01481560 -11.6363 0.1257 78.8198
 0 0.01766090 -11.6363 0.1257 78.8198
 0 0.01729090 -11.6363 0.1257 78.8198
 0 0.01834350 -11.6363 0.1257 78.8198
 0 0.01774570 -11.6363 0.1257 78.8198
 0 0.01806080 -11.6363 0.1257 78.8198
 0 0.01853690 -11.6363 0.1257 78.8198
 0 0.01948250 -11.6363 0.1257 78.8198
 0 0.01781070 -11.6363 0.1257 78.8198
 0 0.01879900 -11.6363 0.1257 78.8198
 0 0.01829970 -11.6363 0.1257 78.8198
 0 0.01832470 -11.6363 0.1257 78.8198
 0 0.01958610 -11.6363 0.1257 78.8198
 0 0.02084640 -11.6363 0.1257 78.8198
 0 0.01926100 -11.6363 0.1257 78.8198
 0 0.02027490 -11.6363 0.1257 78.8198
 0 0.01760330 -11.6363 0.1257 78.8198
 0 0.02045070 -11.6363 0.1257 78.8198
 0 0.01886090 -11.6363 0.1257 78.8198
 0 0.01969210 -11.6363 0.1257 78.8198
 0 0.02097230 -11.6363 0.1257 78.8198
 0 0.02128970 -11.6363 0.1257 78.8198
 0 0.01912460 -11.6363 0.1257 78.8198
 0 0.02055040 -11.6363 0.1257 78.8198
 0 0.02195390 -11.6363 0.1257 78.8198
 0 0.01788400 -11.6363 0.1257 78.8198
 0 0.01716810 -11.6363 0.1257 78.8198
 0 0.01921680 -11.6363 0.1257 78.8198
 0 0.03795370 -11.6363 0.1257 78.8198
 0 0.01832880 -11.6363 0.1257 78.8198
 0 0.01646940 -11.6363 0.1257 78.8198
 0 0.02004160 -11.6363 0.1257 78.8198
 0 0.01745520 -11.6363 0.1257 78.8198
 0 0.01632630 -11.6363 0.1257 78.8198
 0 0.01633110 -11.6363 0.1257 78.8198
 0 0.01994140 -11.6363 0.1257 78.8198
 0 0.01975640 -11.6363 0.1257 78.8198
 0 0.01638860 -11.6363 0.1257 78.8198
 0 0.01668010 -11.6363 0.1257 78.8198
 0 0.01881010 -11.6363 0.1257 78.8198
 0 0.01813360 -11.6363 0.1257 78.8198
 0 0.01925070 -11.6363 0.1257 78.8198
 0 0.01810500 -11.6363 0.1257 78.8198
 0 0.01618940 -11.6363 0.1257 78.8198
 0 0.02053560 -11.6363 0.1257 78.8198
 0 0.02508680 -11.6363 0.1257 78.8198
 0 0.01882900 -11.6363 0.1257 78.8198
 0 0.01695730 -11.6363 0.1257 78.8198
 0 0.01943460 -11.6363 0.1257 78.8198
 0 0.01763690 -11.6363 0.1257 78.8198
 0 0.01523900 -11.6363 0.1257 78.8198
 0 0.01782530 -11.6363 0.1257 78.8198
 0 0.01878620 -11.6363 0.1257 78.8198
 0 0.02105830 -11.6363 0.1257 78.8198
 0 0.02156720 -11.6363 0.1257 78.8198
 0 0.01649460 -11.6363 0.1257 78.8198
 0 0.01558170 -11.6363 0.1257 78.8198
 0 0.01667910 -11.6363 0.1257 78.8198
 0 0.01796040 -11.6363 0.1257 78.8198
 0 0.01823650 -11.6363 0.1257 78.8198
 0 0.02000140 -11.6363 0.1257 78.8198
 0 0.01678870 -11.6363 0.1257 78.8198
 0 0.01665020 -11.6363 0.1257 78.8198
 0 0.01790780 -11.6363 0.1257 78.8198
 0 0.01849050 -11.6363 0.1257 78.8198
 0 0.01995720 -11.6363 0.1257 78.8198
 0 0.01755980 -11.6363 0.1257 78.8198
 0 0.01773260 -11.6363 0.1257 78.8198
 0 0.01797650 -11.6363 0.1257 78.8198
 0 0.01944830 -11.6363 0.1257 78.8198
 0 0.02117660 -11.6363 0.1257 78.8198
 0 0.02300700 -11.6363 0.1257 78.8198
 0 0.01965820 -11.6363 0.1257 78.8198
 0 0.01905950 -11.6363 0.1257 78.8198
 0 0.02047620 -11.6363 0.1257 78.8198
 0 0.02285070 -11.6363 0.1257 78.8198
 0 0.02213540 -11.6363 0.1257 78.8198
 0 0.02140690 -11.6363 0.1257 78.8198
 0 0.02117470 -11.6363 0.1257 78.8198
 0 0.02096450 -11.6363 0.1257 78.8198
 0 0.02403010 -11.6363 0.1257 78.8198
 0 0.02017590 -11.6363 0.1257 78.8198
 0 0.01907450 -11.6363 0.1257 78.8198
 0 0.01845040 -11.6363 0.1257 78.8198
 0 0.01942080 -11.6363 0.1257 78.8198
 0 0.01929830 -11.6363 0.1257 78.8198
 0 0.01895650 -11.6363 0.1257 78.8198
 0 0.02094920 -11.6363 0.1257 78.8198
 0 0.01728990 -11.6363 0.1257 78.8198
 0 0.01836240 -11.6363 0.1257 78.8198
 0 0.01897670 -11.6363 0.1257 78.8198
 0 0.01959790 -11.6363 0.1257 78.8198
 0 0.01689360 -11.6363 0.1257 78.8198
 0 0.01694670 -11.6363 0.1257 78.8198
 0 0.01849680 -11.6363 0.1257 78.8198
 0 0.01804380 -11.6363 0.1257 78.8198
 0 0.01882350 -11.6363 0.1257 78.8198
 0 0.01944080 -11.6363 0.1257 78.8198
 0 0.02143790 -11.6363 0.1257 78.8198
 0 0.02032460 -11.6363 0.1257 78.8198
 0 0.01892840 -11.6363 0.1257 78.8198
 0 0.01747310 -11.6363 0.1257 78.8198
 0 0.02064920 -11.6363 0.1257 78.8198
 0 0.01880820 -11.6363 0.1257 78.8198
 0 0.02051870 -11.6363 0.1257 78.8198
 0 0.02359260 -11.6363 0.1257 78.8198
 0 0.02407010 -11.6363 0.1257 78.8198
 0 0.02347940 -11.6363 0.1257 78.8198
 0 0.02100950 -11.6363 0.1257 78.8198
 0 0.02168540 -11.6363 0.1257 78.8198
 0 0.02590450 -11.6363 0.1257 78.8198
 0 0.02267860 -11.6363 0.1257 78.8198
 0 0.01978020 -11.6363 0.1257 78.8198
 0 0.01996140 -11.6363 0.1257 78.8198
 0 0.02144240 -11.6363 0.1257 78.8198
 0 0.01911320 -11.6363 0.1257 78.8198
 0 0.01779480 -11.6363 0.1257 78.8198
 0 0.01788750 -11.6363 0.1257 78.8198
 0 0.01877380 -11.6363 0.1257 78.8198
 0 0.01844910 -11.6363 0.1257 78.8198
 0 0.01731530 -11.6363 0.1257 78.8198
 0 0.01847430 -11.6363 0.1257 78.8198
 0 0.01734160 -11.6363 0.1257 78.8198
 0 0.01546450 -11.6363 0.1257 78.8198
 0 0.01819450 -11.6363 0.1257 78.8198
 0 0.01906550 -11.6363 0.1257 78.8198
 0 0.01851290 -11.6363 0.1257 78.8198
 0 0.01689840 -11.6363 0.1257 78.8198
 0 0.01729800 -11.6363 0.1257 78.8198
 0 0.02013910 -11.6363 0.1257 78.8198
 0 0.01838070 -11.6363 0.1257 78.8198
 0 0.01886060 -11.6363 0.1257 78.8198
 0 0.01839830 -11.6363 0.1257 78.8198
 0 0.01534160 -11.6363 0.1257 78.8198
 0 0.01894820 -11.6363 0.1257 78.8198
 0 0.02054630 -11.6363 0.1257 78.8198
 0 0.02247420 -11.6363 0.1257 78.8198
 0 0.01813150 -11.6363 0.1257 78.8198
 0 0.01693620 -11.6363 0.1257 78.8198
 0 0.01704280 -11.6363 0.1257 78.8198
 0 0.01818240 -11.6363 0.1257 78.8198
 0 0.01708640 -11.6363 0.1257 78.8198
 0 0.01933680 -11.6363 0.1257 78.8198
 0 0.02026610 -11.6363 0.1257 78.8198
 0 0.01960340 -11.6363 0.1257 78.8198
 0 0.02196800 -11.6363 0.1257 78.8198
 0 0.01817030 -11.6363 0.1257 78.8198
 0 0.02200240 -11.6363 0.1257 78.8198
 0 0.01986930 -11.6363 0.1257 78.8198
 0 0.02096620 -11.6363 0.1257 78.8198
 0 0.01837200 -11.6363 0.1257 78.8198
 0 0.01912400 -11.6363 0.1257 78.8198
 0 0.02918210 -11.6363 0.1257 78.8198
 0 0.02107910 -11.6363 0.1257 78.8198
 0 0.01889180 -11.6363 0.1257 78.8198
 0 0.02014360 -11.6363 0.1257 78.8198
 0 0.02017740 -11.6363 0.1257 78.8198
 0 0.02006620 -11.6363 0.1257 78.8198
 0 0.01901280 -11.6363 0.1257 78.8198
 0 0.01875260 -11.6363 0.1257 78.8198
 0 0.02066460 -11.6363 0.1257 78.8198
 0 0.01916270 -11.6363 0.1257 78.8198
 0 0.01785260 -11.6363 0.1257 78.8198
 0 0.02100560 -11.6363 0.1257 78.8198
 0 0.02061950 -11.6363 0.1257 78.8198
 0 0.02056580 -11.6363 0.1257 78.8198
 0 0.01752140 -11.6363 0.1257 78.8198
 0 0.02036450 -11.6363 0.1257 78.8198
 0 0.01841550 -11.6363 0.1257 78.8198
 0 0.02151040 -11.6363 0.1257 78.8198
 0 0.02196240 -11.6363 0.1257 78.8198
 0 0.02004080 -11.6363 0.1257 78.8198
 0 0.02130140 -11.6363 0.1257 78.8198
 0 0.01864890 -11.6363 0.1257 78.8198
 0 0.01666500 -11.6363 0.1257 78.8198
 0 0.01779660 -11.6363 0.1257 78.8198
 0 0.01849040 -11.6363 0.1257 78.8198
 0 0.01893330 -11.6363 0.1257 78.8198
 0 0.01723550 -11.6363 0.1257 78.8198
 0 0.01586550 -11.6363 0.1257 78.8198
 0 0.01727730 -11.6363 0.1257 78.8198
 0 0.01769390 -11.6363 0.1257 78.8198
 0 0.01923970 -11.6363 0.1257 78.8198
 0 0.01925730 -11.6363 0.1257 78.8198
 0 0.01701260 -11.6363 0.1257 78.8198
 0 0.01733190 -11.6363 0.1257 78.8198
 0 0.01822000 -11.6363 0.1257 78.8198
 0 0.01947430 -11.6363 0.1257 78.8198
 0 0.01875170 -11.6363 0.1257 78.8198
 0 0.01990720 -11.6363 0.1257 78.8198
 0 0.01813420 -11.6363 0.1257 78.8198
 0 0.01916560 -11.6363 0.1257 78.8198
 0 0.01996510 -11.6363 0.1257 78.8198
 0 0.01878800 -11.6363 0.1257 78.8198
 0 0.02093610 -11.6363 0.1257 78.8198
 0 0.02103150 -11.6363 0.1257 78.8198
 0 0.02049440 -11.6363 0.1257 78.8198
 0 0.01939550 -11.6363 0.1257 78.8198
 0 0.02056090 -11.6363 0.1257 78.8198
 0 0.02062770 -11.6363 0.1257 78.8198
 0 0.02152070 -11.6363 0.1257 78.8198
 0 0.01901120 -11.6363 0.1257 78.8198
 0 0.02040810 -11.6363 0.1257 78.8198
 0 0.01738310 -11.6363 0.1257 78.8198
 0 0.01702360 -11.6363 0.1257 78.8198
 0 0.01970250 -11.6363 0.1257 78.8198
 0 0.01894500 -11.6363 0.1257 78.8198
 0 0.02067130 -11.6363 0.1257 78.8198
 0 0.01956040 -11.6363 0.1257 78.8198
 0 0.01845150 -11.6363 0.1257 78.8198
 0 0.01984650 -11.6363 0.1257 78.8198
 0 0.02031820 -11.6363 0.1257 78.8198
 0 0.01925320 -11.6363 0.1257 78.8198
 0 0.01992860 -11.6363 0.1257 78.8198
 0 0.01874590 -11.6363 0.1257 78.8198
 0 0.02023570 -11.6363 0.1257 78.8198
 0 0.02203430 -11.6363 0.1257 78.8198
 0 0.01930670 -11.6363 0.1257 78.8198
 0 0.02491960 -11.6363 0.1257 78.8198
 0 0.01830440 -11.6363 0.1257 78.8198
 0 0.01949430 -11.6363 0.1257 78.8198
 0 0.02120260 -11.6363 0.1257 78.8198
 0 0.01777330 -11.6363 0.1257 78.8198
 0 0.01710240 -11.6363 0.1257 78.8198
 0 0.01603640 -11.6363 0.1257 78.8198
 0 0.01587050 -11.6363 0.1257 78.8198
 0 0.01734860 -11.6363 0.1257 78.8198
 0 0.01669900 -11.6363 0.1257 78.8198
 0 0.01847180 -11.6363 0.1257 78.8198
 0 0.01678080 -11.6363 0.1257 78.8198
 0 0.01863560 -11.6363 0.1257 78.8198
 0 0.01858920 -11.6363 0.1257 78.8198
 0 0.01937380 -11.6363 0.1257 78.8198
 0 0.01916780 -11.6363 0.1257 78.8198
 0 0.01892740 -11.6363 0.1257 78.8198
 0 0.01688060 -11.6363 0.1257 78.8198
 0 0.01823860 -11.6363 0.1257 78.8198
 0 0.01823050 -11.6363 0.1257 78.8198
 0 0.03649630 -11.6363 0.1257 78.8198
 0 0.03703890 -11.6363 0.1257 78.8198
 0 0.02979570 -11.6363 0.1257 78.8198
 0 0.03145770 -11.6363 0.1257 78.8198
 0 0.02477530 -11.6363 0.1257 78.8198
 0 0.02148710 -11.6363 0.1257 78.8198
 0 0.01836180 -11.6363 0.1257 78.8198
 0 0.02042980 -11.6363 0.1257 78.8198
 0 0.02022830 -11.6363 0.1257 78.8198
 0 0.01983930 -11.6363 0.1257 78.8198
 0 0.01988480 -11.6363 0.1257 78.8198
 0 0.01965480 -11.6363 0.1257 78.8198
 0 0.01762530 -11.6363 0.1257 78.8198
 0 0.01998550 -11.6363 0.1257 78.8198
 0 0.01937820 -11.6363 0.1257 78.8198
 0 0.02141920 -11.6363 0.1257 78.8198
 0 0.01853170 -11.6363 0.1257 78.8198
 0 0.01803760 -11.6363 0.1257 78.8198
 0 0.01744020 -11.6363 0.1257 78.8198
 0 0.02092090 -11.6363 0.1257 78.8198
 0 0.02108280 -11.6363 0.1257 78.8198
 0 0.01941250 -11.6363 0.1257 78.8198
 0 0.01564540 -11.6363 0.1257 78.8198
 0 0.01576410 -11.6363 0.1257 78.8198
 0 0.01638590 -11.6363 0.1257 78.8198
 0 0.01604000 -11.6363 0.1257 78.8198
 0 0.01598610 -11.6363 0.1257 78.8198
 0 0.01665580 -11.6363 0.1257 78.8198
 0 0.01895240 -11.6363 0.1257 78.8198
 0 0.02001080 -11.6363 0.1257 78.8198
 0 0.01631360 -11.6363 0.1257 78.8198
 0 0.01584300 -11.6363 0.1257 78.8198
 0 0.01632890 -11.6363 0.1257 78.8198
 0 0.01970160 -11.6363 0.1257 78.8198
 0 0.02112800 -11.6363 0.1257 78.8198
 0 0.02096700 -11.6363 0.1257 78.8198
 0 0.01714870 -11.6363 0.1257 78.8198
 0 0.01950190 -11.6363 0.1257 78.8198
 0 0.01890110 -11.6363 0.1257 78.8198
 0 0.01872600 -11.6363 0.1257 78.8198
 0 0.02023810 -11.6363 0.1257 78.8198
 0 0.02103430 -11.6363 0.1257 78.8198
 0 0.03014320 -11.6363 0.1257 78.8198
 0 0.02270090 -11.6363 0.1257 78.8198
 0 0.02342380 -11.6363 0.1257 78.8198
 0 0.02022840 -11.6363 0.1257 78.8198
 0 0.02163520 -11.6363 0.1257 78.8198
 0 0.01904060 -11.6363 0.1257 78.8198
 0 0.01960860 -11.6363 0.1257 78.8198
 0 0.02195640 -11.6363 0.1257 78.8198
 0 0.01828440 -11.6363 0.1257 78.8198
 0 0.01948240 -11.6363 0.1257 78.8198
 0 0.01911780 -11.6363 0.1257 78.8198
 0 0.01656920 -11.6363 0.1257 78.8198
 0 0.01874610 -11.6363 0.1257 78.8198
 0 0.01933360 -11.6363 0.1257 78.8198
 0 0.01987310 -11.6363 0.1257 78.8198
 0 0.02030800 -11.6363 0.1257 78.8198
 0 0.01891370 -11.6363 0.1257 78.8198
 0 0.01771780 -11.6363 0.1257 78.8198
 0 0.01968570 -11.6363 0.1257 78.8198
 0 0.03391490 -11.6363 0.1257 78.8198
 0 0.01735470 -11.6363 0.1257 78.8198
 0 0.01606340 -11.6363 0.1257 78.8198
 0 0.01874030 -11.6363 0.1257 78.8198
 0 0.01781830 -11.6363 0.1257 78.8198
 0 0.01921970 -11.6363 0.1257 78.8198
 0 0.01564930 -11.6363 0.1257 78.8198
 0 0.02212940 -11.6363 0.1257 78.8198
 0 0.01828210 -11.6363 0.1257 78.8198
 0 0.01535680 -11.6363 0.1257 78.8198
 0 0.01904770 -11.6363 0.1257 78.8198
 0 0.02106860 -11.6363 0.1257 78.8198
 0 0.01826290 -11.6363 0.1257 78.8198
 0 0.01810090 -11.6363 0.1257 78.8198
 0 0.01866060 -11.6363 0.1257 78.8198
 0 0.01884190 -11.6363 0.1257 78.8198
 0 0.02194350 -11.6363 0.1257 78.8198
 0 0.02463610 -11.6363 0.1257 78.8198
 0 0.02197490 -11.6363 0.1257 78.8198
 0 0.02290690 -11.6363 0.1257 78.8198
 0 0.02046500 -11.6363 0.1257 78.8198
 0 0.02378890 -11.6363 0.1257 78.8198
 0 0.02037570 -11.6363 0.1257 78.8198
 0 0.02144150 -11.6363 0.1257 78.8198
 0 0.02281210 -11.6363 0.1257 78.8198
 0 0.01841940 -11.6363 0.1257 78.8198
 0 0.01852210 -11.6363 0.1257 78.8198
 0 0.02296830 -11.6363 0.1257 78.8198
 0 0.01856850 -11.6363 0.1257 78.8198
 0 0.02109270 -11.6363 0.1257 78.8198
 0 0.02348140 -11.6363 0.1257 78.8198
 0 0.01925410 -11.6363 0.1257 78.8198
 0 0.02216960 -11.6363 0.1257 78.8198
 0 0.02323870 -11.6363 0.1257 78.8198
 0 0.01959210 -11.6363 0.1257 78.8198
 0 0.02141350 -11.6363 0.1257 78.8198
 0 0.01656270 -11.6363 0.1257 78.8198
 0 0.02057260 -11.6363 0.1257 78.8198
 0 0.01877370 -11.6363 0.1257 78.8198
 0 0.01820830 -11.6363 0.1257 78.8198
 0 0.01775760 -11.6363 0.1257 78.8198
 0 0.01871170 -11.6363 0.1257 78.8198
 0 0.01829410 -11.6363 0.1257 78.8198
 0 0.01912570 -11.6363 0.1257 78.8198
 0 0.01858300 -11.6363 0.1257 78.8198
 0 0.01784000 -11.6363 0.1257 78.8198
 0 0.01741320 -11.6363 0.1257 78.8198
 0 0.01626430 -11.6363 0.1257 78.8198
 0 0.01606790 -11.6363 0.1257 78.8198
 0 0.01659210 -11.6363 0.1257 78.8198
 0 0.01626480 -11.6363 0.1257 78.8198
 0 0.01692550 -11.6363 0.1257 78.8198
 0 0.01823200 -11.6363 0.1257 78.8198
 0 0.01705720 -11.6363 0.1257 78.8198
 0 0.01762070 -11.6363 0.1257 78.8198
 0 0.01716990 -11.6363 0.1257 78.8198
 0 0.01835910 -11.6363 0.1257 78.8198
 0 0.02061740 -11.6363 0.1257 78.8198
 0 0.01764800 -11.6363 0.1257 78.8198
 0 0.01549890 -11.6363 0.1257 78.8198
 0 0.01806770 -11.6363 0.1257 78.8198
 0 0.01751630 -11.6363 0.1257 78.8198
 0 0.01752970 -11.6363 0.1257 78.8198
 0 0.01636070 -11.6363 0.1257 78.8198
 0 0.01737850 -11.6363 0.1257 78.8198
 0 0.01868400 -11.6363 0.1257 78.8198
 0 0.01683230 -11.6363 0.1257 78.8198
 0 0.01585800 -11.6363 0.1257 78.8198
 0 0.01814130 -11.6363 0.1257 78.8198
 0 0.01764740 -11.6363 0.1257 78.8198
 0 0.01668590 -11.6363 0.1257 78.8198
 0 0.01615040 -11.6363 0.1257 78.8198
 0 0.01672300 -11.6363 0.1257 78.8198
 0 0.01614750 -11.6363 0.1257 78.8198
 0 0.01857200 -11.6363 0.1257 78.8198
 0 0.01965850 -11.6363 0.1257 78.8198
 0 0.01712760 -11.6363 0.1257 78.8198
 0 0.01576100 -11.6363 0.1257 78.8198
 0 0.01666910 -11.6363 0.1257 78.8198
 0 0.01820590 -11.6363 0.1257 78.8198
 0 0.02036630 -11.6363 0.1257 78.8198
 0 0.01913980 -11.6363 0.1257 78.8198
 0 0.01709840 -11.6363 0.1257 78.8198
 0 0.01779020 -11.6363 0.1257 78.8198
 0 0.01800660 -11.6363 0.1257 78.8198
 0 0.01604320 -11.6363 0.1257 78.8198
 0 0.01801490 -11.6363 0.1257 78.8198
 0 0.01720710 -11.6363 0.1257 78.8198
 0 0.01775040 -11.6363 0.1257 78.8198
 0 0.01697780 -11.6363 0.1257 78.8198
 0 0.01897300 -11.6363 0.1257 78.8198
 0 0.01686890 -11.6363 0.1257 78.8198
 0 0.01728240 -11.6363 0.1257 78.8198
 0 0.01946400 -11.6363 0.1257 78.8198
 0 0.01711350 -11.6363 0.1257 78.8198
 0 0.01724660 -11.6363 0.1257 78.8198
 0 0.01931280 -11.6363 0.1257 78.8198
 0 0.02529100 -11.6363 0.1257 78.8198
 0 0.02457860 -11.6363 0.1257 78.8198
 0 0.02245610 -11.6363 0.1257 78.8198
 0 0.01920250 -11.6363 0.1257 78.8198
 0 0.02004450 -11.6363 0.1257 78.8198
 0 0.01848980 -11.6363 0.1257 78.8198
 0 0.02039300 -11.6363 0.1257 78.8198
 0 0.01849050 -11.6363 0.1257 78.8198
 0 0.01788260 -11.6363 0.1257 78.8198
 0 0.01732700 -11.6363 0.1257 78.8198
 0 0.01736930 -11.6363 0.1257 78.8198
 0 0.01818530 -11.6363 0.1257 78.8198
 0 0.01741010 -11.6363 0.1257 78.8198
 0 0.01929780 -11.6363 0.1257 78.8198
 0 0.02032690 -11.6363 0.1257 78.8198
 0 0.01866880 -11.6363 0.1257 78.8198
 0 0.01644080 -11.6363 0.1257 78.8198
 0 0.01963130 -11.6363 0.1257 78.8198
 0 0.01882680 -11.6363 0.1257 78.8198
 0 0.01955250 -11.6363 0.1257 78.8198
 0 0.02021190 -11.6363 0.1257 78.8198
 0 0.01870660 -11.6363 0.1257 78.8198
 0 0.01917110 -11.6363 0.1257 78.8198
 0 0.01946030 -11.6363 0.1257 78.8198
 0 0.01801080 -11.6363 0.1257 78.8198
 0 0.02113870 -11.6363 0.1257 78.8198
 0 0.02108820 -11.6363 0.1257 78.8198
 0 0.01842340 -11.6363 0.1257 78.8198
 0 0.01838040 -11.6363 0.1257 78.8198
 0 0.01876520 -11.6363 0.1257 78.8198
 0 0.02155890 -11.6363 0.1257 78.8198
 0 0.01857450 -11.6363 0.1257 78.8198
 0 0.01890340 -11.6363 0.1257 78.8198
 0 0.01768940 -11.6363 0.1257 78.8198
 0 0.01652690 -11.6363 0.1257 78.8198
 0 0.01903670 -11.6363 0.1257 78.8198
 0 0.01882160 -11.6363 0.1257 78.8198
 0 0.01615130 -11.6363 0.1257 78.8198
 0 0.01721000 -11.6363 0.1257 78.8198
 0 0.01914930 -11.6363 0.1257 78.8198
 0 0.01935080 -11.6363 0.1257 78.8198
 0 0.01737370 -11.6363 0.1257 78.8198
 0 0.02266270 -11.6363 0.1257 78.8198
 0 0.02296690 -11.6363 0.1257 78.8198
 0 0.02056740 -11.6363 0.1257 78.8198
 0 0.02004170 -11.6363 0.1257 78.8198
 0 0.02247600 -11.6363 0.1257 78.8198
 0 0.01781140 -11.6363 0.1257 78.8198
 0 0.01825330 -11.6363 0.1257 78.8198
 0 0.01798370 -11.6363 0.1257 78.8198
 0 0.01865990 -11.6363 0.1257 78.8198
 0 0.01929500 -11.6363 0.1257 78.8198
 0 0.02183900 -11.6363 0.1257 78.8198
 0 0.02145360 -11.6363 0.1257 78.8198
 0 0.02101600 -11.6363 0.1257 78.8198
 0 0.01876650 -11.6363 0.1257 78.8198
 0 0.02121460 -11.6363 0.1257 78.8198
 0 0.02007740 -11.6363 0.1257 78.8198
 0 0.02203680 -11.6363 0.1257 78.8198
 0 0.01953180 -11.6363 0.1257 78.8198
 0 0.01929190 -11.6363 0.1257 78.8198
 0 0.01865930 -11.6363 0.1257 78.8198
 0 0.02008860 -11.6363 0.1257 78.8198
 0 0.01855650 -11.6363 0.1257 78.8198
 0 0.01912110 -11.6363 0.1257 78.8198
 0 0.01842110 -11.6363 0.1257 78.8198
 0 0.01767590 -11.6363 0.1257 78.8198
 0 0.01732860 -11.6363 0.1257 78.8198
 0 0.01901190 -11.6363 0.1257 78.8198
 0 0.01999480 -11.6363 0.1257 78.8198
 0 0.02281260 -11.6363 0.1257 78.8198
 0 0.01877890 -11.6363 0.1257 78.8198
 0 0.01968150 -11.6363 0.1257 78.8198
 0 0.01885620 -11.6363 0.1257 78.8198
 0 0.01922230 -11.6363 0.1257 78.8198
 0 0.02172550 -11.6363 0.1257 78.8198
 0 0.01759630 -11.6363 0.1257 78.8198
 0 0.01754700 -11.6363 0.1257 78.8198
 0 0.01976930 -11.6363 0.1257 78.8198
 0 0.01778360 -11.6363 0.1257 78.8198
 0 0.01734040 -11.6363 0.1257 78.8198
 0 0.02043450 -11.6363 0.1257 78.8198
 0 0.01881240 -11.6363 0.1257 78.8198
 0 0.01739190 -11.6363 0.1257 78.8198
 0 0.02070020 -11.6363 0.1257 78.8198
 0 0.01975410 -11.6363 0.1257 78.8198
 0 0.01978000 -11.6363 0.1257 78.8198
 0 0.01912820 -11.6363 0.1257 78.8198
 0 0.01615940 -11.6363 0.1257 78.8198
 0 0.01805110 -11.6363 0.1257 78.8198
 0 0.01669220 -11.6363 0.1257 78.8198
 0 0.01948980 -11.6363 0.1257 78.8198
 0 0.01499040 -11.6363 0.1257 78.8198
 0 0.02162740 -11.6363 0.1257 78.8198
 0 0.01948710 -11.6363 0.1257 78.8198
 0 0.01888730 -11.6363 0.1257 78.8198
 0 0.01898920 -11.6363 0.1257 78.8198
 0 0.01790840 -11.6363 0.1257 78.8198
 0 0.01852180 -11.6363 0.1257 78.8198
 0 0.01761610 -11.6363 0.1257 78.8198
 0 0.01615550 -11.6363 0.1257 78.8198
 0 0.01762290 -11.6363 0.1257 78.8198
 0 0.01935670 -11.6363 0.1257 78.8198
 0 0.01710240 -11.6363 0.1257 78.8198
 0 0.01813920 -11.6363 0.1257 78.8198
 0 0.01929490 -11.6363 0.1257 78.8198
 0 0.01917090 -11.6363 0.1257 78.8198
 0 0.01807320 -11.6363 0.1257 78.8198
 0 0.01783900 -11.6363 0.1257 78.8198
 0 0.01849820 -11.6363 0.1257 78.8198
 0 0.01820610 -11.6363 0.1257 78.8198
 0 0.02006640 -11.6363 0.1257 78.8198
 0 0.02018780 -11.6363 0.1257 78.8198
 0 0.01515950 -11.6363 0.1257 78.8198
 0 0.01609610 -11.6363 0.1257 78.8198
 0 0.01559030 -11.6363 0.1257 78.8198
 0 0.01902230 -11.6363 0.1257 78.8198
 0 0.01784260 -11.6363 0.1257 78.8198
 0 0.01910670 -11.6363 0.1257 78.8198
 0 0.01797520 -11.6363 0.1257 78.8198
 0 0.01591880 -11.6363 0.1257 78.8198
 0 0.02364330 -11.6363 0.1257 78.8198
 0 0.02096660 -11.6363 0.1257 78.8198
 0 0.02037730 -11.6363 0.1257 78.8198
 0 0.02318540 -11.6363 0.1257 78.8198
 0 0.01999770 -11.6363 0.1257 78.8198
 0 0.02192600 -11.6363 0.1257 78.8198
 0 0.02065010 -11.6363 0.1257 78.8198
 0 0.02135120 -11.6363 0.1257 78.8198
 0 0.02157550 -11.6363 0.1257 78.8198
 0 0.01940480 -11.6363 0.1257 78.8198
 0 0.02024790 -11.6363 0.1257 78.8198
 0 0.02042070 -11.6363 0.1257 78.8198
 0 0.02302830 -11.6363 0.1257 78.8198
 0 0.02133090 -11.6363 0.1257 78.8198
 0 0.01642260 -11.6363 0.1257 78.8198
 0 0.01948980 -11.6363 0.1257 78.8198
 0 0.01797970 -11.6363 0.1257 78.8198
 0 0.01752190 -11.6363 0.1257 78.8198
 0 0.01878490 -11.6363 0.1257 78.8198
 0 0.01926510 -11.6363 0.1257 78.8198
 0 0.01979800 -11.6363 0.1257 78.8198
 0 0.01795750 -11.6363 0.1257 78.8198
 0 0.01762280 -11.6363 0.1257 78.8198
 0 0.01611330 -11.6363 0.1257 78.8198
 0 0.01858300 -11.6363 0.1257 78.8198
 0 0.02076970 -11.6363 0.1257 78.8198
 0 0.01979490 -11.6363 0.1257 78.8198
 0 0.02082340 -11.6363 0.1257 78.8198
 0 0.02180070 -11.6363 0.1257 78.8198
 0 0.02277180 -11.6363 0.1257 78.8198
 0 0.02161170 -11.6363 0.1257 78.8198
 0 0.02055900 -11.6363 0.1257 78.8198
 0 0.02062370 -11.6363 0.1257 78.8198
 0 0.01898560 -11.6363 0.1257 78.8198
 0 0.01925310 -11.6363 0.1257 78.8198
 0 0.01748100 -11.6363 0.1257 78.8198
 0 0.01680080 -11.6363 0.1257 78.8198
 0 0.01553390 -11.6363 0.1257 78.8198
 0 0.01643110 -11.6363 0.1257 78.8198
 0 0.01623150 -11.6363 0.1257 78.8198
 0 0.01999360 -11.6363 0.1257 78.8198
 0 0.01937100 -11.6363 0.1257 78.8198
 0 0.01747580 -11.6363 0.1257 78.8198
 0 0.01540410 -11.6363 0.1257 78.8198
 0 0.01824870 -11.6363 0.1257 78.8198
 0 0.02156550 -11.6363 0.1257 78.8198
 0 0.01849400 -11.6363 0.1257 78.8198
 0 0.01939780 -11.6363 0.1257 78.8198
 0 0.02097070 -11.6363 0.1257 78.8198
 0 0.02019950 -11.6363 0.1257 78.8198
 0 0.02262110 -11.6363 0.1257 78.8198
 0 0.02188660 -11.6363 0.1257 78.8198
 0 0.02167870 -11.6363 0.1257 78.8198
 0 0.04881040 -11.6363 0.1257 78.8198
 0 0.02219980 -11.6363 0.1257 78.8198
 0 0.02034550 -11.6363 0.1257 78.8198
 0 0.02250090 -11.6363 0.1257 78.8198
 0 0.01621760 -11.6363 0.1257 78.8198
 0 0.01901170 -11.6363 0.1257 78.8198
 0 0.01817170 -11.6363 0.1257 78.8198
 0 0.01689520 -11.6363 0.1257 78.8198
 0 0.01856010 -11.6363 0.1257 78.8198
 0 0.02056800 -11.6363 0.1257 78.8198
 0 0.01930550 -11.6363 0.1257 78.8198
 0 0.01845910 -11.6363 0.1257 78.8198
 0 0.01993090 -11.6363 0.1257 78.8198
 0 0.01931040 -11.6363 0.1257 78.8198
 0 0.01734130 -11.6363 0.1257 78.8198
 0 0.01900860 -11.6363 0.1257 78.8198
 0 0.01843120 -11.6363 0.1257 78.8198
 0 0.01917890 -11.6363 0.1257 78.8198
 0 0.02134070 -11.6363 0.1257 78.8198
 0 0.01711240 -11.6363 0.1257 78.8198
 0 0.02019280 -11.6363 0.1257 78.8198
 0 0.02090200 -11.6363 0.1257 78.8198
 0 0.01856580 -11.6363 0.1257 78.8198
 0 0.02009560 -11.6363 0.1257 78.8198
 0 0.01914810 -11.6363 0.1257 78.8198
 0 0.01740690 -11.6363 0.1257 78.8198
 0 0.01620700 -11.6363 0.1257 78.8198
 0 0.01759230 -11.6363 0.1257 78.8198
 0 0.01719300 -11.6363 0.1257 78.8198
 0 0.01616720 -11.6363 0.1257 78.8198
 0 0.01549320 -11.6363 0.1257 78.8198
 0 0.01810090 -11.6363 0.1257 78.8198
 0 0.01723090 -11.6363 0.1257 78.8198
 0 0.01694350 -11.6363 0.1257 78.8198
 0 0.01723990 -11.6363 0.1257 78.8198
 0 0.01755800 -11.6363 0.1257 78.8198
 0 0.01584340 -11.6363 0.1257 78.8198
 0 0.01946800 -11.6363 0.1257 78.8198
 0 0.01883100 -11.6363 0.1257 78.8198
 0 0.02090050 -11.6363 0.1257 78.8198
 0 0.01854570 -11.6363 0.1257 78.8198
 0 0.01862280 -11.6363 0.1257 78.8198
 0 0.02048090 -11.6363 0.1257 78.8198
 0 0.01897430 -11.6363 0.1257 78.8198
 0 0.01859450 -11.6363 0.1257 78.8198
 0 0.01829830 -11.6363 0.1257 78.8198
 0 0.02074840 -11.6363 0.1257 78.8198
 0 0.01780830 -11.6363 0.1257 78.8198
 0 0.01791880 -11.6363 0.1257 78.8198
 0 0.01745950 -11.6363 0.1257 78.8198
 0 0.01919300 -11.6363 0.1257 78.8198
 0 0.01821360 -11.6363 0.1257 78.8198
 0 0.01876430 -11.6363 0.1257 78.8198
 0 0.01957990 -11.6363 0.1257 78.8198
 0 0.01878210 -11.6363 0.1257 78.8198
 0 0.02008210 -11.6363 0.1257 78.8198
 0 0.02081320 -11.6363 0.1257 78.8198
 0 0.01835400 -11.6363 0.1257 78.8198
 0 0.01861540 -11.6363 0.1257 78.8198
 0 0.02292290 -11.6363 0.1257 78.8198
 0 0.02346030 -11.6363 0.1257 78.8198
 0 0.02829450 -11.6363 0.1257 78.8198
 0 0.02291960 -11.6363 0.1257 78.8198
 0 0.01827040 -11.6363 0.1257 78.8198
 0 0.01788510 -11.6363 0.1257 78.8198
 0 0.01767520 -11.6363 0.1257 78.8198
 0 0.01958530 -11.6363 0.1257 78.8198
 0 0.02034090 -11.6363 0.1257 78.8198
 0 0.01868300 -11.6363 0.1257 78.8198
 0 0.01587900 -11.6363 0.1257 78.8198
 0 0.01938920 -11.6363 0.1257 78.8198
 0 0.01552180 -11.6363 0.1257 78.8198
 0 0.01851400 -11.6363 0.1257 78.8198
 0 0.01758220 -11.6363 0.1257 78.8198
 0 0.01893470 -11.6363 0.1257 78.8198
 0 0.01640090 -11.6363 0.1257 78.8198
 0 0.01716630 -11.6363 0.1257 78.8198
 0 0.01718380 -11.6363 0.1257 78.8198
 0 0.01755660 -11.6363 0.1257 78.8198
 0 0.02249530 -11.6363 0.1257 78.8198
 0 0.01854130 -11.6363 0.1257 78.8198
 0 0.01753640 -11.6363 0.1257 78.8198
 0 0.01713650 -11.6363 0.1257 78.8198
 0 0.01837310 -11.6363 0.1257 78.8198
 0 0.01973780 -11.6363 0.1257 78.8198
 0 0.01856520 -11.6363 0.1257 78.8198
 0 0.01964940 -11.6363 0.1257 78.8198
 0 0.01669810 -11.6363 0.1257 78.8198
 0 0.01728130 -11.6363 0.1257 78.8198
 0 0.01663470 -11.6363 0.1257 78.8198
 0 0.01601190 -11.6363 0.1257 78.8198
 0 0.01739840 -11.6363 0.1257 78.8198
 0 0.01889040 -11.6363 0.1257 78.8198
 0 0.01757390 -11.6363 0.1257 78.8198
 0 0.01724050 -11.6363 0.1257 78.8198
 0 0.01739300 -11.6363 0.1257 78.8198
 0 0.01840660 -11.6363 0.1257 78.8198
 0 0.01733760 -11.6363 0.1257 78.8198
 0 0.01827960 -11.6363 0.1257 78.8198
 0 0.01799560 -11.6363 0.1257 78.8198
 0 0.02035450 -11.6363 0.1257 78.8198
 0 0.01787740 -11.6363 0.1257 78.8198
 0 0.01895410 -11.6363 0.1257 78.8198
 0 0.01925260 -11.6363 0.1257 78.8198
 0 0.02014910 -11.6363 0.1257 78.8198
 0 0.01780900 -11.6363 0.1257 78.8198
 0 0.01590210 -11.6363 0.1257 78.8198
 0 0.01919810 -11.6363 0.1257 78.8198
 0 0.01940800 -11.6363 0.1257 78.8198
 0 0.01850660 -11.6363 0.1257 78.8198
 0 0.02116610 -11.6363 0.1257 78.8198
 0 0.02075320 -11.6363 0.1257 78.8198
 0 0.01776400 -11.6363 0.1257 78.8198
 0 0.01824540 -11.6363 0.1257 78.8198
 0 0.01949420 -11.6363 0.1257 78.8198
 0 0.02059750 -11.6363 0.1257 78.8198
 0 0.01952660 -11.6363 0.1257 78.8198
 0 0.01992470 -11.6363 0.1257 78.8198
 0 0.02090230 -11.6363 0.1257 78.8198
 0 0.01792950 -11.6363 0.1257 78.8198
 0 0.01945250 -11.6363 0.1257 78.8198
 0 0.01770630 -11.6363 0.1257 78.8198
 0 0.02006050 -11.6363 0.1257 78.8198
 0 0.01929690 -11.6363 0.1257 78.8198
 0 0.01871880 -11.6363 0.1257 78.8198
 0 0.01992420 -11.6363 0.1257 78.8198
 0 0.02023620 -11.6363 0.1257 78.8198
 0 0.01680100 -11.6363 0.1257 78.8198
 0 0.01870400 -11.6363 0.1257 78.8198
 0 0.01930340 -11.6363 0.1257 78.8198
 0 0.01728390 -11.6363 0.1257 78.8198
 0 0.01918610 -11.6363 0.1257 78.8198
 0 0.02333270 -11.6363 0.1257 78.8198
 0 0.01949450 -11.6363 0.1257 78.8198
 0 0.01681880 -11.6363 0.1257 78.8198
 0 0.02069790 -11.6363 0.1257 78.8198
 0 0.02045920 -11.6363 0.1257 78.8198
 0 0.03078830 -11.6363 0.1257 78.8198
 0 0.02141590 -11.6363 0.1257 78.8198
 0 0.03232480 -11.6363 0.1257 78.8198
 0 0.02078100 -11.6363 0.1257 78.8198
 0 0.02320800 -11.6363 0.1257 78.8198
 0 0.01879430 -11.6363 0.1257 78.8198
 0 0.02325260 -11.6363 0.1257 78.8198
 0 0.02304770 -11.6363 0.1257 78.8198
 0 0.01948380 -11.6363 0.1257 78.8198
 0 0.01896870 -11.6363 0.1257 78.8198
 0 0.01994140 -11.6363 0.1257 78.8198
 0 0.02161850 -11.6363 0.1257 78.8198
 0 0.01731620 -11.6363 0.1257 78.8198
 0 0.01928730 -11.6363 0.1257 78.8198
 0 0.02221250 -11.6363 0.1257 78.8198
 0 0.03374530 -11.6363 0.1257 78.8198
 0 0.02077140 -11.6363 0.1257 78.8198
 0 0.01828270 -11.6363 0.1257 78.8198
 0 0.02003420 -11.6363 0.1257 78.8198
 0 0.01820130 -11.6363 0.1257 78.8198
 0 0.01809970 -11.6363 0.1257 78.8198
 0 0.01792500 -11.6363 0.1257 78.8198
 0 0.01577330 -11.6363 0.1257 78.8198
 0 0.01689690 -11.6363 0.1257 78.8198
 0 0.01607880 -11.6363 0.1257 78.8198
 0 0.01603210 -11.6363 0.1257 78.8198
 0 0.01767340 -11.6363 0.1257 78.8198
 0 0.01651080 -11.6363 0.1257 78.8198
 0 0.01694730 -11.6363 0.1257 78.8198
 0 0.02898300 -11.6363 0.1257 78.8198
 0 0.01785530 -11.6363 0.1257 78.8198
 0 0.01642410 -11.6363 0.1257 78.8198
 0 0.01825730 -11.6363 0.1257 78.8198
 0 0.01918760 -11.6363 0.1257 78.8198
 0 0.01793430 -11.6363 0.1257 78.8198
 0 0.01779340 -11.6363 0.1257 78.8198
 0 0.02053150 -11.6363 0.1257 78.8198
 0 0.01860860 -11.6363 0.1257 78.8198
 0 0.01937850 -11.6363 0.1257 78.8198
 0 0.02075030 -11.6363 0.1257 78.8198
 0 0.02008590 -11.6363 0.1257 78.8198
 0 0.02027190 -11.6363 0.1257 78.8198
 0 0.02335290 -11.6363 0.1257 78.8198
 0 0.01822460 -11.6363 0.1257 78.8198
 0 0.01940010 -11.6363 0.1257 78.8198
 0 0.01681910 -11.6363 0.1257 78.8198
 0 0.01809930 -11.6363 0.1257 78.8198
 0 0.01780470 -11.6363 0.1257 78.8198
 0 0.01784570 -11.6363 0.1257 78.8198
 0 0.01954030 -11.6363 0.1257 78.8198
 0 0.02119510 -11.6363 0.1257 78.8198
 0 0.01712280 -11.6363 0.1257 78.8198
 0 0.01651390 -11.6363 0.1257 78.8198
 0 0.01604100 -11.6363 0.1257 78.8198
 0 0.01940850 -11.6363 0.1257 78.8198
 0 0.01948390 -11.6363 0.1257 78.8198
 0 0.01621000 -11.6363 0.1257 78.8198
 0 0.01862330 -11.6363 0.1257 78.8198
 0 0.02074600 -11.6363 0.1257 78.8198
 0 0.01833610 -11.6363 0.1257 78.8198
 0 0.02002810 -11.6363 0.1257 78.8198
 0 0.01800770 -11.6363 0.1257 78.8198
 0 0.01998090 -11.6363 0.1257 78.8198
 0 0.01898420 -11.6363 0.1257 78.8198
 0 0.02047610 -11.6363 0.1257 78.8198
 0 0.01992490 -11.6363 0.1257 78.8198
 0 0.02094730 -11.6363 0.1257 78.8198
 0 0.01842730 -11.6363 0.1257 78.8198
 0 0.01766810 -11.6363 0.1257 78.8198
 0 0.01858900 -11.6363 0.1257 78.8198
 0 0.01834050 -11.6363 0.1257 78.8198
 0 0.01824140 -11.6363 0.1257 78.8198
 0 0.01926920 -11.6363 0.1257 78.8198
 0 0.01655980 -11.6363 0.1257 78.8198
 0 0.01792900 -11.6363 0.1257 78.8198
 0 0.01746230 -11.6363 0.1257 78.8198
 0 0.01643520 -11.6363 0.1257 78.8198
 0 0.01772420 -11.6363 0.1257 78.8198
 0 0.01979920 -11.6363 0.1257 78.8198
 0 0.01756070 -11.6363 0.1257 78.8198
 0 0.01638440 -11.6363 0.1257 78.8198
 0 0.01704960 -11.6363 0.1257 78.8198
 0 0.01814160 -11.6363 0.1257 78.8198
 0 0.01860950 -11.6363 0.1257 78.8198
 0 0.02001910 -11.6363 0.1257 78.8198
 0 0.01732520 -11.6363 0.1257 78.8198
 0 0.01668220 -11.6363 0.1257 78.8198
 0 0.01950760 -11.6363 0.1257 78.8198
 0 0.01825000 -11.6363 0.1257 78.8198
 0 0.01961250 -11.6363 0.1257 78.8198
 0 0.02005210 -11.6363 0.1257 78.8198
 0 0.01843640 -11.6363 0.1257 78.8198
 0 0.01742470 -11.6363 0.1257 78.8198
 0 0.01912940 -11.6363 0.1257 78.8198
 0 0.01994670 -11.6363 0.1257 78.8198
 0 0.01789840 -11.6363 0.1257 78.8198
 0 0.02075090 -11.6363 0.1257 78.8198
 0 0.01667170 -11.6363 0.1257 78.8198
 0 0.01615810 -11.6363 0.1257 78.8198
 0 0.02119560 -11.6363 0.1257 78.8198
 0 0.01699430 -11.6363 0.1257 78.8198
 0 0.01654680 -11.6363 0.1257 78.8198
 0 0.02008300 -11.6363 0.1257 78.8198
 0 0.01958610 -11.6363 0.1257 78.8198
 0 0.01592170 -11.6363 0.1257 78.8198
 0 0.01841890 -11.6363 0.1257 78.8198
 0 0.01945260 -11.6363 0.1257 78.8198
 0 0.01990200 -11.6363 0.1257 78.8198
 0 0.02260730 -11.6363 0.1257 78.8198
 0 0.01847120 -11.6363 0.1257 78.8198
 0 0.01943040 -11.6363 0.1257 78.8198
 0 0.02178420 -11.6363 0.1257 78.8198
 0 0.02208270 -11.6363 0.1257 78.8198
 0 0.02066400 -11.6363 0.1257 78.8198
 0 0.01935250 -11.6363 0.1257 78.8198
 0 0.01911410 -11.6363 0.1257 78.8198
 0 0.01919160 -11.6363 0.1257 78.8198
 0 0.01665180 -11.6363 0.1257 78.8198
 0 0.01886710 -11.6363 0.1257 78.8198
 0 0.02009850 -11.6363 0.1257 78.8198
 0 0.01961750 -11.6363 0.1257 78.8198
 0 0.01751780 -11.6363 0.1257 78.8198
 0 0.01778810 -11.6363 0.1257 78.8198
 0 0.01931840 -11.6363 0.1257 78.8198
 0 0.01774300 -11.6363 0.1257 78.8198
 0 0.01759190 -11.6363 0.1257 78.8198
 0 0.02031630 -11.6363 0.1257 78.8198
 0 0.01959850 -11.6363 0.1257 78.8198
 0 0.02038840 -11.6363 0.1257 78.8198
 0 0.01916700 -11.6363 0.1257 78.8198
 0 0.01990560 -11.6363 0.1257 78.8198
 0 0.01854080 -11.6363 0.1257 78.8198
 0 0.02155010 -11.6363 0.1257 78.8198
 0 0.01696830 -11.6363 0.1257 78.8198
 0 0.04044640 -11.6363 0.1257 78.8198
 0 0.02089030 -11.6363 0.1257 78.8198
 0 0.01946790 -11.6363 0.1257 78.8198
 0 0.01960270 -11.6363 0.1257 78.8198
 0 0.02018340 -11.6363 0.1257 78.8198
 0 0.01876500 -11.6363 0.1257 78.8198
 0 0.01945030 -11.6363 0.1257 78.8198
 0 0.01822940 -11.6363 0.1257 78.8198
 0 0.02107720 -11.6363 0.1257 78.8198
 0 0.02050120 -11.6363 0.1257 78.8198
 0 0.02181040 -11.6363 0.1257 78.8198
 0 0.01981070 -11.6363 0.1257 78.8198
 0 0.01803830 -11.6363 0.1257 78.8198
 0 0.02105910 -11.6363 0.1257 78.8198
 0 0.01991680 -11.6363 0.1257 78.8198
 0 0.02357000 -11.6363 0.1257 78.8198
 0 0.01896990 -11.6363 0.1257 78.8198
 0 0.01780700 -11.6363 0.1257 78.8198
 0 0.01765510 -11.6363 0.1257 78.8198
 0 0.01825050 -11.6363 0.1257 78.8198
 0 0.01897610 -11.6363 0.1257 78.8198
 0 0.02026820 -11.6363 0.1257 78.8198
 0 0.01967660 -11.6363 0.1257 78.8198
 0 0.01925430 -11.6363 0.1257 78.8198
 0 0.02089430 -11.6363 0.1257 78.8198
 0 0.01956600 -11.6363 0.1257 78.8198
 0 0.02158130 -11.6363 0.1257 78.8198
 0 0.01909440 -11.6363 0.1257 78.8198
 0 0.01766380 -11.6363 0.1257 78.8198
 0 0.01770290 -11.6363 0.1257 78.8198
 0 0.01950820 -11.6363 0.1257 78.8198
 0 0.01936540 -11.6363 0.1257 78.8198
 0 0.02076660 -11.6363 0.1257 78.8198
 0 0.01907300 -11.6363 0.1257 78.8198
 0 0.02182590 -11.6363 0.1257 78.8198
 0 0.01850660 -11.6363 0.1257 78.8198
 0 0.01940330 -11.6363 0.1257 78.8198
 0 0.01941460 -11.6363 0.1257 78.8198
 0 0.01790370 -11.6363 0.1257 78.8198
 0 0.01655400 -11.6363 0.1257 78.8198
 0 0.01972200 -11.6363 0.1257 78.8198
 0 0.01861080 -11.6363 0.1257 78.8198
 0 0.01728700 -11.6363 0.1257 78.8198
 0 0.02000310 -11.6363 0.1257 78.8198
 0 0.01932160 -11.6363 0.1257 78.8198
 0 0.01941400 -11.6363 0.1257 78.8198
 0 0.01931260 -11.6363 0.1257 78.8198
 0 0.02200270 -11.6363 0.1257 78.8198
 0 0.01921930 -11.6363 0.1257 78.8198
 0 0.01821760 -11.6363 0.1257 78.8198
 0 0.01912650 -11.6363 0.1257 78.8198
 0 0.01959990 -11.6363 0.1257 78.8198
 0 0.01959030 -11.6363 0.1257 78.8198
 0 0.01727500 -11.6363 0.1257 78.8198
 0 0.01578440 -11.6363 0.1257 78.8198
 0 0.01986210 -11.6363 0.1257 78.8198
 0 0.01771810 -11.6363 0.1257 78.8198
 0 0.02096350 -11.6363 0.1257 78.8198
 0 0.01855400 -11.6363 0.1257 78.8198
 0 0.01969720 -11.6363 0.1257 78.8198
 0 0.01875250 -11.6363 0.1257 78.8198
 0 0.02128610 -11.6363 0.1257 78.8198
 0 0.01897240 -11.6363 0.1257 78.8198
 0 0.02108120 -11.6363 0.1257 78.8198
 0 0.01928300 -11.6363 0.1257 78.8198
 0 0.02569400 -11.6363 0.1257 78.8198
 0 0.03028390 -11.6363 0.1257 78.8198
 0 0.03382380 -11.6363 0.1257 78.8198
 0 0.02256360 -11.6363 0.1257 78.8198
 0 0.02046590 -11.6363 0.1257 78.8198
 0 0.02435130 -11.6363 0.1257 78.8198
 0 0.03292370 -11.6363 0.1257 78.8198
 0 0.02704430 -11.6363 0.1257 78.8198
 0 0.03066860 -11.6363 0.1257 78.8198
 0 0.02654750 -11.6363 0.1257 78.8198
 0 0.02081860 -11.6363 0.1257 78.8198
 0 0.01893200 -11.6363 0.1257 78.8198
 0 0.01675760 -11.6363 0.1257 78.8198
 0 0.01966680 -11.6363 0.1257 78.8198
 0 0.01818090 -11.6363 0.1257 78.8198
 0 0.01726740 -11.6363 0.1257 78.8198
 0 0.01606940 -11.6363 0.1257 78.8198
 0 0.02144980 -11.6363 0.1257 78.8198
 0 0.01828150 -11.6363 0.1257 78.8198
 0 0.01991460 -11.6363 0.1257 78.8198
 0 0.01895760 -11.6363 0.1257 78.8198
 0 0.02024610 -11.6363 0.1257 78.8198
 0 0.01856760 -11.6363 0.1257 78.8198
 0 0.01999520 -11.6363 0.1257 78.8198
 0 0.01736060 -11.6363 0.1257 78.8198
 0 0.01761200 -11.6363 0.1257 78.8198
 0 0.01624240 -11.6363 0.1257 78.8198
 0 0.01833000 -11.6363 0.1257 78.8198
 0 0.01628760 -11.6363 0.1257 78.8198
 0 0.01919280 -11.6363 0.1257 78.8198
 0 0.01989380 -11.6363 0.1257 78.8198
 0 0.01897780 -11.6363 0.1257 78.8198
 0 0.01862960 -11.6363 0.1257 78.8198
 0 0.01980250 -11.6363 0.1257 78.8198
 0 0.01822220 -11.6363 0.1257 78.8198
 0 0.02295290 -11.6363 0.1257 78.8198
 0 0.02095270 -11.6363 0.1257 78.8198
 0 0.01812660 -11.6363 0.1257 78.8198
 0 0.02085760 -11.6363 0.1257 78.8198
 0 0.02062710 -11.6363 0.1257 78.8198
 0 0.02156720 -11.6363 0.1257 78.8198
 0 0.01811740 -11.6363 0.1257 78.8198
 0 0.01996530 -11.6363 0.1257 78.8198
 0 0.01966470 -11.6363 0.1257 78.8198
 0 0.01984440 -11.6363 0.1257 78.8198
 0 0.01910360 -11.6363 0.1257 78.8198
 0 0.02096760 -11.6363 0.1257 78.8198
 0 0.01722700 -11.6363 0.1257 78.8198
 0 0.01930640 -11.6363 0.1257 78.8198
 0 0.02021820 -11.6363 0.1257 78.8198
 0 0.02023670 -11.6363 0.1257 78.8198
 0 0.02191050 -11.6363 0.1257 78.8198
 0 0.01926300 -11.6363 0.1257 78.8198
 0 0.01903530 -11.6363 0.1257 78.8198
 0 0.01984490 -11.6363 0.1257 78.8198
 0 0.01718390 -11.6363 0.1257 78.8198
 0 0.01735860 -11.6363 0.1257 78.8198
 0 0.02047760 -11.6363 0.1257 78.8198
 0 0.01706790 -11.6363 0.1257 78.8198
 0 0.01708030 -11.6363 0.1257 78.8198
 0 0.01619550 -11.6363 0.1257 78.8198
 0 0.01849090 -11.6363 0.1257 78.8198
 0 0.01987380 -11.6363 0.1257 78.8198
 0 0.01862820 -11.6363 0.1257 78.8198
 0 0.01786800 -11.6363 0.1257 78.8198
 0 0.01989600 -11.6363 0.1257 78.8198
 0 0.01807900 -11.6363 0.1257 78.8198
 0 0.01729450 -11.6363 0.1257 78.8198
 0 0.02089740 -11.6363 0.1257 78.8198
 0 0.01810170 -11.6363 0.1257 78.8198
 0 0.01741380 -11.6363 0.1257 78.8198
 0 0.01587120 -11.6363 0.1257 78.8198
 0 0.01782230 -11.6363 0.1257 78.8198
 0 0.01655990 -11.6363 0.1257 78.8198
 0 0.01749080 -11.6363 0.1257 78.8198
 0 0.01749460 -11.6363 0.1257 78.8198
 0 0.02117950 -11.6363 0.1257 78.8198
 0 0.01826360 -11.6363 0.1257 78.8198
 0 0.01809540 -11.6363 0.1257 78.8198
 0 0.01766080 -11.6363 0.1257 78.8198
 0 0.01957740 -11.6363 0.1257 78.8198
 0 0.02103860 -11.6363 0.1257 78.8198
 0 0.01626540 -11.6363 0.1257 78.8198
 0 0.01637640 -11.6363 0.1257 78.8198
 0 0.01551660 -11.6363 0.1257 78.8198
 0 0.01738620 -11.6363 0.1257 78.8198
 0 0.01779540 -11.6363 0.1257 78.8198
 0 0.02062600 -11.6363 0.1257 78.8198
 0 0.01795980 -11.6363 0.1257 78.8198
 0 0.01686400 -11.6363 0.1257 78.8198
 0 0.01915600 -11.6363 0.1257 78.8198
 0 0.01859770 -11.6363 0.1257 78.8198
 0 0.01711540 -11.6363 0.1257 78.8198
 0 0.01889360 -11.6363 0.1257 78.8198
 0 0.32692950 -11.6363 0.1257 78.8198
 0 0.33333330 -11.6363 0.1257 78.8198
 0 0.33333330 -11.6363 0.1257 78.8198
 0 0.33333330 -11.6363 0.1257 78.8198
 0 0.33333330 -11.6363 0.1257 78.8198
 0 0.33333330 -11.6363 0.1257 78.8198
 0 0.33333330 -11.6363 0.1257 78.8198
 0 0.03400200 -11.6363 0.1257 78.8198
 0 0.02027130 -11.6363 0.1257 78.8198
 0 0.02051490 -11.6363 0.1257 78.8198
 0 0.01848900 -11.6363 0.1257 78.8198
 0 0.01878590 -11.6363 0.1257 78.8198
 0 0.02126720 -11.6363 0.1257 78.8198
 0 0.01662140 -11.6363 0.1257 78.8198
 0 0.01607240 -11.6363 0.1257 78.8198
 0 0.01788130 -11.6363 0.1257 78.8198
 0 0.01828820 -11.6363 0.1257 78.8198
 0 0.01597830 -11.6363 0.1257 78.8198
 0 0.01712870 -11.6363 0.1257 78.8198
 0 0.01730630 -11.6363 0.1257 78.8198
 0 0.01963800 -11.6363 0.1257 78.8198
 0 0.01695270 -11.6363 0.1257 78.8198
 0 0.02052570 -11.6363 0.1257 78.8198
 0 0.02317370 -11.6363 0.1257 78.8198
 0 0.02248090 -11.6363 0.1257 78.8198
 0 0.01615020 -11.6363 0.1257 78.8198
 0 0.01760640 -11.6363 0.1257 78.8198
 0 0.01700550 -11.6363 0.1257 78.8198
 0 0.01896380 -11.6363 0.1257 78.8198
 0 0.02010120 -11.6363 0.1257 78.8198
 0 0.02193390 -11.6363 0.1257 78.8198
 0 0.01847840 -11.6363 0.1257 78.8198
 0 0.01981500 -11.6363 0.1257 78.8198
 0 0.02042450 -11.6363 0.1257 78.8198
 0 0.02275400 -11.6363 0.1257 78.8198
 0 0.01970960 -11.6363 0.1257 78.8198
 0 0.01767470 -11.6363 0.1257 78.8198
 0 0.01626150 -11.6363 0.1257 78.8198
 0 0.02102150 -11.6363 0.1257 78.8198
 0 0.01945370 -11.6363 0.1257 78.8198
 0 0.01762110 -11.6363 0.1257 78.8198
 0 0.01931450 -11.6363 0.1257 78.8198
 0 0.01982450 -11.6363 0.1257 78.8198
 0 0.02065860 -11.6363 0.1257 78.8198
 0 0.01912540 -11.6363 0.1257 78.8198
 0 0.01991000 -11.6363 0.1257 78.8198
 0 0.01805190 -11.6363 0.1257 78.8198
 0 0.01840580 -11.6363 0.1257 78.8198
 0 0.01757030 -11.6363 0.1257 78.8198
 0 0.01753990 -11.6363 0.1257 78.8198
 0 0.01863450 -11.6363 0.1257 78.8198
 0 0.01722440 -11.6363 0.1257 78.8198
 0 0.01804620 -11.6363 0.1257 78.8198
 0 0.01906990 -11.6363 0.1257 78.8198
 0 0.01986910 -11.6363 0.1257 78.8198
 0 0.01837090 -11.6363 0.1257 78.8198
 0 0.01991460 -11.6363 0.1257 78.8198
 0 0.02156740 -11.6363 0.1257 78.8198
 0 0.02111000 -11.6363 0.1257 78.8198
 0 0.02372790 -11.6363 0.1257 78.8198
 0 0.02087150 -11.6363 0.1257 78.8198
 0 0.02105520 -11.6363 0.1257 78.8198
 0 0.01947740 -11.6363 0.1257 78.8198
 0 0.02301180 -11.6363 0.1257 78.8198
 0 0.02000600 -11.6363 0.1257 78.8198
 0 0.01914660 -11.6363 0.1257 78.8198
 0 0.01808890 -11.6363 0.1257 78.8198
 0 0.01962330 -11.6363 0.1257 78.8198
 0 0.01883790 -11.6363 0.1257 78.8198
 0 0.01914010 -11.6363 0.1257 78.8198
 0 0.01756880 -11.6363 0.1257 78.8198
 0 0.01899180 -11.6363 0.1257 78.8198
 0 0.01674660 -11.6363 0.1257 78.8198
 0 0.01660030 -11.6363 0.1257 78.8198
 0 0.01845940 -11.6363 0.1257 78.8198
 0 0.01794890 -11.6363 0.1257 78.8198
 0 0.01976440 -11.6363 0.1257 78.8198
 0 0.02048560 -11.6363 0.1257 78.8198
 0 0.01725310 -11.6363 0.1257 78.8198
 0 0.01736550 -11.6363 0.1257 78.8198
 0 0.02217710 -11.6363 0.1257 78.8198
 0 0.01913250 -11.6363 0.1257 78.8198
 0 0.02091770 -11.6363 0.1257 78.8198
 0 0.02068140 -11.6363 0.1257 78.8198
 0 0.01898950 -11.6363 0.1257 78.8198
 0 0.01853900 -11.6363 0.1257 78.8198
 0 0.01959520 -11.6363 0.1257 78.8198
 0 0.02015420 -11.6363 0.1257 78.8198
 0 0.02051450 -11.6363 0.1257 78.8198
 0 0.01932410 -11.6363 0.1257 78.8198
 0 0.02031900 -11.6363 0.1257 78.8198
 0 0.01797100 -11.6363 0.1257 78.8198
 0 0.03613130 -11.6363 0.1257 78.8198
 0 0.01986800 -11.6363 0.1257 78.8198
 0 0.01946050 -11.6363 0.1257 78.8198
 0 0.02176670 -11.6363 0.1257 78.8198
 0 0.01968950 -11.6363 0.1257 78.8198
 0 0.01811080 -11.6363 0.1257 78.8198
 0 0.01806350 -11.6363 0.1257 78.8198
 0 0.02334190 -11.6363 0.1257 78.8198
 0 0.01893710 -11.6363 0.1257 78.8198
 0 0.01787750 -11.6363 0.1257 78.8198
 0 0.01891320 -11.6363 0.1257 78.8198
 0 0.01910810 -11.6363 0.1257 78.8198
 0 0.01847840 -11.6363 0.1257 78.8198
 0 0.01999140 -11.6363 0.1257 78.8198
 0 0.01848920 -11.6363 0.1257 78.8198
 0 0.01918610 -11.6363 0.1257 78.8198
 0 0.01682000 -11.6363 0.1257 78.8198
 0 0.02039560 -11.6363 0.1257 78.8198
 0 0.01933800 -11.6363 0.1257 78.8198
 0 0.04047950 -11.6363 0.1257 78.8198
 0 0.01899780 -11.6363 0.1257 78.8198
 0 0.01785730 -11.6363 0.1257 78.8198
 0 0.02118020 -11.6363 0.1257 78.8198
 0 0.01999250 -11.6363 0.1257 78.8198
 0 0.02039500 -11.6363 0.1257 78.8198
 0 0.01821450 -11.6363 0.1257 78.8198
 0 0.01936900 -11.6363 0.1257 78.8198
 0 0.01860500 -11.6363 0.1257 78.8198
 0 0.01873470 -11.6363 0.1257 78.8198
 0 0.01925000 -11.6363 0.1257 78.8198
 0 0.01870200 -11.6363 0.1257 78.8198
 0 0.02017240 -11.6363 0.1257 78.8198
 0 0.01945370 -11.6363 0.1257 78.8198
 0 0.01794050 -11.6363 0.1257 78.8198
 0 0.02226900 -11.6363 0.1257 78.8198
 0 0.01945250 -11.6363 0.1257 78.8198
 0 0.01766220 -11.6363 0.1257 78.8198
 0 0.01765200 -11.6363 0.1257 78.8198
 0 0.01864080 -11.6363 0.1257 78.8198
 0 0.02001260 -11.6363 0.1257 78.8198
 0 0.01855490 -11.6363 0.1257 78.8198
 0 0.01742090 -11.6363 0.1257 78.8198
 0 0.01815990 -11.6363 0.1257 78.8198
 0 0.01739280 -11.6363 0.1257 78.8198
 0 0.01635640 -11.6363 0.1257 78.8198
 0 0.01742070 -11.6363 0.1257 78.8198
 0 0.02116820 -11.6363 0.1257 78.8198
 0 0.02056310 -11.6363 0.1257 78.8198
 0 0.01858030 -11.6363 0.1257 78.8198
 0 0.01789280 -11.6363 0.1257 78.8198
 0 0.01643160 -11.6363 0.1257 78.8198
 0 0.01650900 -11.6363 0.1257 78.8198
 0 0.01868040 -11.6363 0.1257 78.8198
 0 0.02113030 -11.6363 0.1257 78.8198
 0 0.01763820 -11.6363 0.1257 78.8198
 0 0.01768340 -11.6363 0.1257 78.8198
 0 0.01853000 -11.6363 0.1257 78.8198
 0 0.01867220 -11.6363 0.1257 78.8198
 0 0.01745220 -11.6363 0.1257 78.8198
 0 0.01545520 -11.6363 0.1257 78.8198
 0 0.01753980 -11.6363 0.1257 78.8198
 0 0.01619940 -11.6363 0.1257 78.8198
 0 0.01847860 -11.6363 0.1257 78.8198
 0 0.01507170 -11.6363 0.1257 78.8198
 0 0.01697160 -11.6363 0.1257 78.8198
 0 0.01527140 -11.6363 0.1257 78.8198
 0 0.01670230 -11.6363 0.1257 78.8198
 0 0.01895160 -11.6363 0.1257 78.8198
 0 0.01743850 -11.6363 0.1257 78.8198
 0 0.01727020 -11.6363 0.1257 78.8198
 0 0.01776190 -11.6363 0.1257 78.8198
 0 0.01772470 -11.6363 0.1257 78.8198
 0 0.01995780 -11.6363 0.1257 78.8198
 0 0.01811970 -11.6363 0.1257 78.8198
 0 0.01848730 -11.6363 0.1257 78.8198
 0 0.01917470 -11.6363 0.1257 78.8198
 0 0.01594550 -11.6363 0.1257 78.8198
 0 0.01629970 -11.6363 0.1257 78.8198
 0 0.01889630 -11.6363 0.1257 78.8198
 0 0.01693620 -11.6363 0.1257 78.8198
 0 0.01823070 -11.6363 0.1257 78.8198
 0 0.01739410 -11.6363 0.1257 78.8198
 0 0.01662440 -11.6363 0.1257 78.8198
 0 0.01708580 -11.6363 0.1257 78.8198
 0 0.01548830 -11.6363 0.1257 78.8198
 0 0.01710070 -11.6363 0.1257 78.8198
 0 0.01614690 -11.6363 0.1257 78.8198
 0 0.01799790 -11.6363 0.1257 78.8198
 0 0.01585990 -11.6363 0.1257 78.8198
 0 0.01751670 -11.6363 0.1257 78.8198
 0 0.02041420 -11.6363 0.1257 78.8198
 0 0.01717360 -11.6363 0.1257 78.8198
 0 0.01772100 -11.6363 0.1257 78.8198
 0 0.01664090 -11.6363 0.1257 78.8198
 0 0.01697330 -11.6363 0.1257 78.8198
 0 0.01777030 -11.6363 0.1257 78.8198
 0 0.01985360 -11.6363 0.1257 78.8198
 0 0.02009690 -11.6363 0.1257 78.8198
 0 0.02028370 -11.6363 0.1257 78.8198
 0 0.01823160 -11.6363 0.1257 78.8198
 0 0.01860610 -11.6363 0.1257 78.8198
 0 0.01950670 -11.6363 0.1257 78.8198
 0 0.02268250 -11.6363 0.1257 78.8198
 0 0.02001770 -11.6363 0.1257 78.8198
 0 0.01892580 -11.6363 0.1257 78.8198
 0 0.01891790 -11.6363 0.1257 78.8198
 0 0.01909370 -11.6363 0.1257 78.8198
 0 0.02060200 -11.6363 0.1257 78.8198
 0 0.01922570 -11.6363 0.1257 78.8198
 0 0.01976110 -11.6363 0.1257 78.8198
 0 0.01790010 -11.6363 0.1257 78.8198
 0 0.01801910 -11.6363 0.1257 78.8198
 0 0.01919260 -11.6363 0.1257 78.8198
 0 0.01998980 -11.6363 0.1257 78.8198
 0 0.02023490 -11.6363 0.1257 78.8198
 0 0.01930060 -11.6363 0.1257 78.8198
 0 0.01932610 -11.6363 0.1257 78.8198
 0 0.02048530 -11.6363 0.1257 78.8198
 0 0.02006690 -11.6363 0.1257 78.8198
 0 0.01793970 -11.6363 0.1257 78.8198
 0 0.01821260 -11.6363 0.1257 78.8198
 0 0.01905520 -11.6363 0.1257 78.8198
 0 0.02056750 -11.6363 0.1257 78.8198
 0 0.01729930 -11.6363 0.1257 78.8198
 0 0.01972350 -11.6363 0.1257 78.8198
 0 0.01953210 -11.6363 0.1257 78.8198
 0 0.02030390 -11.6363 0.1257 78.8198
 0 0.01985530 -11.6363 0.1257 78.8198
 0 0.01846630 -11.6363 0.1257 78.8198
 0 0.02042700 -11.6363 0.1257 78.8198
 0 0.01967250 -11.6363 0.1257 78.8198
 0 0.01955800 -11.6363 0.1257 78.8198
 0 0.01875290 -11.6363 0.1257 78.8198
 0 0.01970840 -11.6363 0.1257 78.8198
 0 0.01719940 -11.6363 0.1257 78.8198
 0 0.01860110 -11.6363 0.1257 78.8198
 0 0.02014270 -11.6363 0.1257 78.8198
 0 0.01844520 -11.6363 0.1257 78.8198
 0 0.02110020 -11.6363 0.1257 78.8198
 0 0.01804930 -11.6363 0.1257 78.8198
 0 0.01991220 -11.6363 0.1257 78.8198
 0 0.02002820 -11.6363 0.1257 78.8198
 0 0.01838500 -11.6363 0.1257 78.8198
 0 0.01691890 -11.6363 0.1257 78.8198
 0 0.01687010 -11.6363 0.1257 78.8198
 0 0.01811150 -11.6363 0.1257 78.8198
 0 0.01771620 -11.6363 0.1257 78.8198
 0 0.01762920 -11.6363 0.1257 78.8198
 0 0.01645440 -11.6363 0.1257 78.8198
 0 0.01561300 -11.6363 0.1257 78.8198
 0 0.01673430 -11.6363 0.1257 78.8198
 0 0.01724970 -11.6363 0.1257 78.8198
 0 0.01829820 -11.6363 0.1257 78.8198
 0 0.01787640 -11.6363 0.1257 78.8198
 0 0.01716610 -11.6363 0.1257 78.8198
 0 0.01861290 -11.6363 0.1257 78.8198
 0 0.02006380 -11.6363 0.1257 78.8198
 0 0.01842780 -11.6363 0.1257 78.8198
 0 0.01905630 -11.6363 0.1257 78.8198
 0 0.01750150 -11.6363 0.1257 78.8198
 0 0.01781700 -11.6363 0.1257 78.8198
 0 0.01830860 -11.6363 0.1257 78.8198
 0 0.01893060 -11.6363 0.1257 78.8198
 0 0.01924330 -11.6363 0.1257 78.8198
 0 0.01924600 -11.6363 0.1257 78.8198
 0 0.01891370 -11.6363 0.1257 78.8198
 0 0.01915220 -11.6363 0.1257 78.8198
 0 0.01957370 -11.6363 0.1257 78.8198
 0 0.02049780 -11.6363 0.1257 78.8198
 0 0.02059970 -11.6363 0.1257 78.8198
 0 0.01757240 -11.6363 0.1257 78.8198
 0 0.01713380 -11.6363 0.1257 78.8198
 0 0.01751980 -11.6363 0.1257 78.8198
 0 0.01992020 -11.6363 0.1257 78.8198
 0 0.01856250 -11.6363 0.1257 78.8198
 0 0.01954830 -11.6363 0.1257 78.8198
 0 0.01677510 -11.6363 0.1257 78.8198
 0 0.01887020 -11.6363 0.1257 78.8198
 0 0.01693180 -11.6363 0.1257 78.8198
 0 0.01619530 -11.6363 0.1257 78.8198
 0 0.01733020 -11.6363 0.1257 78.8198
 0 0.01738780 -11.6363 0.1257 78.8198
 0 0.01715970 -11.6363 0.1257 78.8198
 0 0.01628340 -11.6363 0.1257 78.8198
 0 0.01721130 -11.6363 0.1257 78.8198
 0 0.01647370 -11.6363 0.1257 78.8198
 0 0.01765540 -11.6363 0.1257 78.8198
 0 0.02021690 -11.6363 0.1257 78.8198
 0 0.01723260 -11.6363 0.1257 78.8198
 0 0.01620830 -11.6363 0.1257 78.8198
 0 0.01680390 -11.6363 0.1257 78.8198
 0 0.01637310 -11.6363 0.1257 78.8198
 0 0.01771270 -11.6363 0.1257 78.8198
 0 0.01820800 -11.6363 0.1257 78.8198
 0 0.01726470 -11.6363 0.1257 78.8198
 0 0.01710360 -11.6363 0.1257 78.8198
 0 0.01750200 -11.6363 0.1257 78.8198
 0 0.01715610 -11.6363 0.1257 78.8198
 0 0.01697310 -11.6363 0.1257 78.8198
 0 0.01645230 -11.6363 0.1257 78.8198
 0 0.01756850 -11.6363 0.1257 78.8198
 0 0.01622330 -11.6363 0.1257 78.8198
 0 0.01660540 -11.6363 0.1257 78.8198
 0 0.01730600 -11.6363 0.1257 78.8198
 0 0.01634520 -11.6363 0.1257 78.8198
 0 0.01729310 -11.6363 0.1257 78.8198
 0 0.01666820 -11.6363 0.1257 78.8198
 0 0.01634920 -11.6363 0.1257 78.8198
 0 0.01763090 -11.6363 0.1257 78.8198
 0 0.01809480 -11.6363 0.1257 78.8198
 0 0.01640660 -11.6363 0.1257 78.8198
 0 0.01651570 -11.6363 0.1257 78.8198
 0 0.01807970 -11.6363 0.1257 78.8198
 0 0.01665780 -11.6363 0.1257 78.8198
 0 0.01568040 -11.6363 0.1257 78.8198
 0 0.01739400 -11.6363 0.1257 78.8198
 0 0.01767790 -11.6363 0.1257 78.8198
 0 0.01776900 -11.6363 0.1257 78.8198
 0 0.01827990 -11.6363 0.1257 78.8198
 0 0.01790520 -11.6363 0.1257 78.8198
 0 0.01778700 -11.6363 0.1257 78.8198
 0 0.01896440 -11.6363 0.1257 78.8198
 0 0.01679680 -11.6363 0.1257 78.8198
 0 0.01738370 -11.6363 0.1257 78.8198
 0 0.01754850 -11.6363 0.1257 78.8198
 0 0.01809970 -11.6363 0.1257 78.8198
 0 0.01915760 -11.6363 0.1257 78.8198
 0 0.01968500 -11.6363 0.1257 78.8198
 0 0.01790150 -11.6363 0.1257 78.8198
 0 0.01612860 -11.6363 0.1257 78.8198
 0 0.01863910 -11.6363 0.1257 78.8198
 0 0.01819540 -11.6363 0.1257 78.8198
 0 0.01877420 -11.6363 0.1257 78.8198
 0 0.01689330 -11.6363 0.1257 78.8198
 0 0.01639450 -11.6363 0.1257 78.8198
 0 0.01902710 -11.6363 0.1257 78.8198
 0 0.01788680 -11.6363 0.1257 78.8198
 0 0.01835600 -11.6363 0.1257 78.8198
 0 0.01627420 -11.6363 0.1257 78.8198
 0 0.01771420 -11.6363 0.1257 78.8198
 0 0.01815900 -11.6363 0.1257 78.8198
 0 0.01914190 -11.6363 0.1257 78.8198
 0 0.01591410 -11.6363 0.1257 78.8198
 0 0.01768440 -11.6363 0.1257 78.8198
 0 0.01538870 -11.6363 0.1257 78.8198
 0 0.01817070 -11.6363 0.1257 78.8198
 41 0.01864330 -11.6363 0.1257 78.8198
 0 0.03674110 -11.6363 0.1257 78.8198
 0 0.01559100 -11.6363 0.1257 78.8198
 0 0.01607680 -11.6363 0.1257 78.8198
 0 0.01496160 -11.6363 0.1257 78.8198
 0 0.01323660 -11.6363 0.1257 78.8198
 0 0.02057010 -11.6363 0.1257 78.8198
 0 0.01303850 -11.6363 0.1257 78.8198
 0 0.01424370 -11.6363 0.1257 78.8198
 0 0.01542490 -11.6363 0.1257 78.8198
 0 0.01524810 -11.6363 0.1257 78.8198
 0 0.01485340 -11.6363 0.1257 78.8198
 0 0.01614020 -11.6363 0.1257 78.8198
 0 0.01549690 -11.6363 0.1257 78.8198
 0 0.01504180 -11.6363 0.1257 78.8198
 0 0.01459080 -11.6363 0.1257 78.8198
 0 0.01555370 -11.6363 0.1257 78.8198
 0 0.01400630 -11.6363 0.1257 78.8198
 0 0.01676620 -11.6363 0.1257 78.8198
 0 0.01485500 -11.6363 0.1257 78.8198
 0 0.01758010 -11.6363 0.1257 78.8198
 0 0.01651000 -11.6363 0.1257 78.8198
 0 0.01440350 -11.6363 0.1257 78.8198
 0 0.01339360 -11.6363 0.1257 78.8198
 0 0.01514380 -11.6363 0.1257 78.8198
 0 0.01693810 -11.6363 0.1257 78.8198
 0 0.01549410 -11.6363 0.1257 78.8198
 0 0.01653720 -11.6363 0.1257 78.8198
 0 0.01642250 -11.6363 0.1257 78.8198
 0 0.01473500 -11.6363 0.1257 78.8198
 0 0.01489320 -11.6363 0.1257 78.8198
 0 0.01437230 -11.6363 0.1257 78.8198
 0 0.01461430 -11.6363 0.1257 78.8198
 0 0.01427270 -11.6363 0.1257 78.8198
 0 0.01720290 -11.6363 0.1257 78.8198
 0 0.01510900 -11.6363 0.1257 78.8198
 0 0.01359320 -11.6363 0.1257 78.8198
 0 0.01408760 -11.6363 0.1257 78.8198
 0 0.01721170 -11.6363 0.1257 78.8198
 0 0.01582910 -11.6363 0.1257 78.8198
 0 0.01349660 -11.6363 0.1257 78.8198
 0 0.01615990 -11.6363 0.1257 78.8198
 0 0.01559770 -11.6363 0.1257 78.8198
 0 0.01562440 -11.6363 0.1257 78.8198
 0 0.01598360 -11.6363 0.1257 78.8198
 0 0.01581680 -11.6363 0.1257 78.8198
 0 0.03237960 -11.6363 0.1257 78.8198
 0 0.01695180 -11.6363 0.1257 78.8198
 0 0.01310910 -11.6363 0.1257 78.8198
 0 0.01458980 -11.6363 0.1257 78.8198
 0 0.01604070 -11.6363 0.1257 78.8198
 0 0.01552360 -11.6363 0.1257 78.8198
 0 0.01608700 -11.6363 0.1257 78.8198
 0 0.01441120 -11.6363 0.1257 78.8198
 0 0.01446750 -11.6363 0.1257 78.8198
 0 0.01407320 -11.6363 0.1257 78.8198
 0 0.01180390 -11.6363 0.1257 78.8198
 0 0.01529020 -11.6363 0.1257 78.8198
 0 0.01554680 -11.6363 0.1257 78.8198
 0 0.02145490 -11.6363 0.1257 78.8198
 0 0.02047860 -11.6363 0.1257 78.8198
 0 0.01204010 -11.6363 0.1257 78.8198
 0 0.01549440 -11.6363 0.1257 78.8198
 0 0.01566460 -11.6363 0.1257 78.8198
 0 0.01437640 -11.6363 0.1257 78.8198
 0 0.01469790 -11.6363 0.1257 78.8198
 0 0.01465680 -11.6363 0.1257 78.8198
 0 0.01371820 -11.6363 0.1257 78.8198
 0 0.01334700 -11.6363 0.1257 78.8198
 0 0.01700290 -11.6363 0.1257 78.8198
 0 0.01522580 -11.6363 0.1257 78.8198
 0 0.01468940 -11.6363 0.1257 78.8198
 0 0.01374400 -11.6363 0.1257 78.8198
 0 0.01461160 -11.6363 0.1257 78.8198
 0 0.01562080 -11.6363 0.1257 78.8198
 0 0.01290470 -11.6363 0.1257 78.8198
 0 0.01343000 -11.6363 0.1257 78.8198
 0 0.01479890 -11.6363 0.1257 78.8198
 0 0.01520060 -11.6363 0.1257 78.8198
 0 0.01491060 -11.6363 0.1257 78.8198
 0 0.01383690 -11.6363 0.1257 78.8198
 0 0.01373230 -11.6363 0.1257 78.8198
 0 0.01203000 -11.6363 0.1257 78.8198
 0 0.01586200 -11.6363 0.1257 78.8198
 0 0.01595720 -11.6363 0.1257 78.8198
 0 0.01307840 -11.6363 0.1257 78.8198
 0 0.01297580 -11.6363 0.1257 78.8198
 0 0.01391020 -11.6363 0.1257 78.8198
 0 0.01721180 -11.6363 0.1257 78.8198
 0 0.01374140 -11.6363 0.1257 78.8198
 0 0.01483450 -11.6363 0.1257 78.8198
 0 0.01414240 -11.6363 0.1257 78.8198
 0 0.01724880 -11.6363 0.1257 78.8198
 0 0.01446410 -11.6363 0.1257 78.8198
 0 0.01325260 -11.6363 0.1257 78.8198
 0 0.01294870 -11.6363 0.1257 78.8198
 0 0.01871580 -11.6363 0.1257 78.8198
 0 0.01281130 -11.6363 0.1257 78.8198
 0 0.01294830 -11.6363 0.1257 78.8198
 0 0.01537030 -11.6363 0.1257 78.8198
 0 0.01466670 -11.6363 0.1257 78.8198
 0 0.01415270 -11.6363 0.1257 78.8198
 0 0.01363550 -11.6363 0.1257 78.8198
 0 0.01507710 -11.6363 0.1257 78.8198
 0 0.01534950 -11.6363 0.1257 78.8198
 0 0.01254600 -11.6363 0.1257 78.8198
 0 0.01426980 -11.6363 0.1257 78.8198
 0 0.01443470 -11.6363 0.1257 78.8198
 0 0.01620800 -11.6363 0.1257 78.8198
 0 0.01507630 -11.6363 0.1257 78.8198
 0 0.01357270 -11.6363 0.1257 78.8198
 0 0.01488960 -11.6363 0.1257 78.8198
 0 0.01559470 -11.6363 0.1257 78.8198
 0 0.01292900 -11.6363 0.1257 78.8198
 0 0.01345680 -11.6363 0.1257 78.8198
 0 0.01431610 -11.6363 0.1257 78.8198
 0 0.01387280 -11.6363 0.1257 78.8198
 0 0.01660720 -11.6363 0.1257 78.8198
 0 0.01647700 -11.6363 0.1257 78.8198
 0 0.01561830 -11.6363 0.1257 78.8198
 0 0.01469900 -11.6363 0.1257 78.8198
 0 0.01507160 -11.6363 0.1257 78.8198
 0 0.01370160 -11.6363 0.1257 78.8198
 0 0.01538240 -11.6363 0.1257 78.8198
 0 0.01260140 -11.6363 0.1257 78.8198
 0 0.01358660 -11.6363 0.1257 78.8198
 0 0.01499260 -11.6363 0.1257 78.8198
 0 0.01311930 -11.6363 0.1257 78.8198
 0 0.01285200 -11.6363 0.1257 78.8198
 0 0.01533580 -11.6363 0.1257 78.8198
 0 0.01494860 -11.6363 0.1257 78.8198
 0 0.01512670 -11.6363 0.1257 78.8198
 0 0.01284740 -12.8900 0.0600 90.0000
 0 0.01284740 -12.8900 0.0600 90.0000
 0 0.01899900 -12.8900 0.0600 90.0000
 0 0.01688320 -12.8900 0.0600 90.0000
 0 0.01249070 -12.8900 0.0600 90.0000
 0 0.01260730 -12.8900 0.0600 90.0000
 0 0.01389020 -12.8900 0.0600 90.0000
 0 0.01421160 -12.8900 0.0600 90.0000
 0 0.01476330 -12.8900 0.0600 90.0000
 0 0.01633250 -12.8900 0.0600 90.0000
 0 0.01630280 -12.8900 0.0600 90.0000
 0 0.01724290 -12.8900 0.0600 90.0000
 0 0.01834050 -12.8900 0.0600 90.0000
 0 0.01374350 -12.8900 0.0600 90.0000
 0 0.01375750 -12.8900 0.0600 90.0000
 0 0.01307390 -12.8900 0.0600 90.0000
 0 0.01523140 -12.8900 0.0600 90.0000
 0 0.01506540 -12.8900 0.0600 90.0000
 0 0.01468620 -12.8900 0.0600 90.0000
 0 0.01411280 -12.8900 0.0600 90.0000
 0 0.01497220 -12.8900 0.0600 90.0000
 0 0.01624530 -12.8900 0.0600 90.0000
 0 0.01703100 -12.8900 0.0600 90.0000
 0 0.01649160 -12.8900 0.0600 90.0000
 0 0.01407250 -12.8900 0.0600 90.0000
 0 0.01432630 -12.8900 0.0600 90.0000
 0 0.01580510 -12.8900 0.0600 90.0000
 0 0.01644880 -12.8900 0.0600 90.0000
 0 0.01499540 -12.8900 0.0600 90.0000
 0 0.01411200 -12.8900 0.0600 90.0000
 0 0.01393530 -12.8900 0.0600 90.0000
 0 0.01814470 -12.8900 0.0600 90.0000
 0 0.01486960 -12.8900 0.0600 90.0000
 0 0.01381340 -12.8900 0.0600 90.0000
 0 0.01596700 -12.8900 0.0600 90.0000
 0 0.01569070 -12.8900 0.0600 90.0000
 0 0.01490690 -12.8900 0.0600 90.0000
 0 0.01491050 -12.8900 0.0600 90.0000
 0 0.01502460 -12.8900 0.0600 90.0000
 0 0.01680650 -12.8900 0.0600 90.0000
 0 0.01467870 -12.8900 0.0600 90.0000
 0 0.01226260 -12.8900 0.0600 90.0000
 0 0.01490010 -12.8900 0.0600 90.0000
 0 0.01670320 -12.8900 0.0600 90.0000
 0 0.01531940 -12.8900 0.0600 90.0000
 0 0.01520440 -12.8900 0.0600 90.0000
 0 0.01531740 -12.8900 0.0600 90.0000
 0 0.01529160 -12.8900 0.0600 90.0000
 0 0.01489000 -12.8900 0.0600 90.0000
 0 0.01498010 -12.8900 0.0600 90.0000
 0 0.01445490 -12.8900 0.0600 90.0000
 0 0.01406470 -12.8900 0.0600 90.0000
 0 0.01519440 -12.8900 0.0600 90.0000
 0 0.01322830 -12.8900 0.0600 90.0000
 0 0.01632400 -12.8900 0.0600 90.0000
 0 0.01482740 -12.8900 0.0600 90.0000
 0 0.01825350 -12.8900 0.0600 90.0000
 0 0.01520650 -12.8900 0.0600 90.0000
 0 0.01491150 -12.8900 0.0600 90.0000
 0 0.01457950 -12.8900 0.0600 90.0000
 0 0.01399600 -12.8900 0.0600 90.0000
 11 0.01380020 -12.8900 0.0600 90.0000
 0 0.33333330 -12.8900 0.0600 90.0000
 0 0.04493750 -12.8900 0.0600 90.0000
 0 0.03289420 -12.8900 0.0600 90.0000
 0 0.02357000 -12.8900 0.0600 90.0000
 0 0.02260580 -12.8900 0.0600 90.0000
 0 0.02181500 -12.8900 0.0600 90.0000
 0 0.02516780 -12.8900 0.0600 90.0000
 0 0.02027770 -12.8900 0.0600 90.0000
 0 0.01801200 -12.8900 0.0600 90.0000
 0 0.01713060 -12.8900 0.0600 90.0000
 0 0.01921880 -12.8900 0.0600 90.0000
 0 0.01717280 -12.8900 0.0600 90.0000
 0 0.01903370 -12.8900 0.0600 90.0000
 0 0.01982770 -12.8900 0.0600 90.0000
 0 0.02045110 -12.8900 0.0600 90.0000
 0 0.01870210 -12.8900 0.0600 90.0000
 0 0.01981320 -12.8900 0.0600 90.0000
 0 0.01805690 -12.8900 0.0600 90.0000
 0 0.01880140 -12.8900 0.0600 90.0000
 0 0.01991760 -12.8900 0.0600 90.0000
 0 0.01719800 -12.8900 0.0600 90.0000
 0 0.01857180 -12.8900 0.0600 90.0000
 0 0.01963100 -12.8900 0.0600 90.0000
 0 0.01866200 -12.8900 0.0600 90.0000
 0 0.01977210 -12.8900 0.0600 90.0000
 0 0.01599720 -12.8900 0.0600 90.0000
 0 0.01774620 -12.8900 0.0600 90.0000
 0 0.01605370 -12.8900 0.0600 90.0000
 0 0.01743170 -12.8900 0.0600 90.0000
 0 0.01825250 -12.8900 0.0600 90.0000
 0 0.01840840 -12.8900 0.0600 90.0000
 0 0.01848070 -12.8900 0.0600 90.0000
 0 0.01642790 -12.8900 0.0600 90.0000
 0 0.01625020 -12.8900 0.0600 90.0000
 0 0.01770170 -12.8900 0.0600 90.0000
 0 0.02034110 -12.8900 0.0600 90.0000
 0 0.02421900 -12.8900 0.0600 90.0000
 0 0.02328110 -12.8900 0.0600 90.0000
 0 0.01866200 -12.8900 0.0600 90.0000
 0 0.02024400 -12.8900 0.0600 90.0000
 0 0.02022420 -12.8900 0.0600 90.0000
 0 0.02100460 -12.8900 0.0600 90.0000
 0 0.02094090 -12.8900 0.0600 90.0000
 0 0.01879230 -12.8900 0.0600 90.0000
 0 0.02017490 -12.8900 0.0600 90.0000
 0 0.01995200 -12.8900 0.0600 90.0000
 0 0.01960560 -12.8900 0.0600 90.0000
 0 0.02171930 -12.8900 0.0600 90.0000
 0 0.01900390 -12.8900 0.0600 90.0000
 0 0.01869400 -12.8900 0.0600 90.0000
 0 0.01965750 -12.8900 0.0600 90.0000
 0 0.02153860 -12.8900 0.0600 90.0000
 0 0.02020470 -12.8900 0.0600 90.0000
 0 0.01802980 -12.8900 0.0600 90.0000
 0 0.01679710 -12.8900 0.0600 90.0000
 0 0.02113050 -12.8900 0.0600 90.0000
 0 0.01943620 -12.8900 0.0600 90.0000
 0 0.02023900 -12.8900 0.0600 90.0000
 0 0.01719180 -12.8900 0.0600 90.0000
 0 0.01888780 -12.8900 0.0600 90.0000
 0 0.02168630 -12.8900 0.0600 90.0000
 0 0.01922060 -12.8900 0.0600 90.0000
 0 0.02017250 -12.8900 0.0600 90.0000
 0 0.02037110 -12.8900 0.0600 90.0000
 0 0.02009490 -12.8900 0.0600 90.0000
 0 0.01924420 -12.8900 0.0600 90.0000
 0 0.02131290 -12.8900 0.0600 90.0000
 0 0.01955750 -12.8900 0.0600 90.0000
 0 0.01939380 -12.8900 0.0600 90.0000
 0 0.02241370 -12.8900 0.0600 90.0000
 0 0.01941960 -12.8900 0.0600 90.0000
 0 0.02277380 -12.8900 0.0600 90.0000
 0 0.02002000 -12.8900 0.0600 90.0000
 0 0.02015990 -12.8900 0.0600 90.0000
 0 0.02077750 -12.8900 0.0600 90.0000
 0 0.02147730 -12.8900 0.0600 90.0000
 0 0.02234960 -12.8900 0.0600 90.0000
 0 0.02181520 -12.8900 0.0600 90.0000
 0 0.01850850 -12.8900 0.0600 90.0000
 0 0.02017690 -12.8900 0.0600 90.0000
 0 0.01801170 -12.8900 0.0600 90.0000
 0 0.01923270 -12.8900 0.0600 90.0000
 0 0.01781260 -12.8900 0.0600 90.0000
 0 0.01889760 -12.8900 0.0600 90.0000
 0 0.01730590 -12.8900 0.0600 90.0000
 0 0.02056240 -12.8900 0.0600 90.0000
 0 0.01933230 -12.8900 0.0600 90.0000
 0 0.01754930 -12.8900 0.0600 90.0000
 0 0.01905170 -12.8900 0.0600 90.0000
 0 0.01661550 -12.8900 0.0600 90.0000
 0 0.01837200 -12.8900 0.0600 90.0000
 0 0.02110880 -12.8900 0.0600 90.0000
 0 0.01731960 -12.8900 0.0600 90.0000
 0 0.01810700 -12.8900 0.0600 90.0000
 0 0.01767390 -12.8900 0.0600 90.0000
 0 0.01766790 -12.8900 0.0600 90.0000
 0 0.02006520 -12.8900 0.0600 90.0000
 0 0.02638920 -12.8900 0.0600 90.0000
 0 0.02107480 -12.8900 0.0600 90.0000
 0 0.01769610 -12.8900 0.0600 90.0000
 0 0.01778710 -12.8900 0.0600 90.0000
 0 0.01885500 -12.8900 0.0600 90.0000
 0 0.02404770 -12.8900 0.0600 90.0000
 0 0.02067540 -12.8900 0.0600 90.0000
 0 0.01991160 -12.8900 0.0600 90.0000
 0 0.02172050 -12.8900 0.0600 90.0000
 0 0.02009240 -12.8900 0.0600 90.0000
 0 0.01931480 -12.8900 0.0600 90.0000
 0 0.02013010 -12.8900 0.0600 90.0000
 0 0.01751100 -12.8900 0.0600 90.0000
 0 0.01891500 -12.8900 0.0600 90.0000
 0 0.01717480 -12.8900 0.0600 90.0000
 21 0.33333330 -12.8900 0.0600 90.0000
 0 0.32688680 -12.8900 0.0600 90.0000
 0 0.08224060 -12.8900 0.0600 90.0000
 0 0.07197500 -12.8900 0.0600 90.0000
 0 0.03515140 -12.8900 0.0600 90.0000
 0 0.01972360 -12.8900 0.0600 90.0000
 0 0.04909570 -12.8900 0.0600 90.0000
 0 0.02400010 -12.8900 0.0600 90.0000
 0 0.02451510 -12.8900 0.0600 90.0000
 0 0.02000500 -12.8900 0.0600 90.0000
 0 0.02873210 -12.8900 0.0600 90.0000
 0 0.01963190 -12.8900 0.0600 90.0000
 0 0.02058430 -12.8900 0.0600 90.0000
 0 0.02928700 -12.8900 0.0600 90.0000
 0 0.02075220 -12.8900 0.0600 90.0000
 0 0.02243960 -12.8900 0.0600 90.0000
 0 0.01987590 -12.8900 0.0600 90.0000
 0 0.02007870 -12.8900 0.0600 90.0000
 0 0.01809670 -12.8900 0.0600 90.0000
 0 0.02160670 -12.8900 0.0600 90.0000
 0 0.02158950 -12.8900 0.0600 90.0000
 0 0.02032080 -12.8900 0.0600 90.0000
 0 0.02002760 -12.8900 0.0600 90.0000
 0 0.01823720 -12.8900 0.0600 90.0000
 0 0.01681810 -12.8900 0.0600 90.0000
 0 0.02085520 -12.8900 0.0600 90.0000
 0 0.01875860 -12.8900 0.0600 90.0000
 0 0.01698160 -12.8900 0.0600 90.0000
 0 0.02257240 -12.8900 0.0600 90.0000
 0 0.02329870 -12.8900 0.0600 90.0000
 0 0.02326550 -12.8900 0.0600 90.0000
 0 0.02407360 -12.8900 0.0600 90.0000
 0 0.01907310 -12.8900 0.0600 90.0000
 0 0.01917470 -12.8900 0.0600 90.0000
 0 0.02005640 -12.8900 0.0600 90.0000
 0 0.02008960 -12.8900 0.0600 90.0000
 0 0.01893880 -12.8900 0.0600 90.0000
 0 0.01856620 -12.8900 0.0600 90.0000
 0 0.02195700 -12.8900 0.0600 90.0000
 0 0.01996810 -12.8900 0.0600 90.0000
 0 0.01892350 -12.8900 0.0600 90.0000
 0 0.01832960 -12.8900 0.0600 90.0000
 0 0.02000860 -12.8900 0.0600 90.0000
 0 0.01733430 -12.8900 0.0600 90.0000
 0 0.01680990 -12.8900 0.0600 90.0000
 0 0.01815270 -12.8900 0.0600 90.0000
 0 0.01801280 -12.8900 0.0600 90.0000
 0 0.01809380 -12.8900 0.0600 90.0000
 0 0.01905830 -12.8900 0.0600 90.0000
 0 0.01788480 -12.8900 0.0600 90.0000
 0 0.01719590 -12.8900 0.0600 90.0000
 0 0.01733780 -12.8900 0.0600 90.0000
 0 0.01762460 -12.8900 0.0600 90.0000
 0 0.01679920 -12.8900 0.0600 90.0000
 0 0.01943480 -12.8900 0.0600 90.0000
 0 0.01810810 -12.8900 0.0600 90.0000
 0 0.01578810 -12.8900 0.0600 90.0000
 0 0.01921890 -12.8900 0.0600 90.0000
 0 0.01762190 -12.8900 0.0600 90.0000
 0 0.01792210 -12.8900 0.0600 90.0000
 0 0.01803180 -12.8900 0.0600 90.0000
 0 0.01739690 -12.8900 0.0600 90.0000
 0 0.01838050 -12.8900 0.0600 90.0000
 0 0.01776070 -12.8900 0.0600 90.0000
 0 0.01760730 -12.8900 0.0600 90.0000
 0 0.01653160 -12.8900 0.0600 90.0000
 0 0.01831540 -12.8900 0.0600 90.0000
 0 0.01634340 -12.8900 0.0600 90.0000
 0 0.01773180 -12.8900 0.0600 90.0000
 0 0.01783470 -12.8900 0.0600 90.0000
 0 0.01750240 -12.8900 0.0600 90.0000
 0 0.01603640 -12.8900 0.0600 90.0000
 0 0.01805570 -12.8900 0.0600 90.0000
 0 0.01678020 -12.8900 0.0600 90.0000
 0 0.01904190 -12.8900 0.0600 90.0000
 0 0.01930410 -12.8900 0.0600 90.0000
 0 0.01856780 -12.8900 0.0600 90.0000
 0 0.01894320 -12.8900 0.0600 90.0000
 0 0.01902280 -12.8900 0.0600 90.0000
 0 0.01733890 -12.8900 0.0600 90.0000
 0 0.01752040 -12.8900 0.0600 90.0000
 0 0.01911560 -12.8900 0.0600 90.0000
 0 0.01910330 -12.8900 0.0600 90.0000
 0 0.01800670 -12.8900 0.0600 90.0000
 0 0.01721580 -12.8900 0.0600 90.0000
 0 0.01816800 -12.8900 0.0600 90.0000
 0 0.01794940 -12.8900 0.0600 90.0000
 0 0.01688780 -12.8900 0.0600 90.0000
 0 0.01852840 -12.8900 0.0600 90.0000
 0 0.01763110 -12.8900 0.0600 90.0000
 0 0.01839440 -12.8900 0.0600 90.0000
 0 0.01832430 -12.8900 0.0600 90.0000
 0 0.01760760 -12.8900 0.0600 90.0000
 0 0.01890170 -12.8900 0.0600 90.0000
 0 0.01901410 -12.8900 0.0600 90.0000
 0 0.01831030 -12.8900 0.0600 90.0000
 0 0.01874410 -12.8900 0.0600 90.0000
 0 0.01656540 -12.8900 0.0600 90.0000
 0 0.01702470 -12.8900 0.0600 90.0000
 0 0.01696050 -12.8900 0.0600 90.0000
 0 0.01711860 -12.8900 0.0600 90.0000
 0 0.01737650 -12.8900 0.0600 90.0000
 0 0.01865540 -12.8900 0.0600 90.0000
 0 0.01754950 -12.8900 0.0600 90.0000
 0 0.01701530 -12.8900 0.0600 90.0000
 0 0.01982800 -12.8900 0.0600 90.0000
 0 0.01697490 -12.8900 0.0600 90.0000
 0 0.01831310 -12.8900 0.0600 90.0000
 0 0.01766160 -12.8900 0.0600 90.0000
 0 0.01832200 -12.8900 0.0600 90.0000
 0 0.01738390 -12.8900 0.0600 90.0000
 0 0.01929990 -12.8900 0.0600 90.0000
 0 0.01627860 -12.8900 0.0600 90.0000
 0 0.01770650 -12.8900 0.0600 90.0000
 0 0.01749010 -12.8900 0.0600 90.0000
 0 0.01866820 -12.8900 0.0600 90.0000
 0 0.01774630 -12.8900 0.0600 90.0000
 0 0.01962110 -12.8900 0.0600 90.0000
 0 0.01809490 -12.8900 0.0600 90.0000
 0 0.01775720 -12.8900 0.0600 90.0000
 0 0.01810550 -12.8900 0.0600 90.0000
 0 0.01659950 -12.8900 0.0600 90.0000
 0 0.01607260 -12.8900 0.0600 90.0000
 0 0.01778550 -12.8900 0.0600 90.0000
 0 0.01748930 -12.8900 0.0600 90.0000
 0 0.01771780 -12.8900 0.0600 90.0000
 0 0.01893100 -12.8900 0.0600 90.0000
 0 0.01926960 -12.8900 0.0600 90.0000
 0 0.01923860 -12.8900 0.0600 90.0000
 0 0.02024450 -12.8900 0.0600 90.0000
 0 0.01726080 -12.8900 0.0600 90.0000
 0 0.01637230 -12.8900 0.0600 90.0000
 0 0.01669570 -12.8900 0.0600 90.0000
 0 0.01850320 -12.8900 0.0600 90.0000
 0 0.01623250 -12.8900 0.0600 90.0000
 0 0.02013410 -12.8900 0.0600 90.0000
 0 0.02026540 -12.8900 0.0600 90.0000
 0 0.01827090 -12.8900 0.0600 90.0000
 0 0.01926920 -12.8900 0.0600 90.0000
 0 0.01946380 -12.8900 0.0600 90.0000
 0 0.01931450 -12.8900 0.0600 90.0000
 0 0.01714160 -12.8900 0.0600 90.0000
 0 0.01684680 -12.8900 0.0600 90.0000
 0 0.01657460 -12.8900 0.0600 90.0000
 0 0.01656390 -12.8900 0.0600 90.0000
 0 0.01952920 -12.8900 0.0600 90.0000
 0 0.01727920 -12.8900 0.0600 90.0000
 0 0.02140580 -12.8900 0.0600 90.0000
 0 0.01779370 -12.8900 0.0600 90.0000
 0 0.01664930 -12.8900 0.0600 90.0000
 0 0.01756640 -12.8900 0.0600 90.0000
 0 0.01804980 -12.8900 0.0600 90.0000
 0 0.01664080 -12.8900 0.0600 90.0000
 0 0.01789020 -12.8900 0.0600 90.0000
 0 0.01872810 -12.8900 0.0600 90.0000
 0 0.01717340 -12.8900 0.0600 90.0000
 0 0.01733820 -12.8900 0.0600 90.0000
 0 0.01713390 -12.8900 0.0600 90.0000
 0 0.01903540 -12.8900 0.0600 90.0000
 0 0.01982740 -12.8900 0.0600 90.0000
 0 0.01779490 -12.8900 0.0600 90.0000
 0 0.01902500 -12.8900 0.0600 90.0000
 0 0.01654240 -12.8900 0.0600 90.0000
 0 0.01924930 -12.8900 0.0600 90.0000
 0 0.01689510 -12.8900 0.0600 90.0000
 0 0.01839860 -12.8900 0.0600 90.0000
 0 0.01981210 -12.8900 0.0600 90.0000
 0 0.01794380 -12.8900 0.0600 90.0000
 0 0.01886870 -12.8900 0.0600 90.0000
 0 0.01777660 -12.8900 0.0600 90.0000
 0 0.01880230 -12.8900 0.0600 90.0000
 0 0.01940400 -12.8900 0.0600 90.0000
 0 0.01935600 -12.8900 0.0600 90.0000
 0 0.02010960 -12.8900 0.0600 90.0000
 0 0.01812050 -12.8900 0.0600 90.0000
 0 0.01857920 -12.8900 0.0600 90.0000
 0 0.01863650 -12.8900 0.0600 90.0000
 0 0.01822640 -12.8900 0.0600 90.0000
 0 0.01755490 -12.8900 0.0600 90.0000
 0 0.01770660 -12.8900 0.0600 90.0000
 0 0.01793510 -12.8900 0.0600 90.0000
 0 0.01780850 -12.8900 0.0600 90.0000
 0 0.01767390 -12.8900 0.0600 90.0000
 0 0.01762690 -12.8900 0.0600 90.0000
 0 0.01778580 -12.8900 0.0600 90.0000
 0 0.01787530 -12.8900 0.0600 90.0000
 0 0.01785440 -12.8900 0.0600 90.0000
 0 0.01796460 -12.8900 0.0600 90.0000
 0 0.01934490 -12.8900 0.0600 90.0000
 0 0.01720220 -12.8900 0.0600 90.0000
 0 0.01767790 -12.8900 0.0600 90.0000
 0 0.01831380 -12.8900 0.0600 90.0000
 0 0.01729780 -12.8900 0.0600 90.0000
 0 0.01994220 -12.8900 0.0600 90.0000
 0 0.01694830 -12.8900 0.0600 90.0000
 0 0.01848540 -12.8900 0.0600 90.0000
 0 0.01674100 -12.8900 0.0600 90.0000
 0 0.01767980 -12.8900 0.0600 90.0000
 0 0.01761290 -12.8900 0.0600 90.0000
 0 0.01910010 -12.8900 0.0600 90.0000
 0 0.01709290 -12.8900 0.0600 90.0000
 0 0.01938100 -12.8900 0.0600 90.0000
 0 0.01885090 -12.8900 0.0600 90.0000
 0 0.01594210 -12.8900 0.0600 90.0000
 0 0.01842320 -12.8900 0.0600 90.0000
 0 0.01740230 -12.8900 0.0600 90.0000
 0 0.01878640 -12.8900 0.0600 90.0000
 0 0.01912580 -12.8900 0.0600 90.0000
 0 0.01643910 -12.8900 0.0600 90.0000
 0 0.01812840 -12.8900 0.0600 90.0000
 0 0.01563030 -12.8900 0.0600 90.0000
 0 0.01805570 -12.8900 0.0600 90.0000
 0 0.01800360 -12.8900 0.0600 90.0000
 0 0.02027960 -12.8900 0.0600 90.0000
 0 0.01668660 -12.8900 0.0600 90.0000
 0 0.01730830 -12.8900 0.0600 90.0000
 0 0.01598310 -12.8900 0.0600 90.0000
 0 0.01695040 -12.8900 0.0600 90.0000
 0 0.03515920 -12.8900 0.0600 90.0000
 0 0.01732610 -12.8900 0.0600 90.0000
 0 0.01686370 -12.8900 0.0600 90.0000
 0 0.01788510 -12.8900 0.0600 90.0000
 0 0.01741310 -12.8900 0.0600 90.0000
 0 0.01913030 -12.8900 0.0600 90.0000
 0 0.01737690 -12.8900 0.0600 90.0000
 0 0.01817690 -12.8900 0.0600 90.0000
 0 0.01752340 -12.8900 0.0600 90.0000
 0 0.01763160 -12.8900 0.0600 90.0000
 0 0.01709840 -12.8900 0.0600 90.0000
 0 0.01703150 -12.8900 0.0600 90.0000
 0 0.01897130 -12.8900 0.0600 90.0000
 0 0.01714220 -12.8900 0.0600 90.0000
 0 0.01788410 -12.8900 0.0600 90.0000
 0 0.01616400 -12.8900 0.0600 90.0000
 0 0.01926810 -12.8900 0.0600 90.0000
 0 0.02028700 -12.8900 0.0600 90.0000
 0 0.01719450 -12.8900 0.0600 90.0000
 0 0.02027310 -12.8900 0.0600 90.0000
 0 0.01775930 -12.8900 0.0600 90.0000
 0 0.01863490 -12.8900 0.0600 90.0000
 0 0.01848060 -12.8900 0.0600 90.0000
 0 0.01816330 -12.8900 0.0600 90.0000
 0 0.01754200 -12.8900 0.0600 90.0000
 0 0.01743590 -12.8900 0.0600 90.0000
 0 0.01831930 -12.8900 0.0600 90.0000
 0 0.01742750 -12.8900 0.0600 90.0000
 0 0.01787400 -12.8900 0.0600 90.0000
 0 0.01851980 -12.8900 0.0600 90.0000
 0 0.01998200 -12.8900 0.0600 90.0000
 0 0.01720490 -12.8900 0.0600 90.0000
 0 0.01727330 -12.8900 0.0600 90.0000
 0 0.01726260 -12.8900 0.0600 90.0000
 0 0.01723120 -12.8900 0.0600 90.0000
 0 0.01649010 -12.8900 0.0600 90.0000
 0 0.01831240 -12.8900 0.0600 90.0000
 0 0.01797640 -12.8900 0.0600 90.0000
 0 0.01832990 -12.8900 0.0600 90.0000
 0 0.01711130 -12.8900 0.0600 90.0000
 0 0.01785380 -12.8900 0.0600 90.0000
 0 0.01727590 -12.8900 0.0600 90.0000
 0 0.01774230 -12.8900 0.0600 90.0000
 0 0.01636020 -12.8900 0.0600 90.0000
 0 0.01871850 -12.8900 0.0600 90.0000
 0 0.01768520 -12.8900 0.0600 90.0000
 0 0.01763300 -12.8900 0.0600 90.0000
 0 0.01827810 -12.8900 0.0600 90.0000
 0 0.01915050 -12.8900 0.0600 90.0000
 0 0.01981050 -12.8900 0.0600 90.0000
 0 0.02082220 -12.8900 0.0600 90.0000
 0 0.01793410 -12.8900 0.0600 90.0000
 0 0.01998750 -12.8900 0.0600 90.0000
 0 0.01817720 -12.8900 0.0600 90.0000
 0 0.01988940 -12.8900 0.0600 90.0000
 0 0.01769440 -12.8900 0.0600 90.0000
 0 0.01677020 -12.8900 0.0600 90.0000
 0 0.01758410 -12.8900 0.0600 90.0000
 0 0.01942600 -12.8900 0.0600 90.0000
 0 0.01830460 -12.8900 0.0600 90.0000
 0 0.01679780 -12.8900 0.0600 90.0000
 0 0.02005650 -12.8900 0.0600 90.0000
 0 0.01850520 -12.8900 0.0600 90.0000
 0 0.01784880 -12.8900 0.0600 90.0000
 0 0.01764380 -12.8900 0.0600 90.0000
 0 0.01809850 -12.8900 0.0600 90.0000
 0 0.01793190 -12.8900 0.0600 90.0000
 0 0.01820310 -12.8900 0.0600 90.0000
 0 0.01683100 -12.8900 0.0600 90.0000
 0 0.01775510 -12.8900 0.0600 90.0000
 0 0.02138640 -12.8900 0.0600 90.0000
 0 0.01680530 -12.8900 0.0600 90.0000
 0 0.01949600 -12.8900 0.0600 90.0000
 0 0.01706040 -12.8900 0.0600 90.0000
 0 0.01863470 -12.8900 0.0600 90.0000
 0 0.01712530 -12.8900 0.0600 90.0000
 0 0.01808010 -12.8900 0.0600 90.0000
 0 0.01697010 -12.8900 0.0600 90.0000
 0 0.01674520 -12.8900 0.0600 90.0000
 0 0.02031230 -12.8900 0.0600 90.0000
 0 0.01667330 -12.8900 0.0600 90.0000
 0 0.01694270 -12.8900 0.0600 90.0000
 0 0.01925960 -12.8900 0.0600 90.0000
 0 0.01668480 -12.8900 0.0600 90.0000
 0 0.01860100 -12.8900 0.0600 90.0000
 0 0.01924080 -12.8900 0.0600 90.0000
 0 0.01687740 -12.8900 0.0600 90.0000
 0 0.01740710 -12.8900 0.0600 90.0000
 0 0.01915590 -12.8900 0.0600 90.0000
 0 0.01789710 -12.8900 0.0600 90.0000
 0 0.01837800 -12.8900 0.0600 90.0000
 0 0.01833200 -12.8900 0.0600 90.0000
 0 0.01627610 -12.8900 0.0600 90.0000
 0 0.02102560 -12.8900 0.0600 90.0000
 0 0.01891560 -12.8900 0.0600 90.0000
 0 0.01624780 -12.8900 0.0600 90.0000
 0 0.01693500 -12.8900 0.0600 90.0000
 0 0.01952640 -12.8900 0.0600 90.0000
 0 0.01719370 -12.8900 0.0600 90.0000
 0 0.01759230 -12.8900 0.0600 90.0000
 0 0.01710840 -12.8900 0.0600 90.0000
 0 0.01737100 -12.8900 0.0600 90.0000
 0 0.01894190 -12.8900 0.0600 90.0000
 0 0.01972890 -12.8900 0.0600 90.0000
 0 0.01651970 -12.8900 0.0600 90.0000
 0 0.01847570 -12.8900 0.0600 90.0000
 0 0.01867270 -12.8900 0.0600 90.0000
 0 0.01857320 -12.8900 0.0600 90.0000
 0 0.01708630 -12.8900 0.0600 90.0000
 0 0.01808320 -12.8900 0.0600 90.0000
 0 0.01782890 -12.8900 0.0600 90.0000
 0 0.01663990 -12.8900 0.0600 90.0000
 0 0.01822140 -12.8900 0.0600 90.0000
 0 0.01876370 -12.8900 0.0600 90.0000
 0 0.01721940 -12.8900 0.0600 90.0000
 0 0.01973990 -12.8900 0.0600 90.0000
 0 0.01645040 -12.8900 0.0600 90.0000
 0 0.01858540 -12.8900 0.0600 90.0000
 0 0.01937240 -12.8900 0.0600 90.0000
 0 0.01769860 -12.8900 0.0600 90.0000
 0 0.01735380 -12.8900 0.0600 90.0000
 0 0.01688770 -12.8900 0.0600 90.0000
 0 0.01847250 -12.8900 0.0600 90.0000
 0 0.01708900 -12.8900 0.0600 90.0000
 0 0.01936910 -12.8900 0.0600 90.0000
 0 0.01874930 -12.8900 0.0600 90.0000
 0 0.01684880 -12.8900 0.0600 90.0000
 0 0.01712880 -12.8900 0.0600 90.0000
 0 0.01593890 -12.8900 0.0600 90.0000
 0 0.01724540 -12.8900 0.0600 90.0000
 0 0.01664770 -12.8900 0.0600 90.0000
 0 0.01836960 -12.8900 0.0600 90.0000
 0 0.01793650 -12.8900 0.0600 90.0000
 0 0.01861870 -12.8900 0.0600 90.0000
 0 0.01741510 -12.8900 0.0600 90.0000
 0 0.01557600 -12.8900 0.0600 90.0000
 0 0.01695470 -12.8900 0.0600 90.0000
 0 0.01986690 -12.8900 0.0600 90.0000
 0 0.01700520 -12.8900 0.0600 90.0000
 0 0.01855840 -12.8900 0.0600 90.0000
 0 0.01702850 -12.8900 0.0600 90.0000
 0 0.01849320 -12.8900 0.0600 90.0000
 0 0.01918830 -12.8900 0.0600 90.0000
 0 0.01778610 -12.8900 0.0600 90.0000
 0 0.01869910 -12.8900 0.0600 90.0000
 0 0.01853640 -12.8900 0.0600 90.0000
 0 0.01902960 -12.8900 0.0600 90.0000
 0 0.01756070 -12.8900 0.0600 90.0000
 0 0.01717280 -12.8900 0.0600 90.0000
 0 0.01736900 -12.8900 0.0600 90.0000
 0 0.01861870 -12.8900 0.0600 90.0000
 0 0.01930560 -12.8900 0.0600 90.0000
 0 0.01817710 -12.8900 0.0600 90.0000
 0 0.01782690 -12.8900 0.0600 90.0000
 0 0.01928000 -12.8900 0.0600 90.0000
 0 0.01725220 -12.8900 0.0600 90.0000
 0 0.01911300 -12.8900 0.0600 90.0000
 0 0.01757250 -12.8900 0.0600 90.0000
 0 0.01695610 -12.8900 0.0600 90.0000
 0 0.01783350 -12.8900 0.0600 90.0000
 0 0.01855280 -12.8900 0.0600 90.0000
 0 0.02022830 -12.8900 0.0600 90.0000
 0 0.01846890 -12.8900 0.0600 90.0000
 0 0.02065720 -12.8900 0.0600 90.0000
 0 0.01734950 -12.8900 0.0600 90.0000
 0 0.01870640 -12.8900 0.0600 90.0000
 0 0.01714070 -12.8900 0.0600 90.0000
 0 0.01675270 -12.8900 0.0600 90.0000
 0 0.01998050 -12.8900 0.0600 90.0000
 0 0.02100060 -12.8900 0.0600 90.0000
 0 0.01823680 -12.8900 0.0600 90.0000
 0 0.01897960 -12.8900 0.0600 90.0000
 0 0.02054570 -12.8900 0.0600 90.0000
 0 0.01677800 -12.8900 0.0600 90.0000
 0 0.01873800 -12.8900 0.0600 90.0000
 0 0.01808230 -12.8900 0.0600 90.0000
 0 0.01759510 -12.8900 0.0600 90.0000
 0 0.01779410 -12.8900 0.0600 90.0000
 0 0.01707030 -12.8900 0.0600 90.0000
 0 0.01736760 -12.8900 0.0600 90.0000
 0 0.01677050 -12.8900 0.0600 90.0000
 0 0.01787740 -12.8900 0.0600 90.0000
 0 0.01856100 -12.8900 0.0600 90.0000
 0 0.01913070 -12.8900 0.0600 90.0000
 0 0.01758230 -12.8900 0.0600 90.0000
 0 0.01769150 -12.8900 0.0600 90.0000
 0 0.01839630 -12.8900 0.0600 90.0000
 0 0.01753930 -12.8900 0.0600 90.0000
 0 0.01815560 -12.8900 0.0600 90.0000
 0 0.01741360 -12.8900 0.0600 90.0000
 0 0.01821900 -12.8900 0.0600 90.0000
 0 0.01638310 -12.8900 0.0600 90.0000
 0 0.01736950 -12.8900 0.0600 90.0000
 0 0.01718640 -12.8900 0.0600 90.0000
 0 0.01880960 -12.8900 0.0600 90.0000
 0 0.01972280 -12.8900 0.0600 90.0000
 0 0.02256230 -12.8900 0.0600 90.0000
 0 0.01788280 -12.8900 0.0600 90.0000
 0 0.01745870 -12.8900 0.0600 90.0000
 0 0.01838680 -12.8900 0.0600 90.0000
 0 0.01739900 -12.8900 0.0600 90.0000
 0 0.01704990 -12.8900 0.0600 90.0000
 0 0.01574300 -12.8900 0.0600 90.0000
 0 0.01871390 -12.8900 0.0600 90.0000
 0 0.01726400 -12.8900 0.0600 90.0000
 0 0.01917600 -12.8900 0.0600 90.0000
 0 0.01673900 -12.8900 0.0600 90.0000
 0 0.01828160 -12.8900 0.0600 90.0000
 0 0.01758270 -12.8900 0.0600 90.0000
 0 0.01665680 -12.8900 0.0600 90.0000
 0 0.01536220 -12.8900 0.0600 90.0000
 0 0.01905600 -12.8900 0.0600 90.0000
 0 0.01800040 -12.8900 0.0600 90.0000
 0 0.01680040 -12.8900 0.0600 90.0000
 0 0.01709430 -12.8900 0.0600 90.0000
 0 0.01741300 -12.8900 0.0600 90.0000
 0 0.01660080 -12.8900 0.0600 90.0000
 0 0.01662610 -12.8900 0.0600 90.0000
 0 0.01887910 -12.8900 0.0600 90.0000
 0 0.01717970 -12.8900 0.0600 90.0000
 0 0.01976560 -12.8900 0.0600 90.0000
 0 0.01766110 -12.8900 0.0600 90.0000
 0 0.01953030 -12.8900 0.0600 90.0000
 0 0.02863150 -12.8900 0.0600 90.0000
 0 0.02764680 -12.8900 0.0600 90.0000
 0 0.01993550 -12.8900 0.0600 90.0000
 0 0.01927550 -12.8900 0.0600 90.0000
 0 0.01800570 -12.8900 0.0600 90.0000
 0 0.02004030 -12.8900 0.0600 90.0000
 0 0.07301350 -12.8900 0.0600 90.0000
 0 0.05053220 -12.8900 0.0600 90.0000
 0 0.02772370 -12.8900 0.0600 90.0000
 0 0.02666760 -12.8900 0.0600 90.0000
 0 0.02458790 -12.8900 0.0600 90.0000
 0 0.02646940 -12.8900 0.0600 90.0000
 0 0.01979730 -12.8900 0.0600 90.0000
 0 0.02041190 -12.8900 0.0600 90.0000
 0 0.01843530 -12.8900 0.0600 90.0000
 0 0.01930720 -12.8900 0.0600 90.0000
 0 0.02193310 -12.8900 0.0600 90.0000
 0 0.01934370 -12.8900 0.0600 90.0000
 0 0.02251620 -12.8900 0.0600 90.0000
 0 0.01989300 -12.8900 0.0600 90.0000
 0 0.02120000 -12.8900 0.0600 90.0000
 0 0.02775770 -12.8900 0.0600 90.0000
 0 0.02282120 -12.8900 0.0600 90.0000
 0 0.04777250 -12.8900 0.0600 90.0000
 0 0.02042420 -12.8900 0.0600 90.0000
 0 0.02024460 -12.8900 0.0600 90.0000
 0 0.01621480 -12.8900 0.0600 90.0000
 0 0.01831720 -12.8900 0.0600 90.0000
 0 0.01807380 -12.8900 0.0600 90.0000
 0 0.01746870 -12.8900 0.0600 90.0000
 0 0.01675410 -12.8900 0.0600 90.0000
 0 0.01827360 -12.8900 0.0600 90.0000
 0 0.01738840 -12.8900 0.0600 90.0000
 0 0.01693620 -12.8900 0.0600 90.0000
 0 0.01759260 -12.8900 0.0600 90.0000
 0 0.01773670 -12.8900 0.0600 90.0000
 0 0.01720390 -12.8900 0.0600 90.0000
 0 0.01853370 -12.8900 0.0600 90.0000
 0 0.01960540 -12.8900 0.0600 90.0000
 0 0.01690070 -12.8900 0.0600 90.0000
 0 0.01796180 -12.8900 0.0600 90.0000
 0 0.03620410 -12.8900 0.0600 90.0000
 0 0.02366930 -12.8900 0.0600 90.0000
 0 0.03386390 -12.8900 0.0600 90.0000
 0 0.02000540 -12.8900 0.0600 90.0000
 0 0.01780880 -12.8900 0.0600 90.0000
 0 0.01802570 -12.8900 0.0600 90.0000
 0 0.01928920 -12.8900 0.0600 90.0000
 0 0.01731450 -12.8900 0.0600 90.0000
 0 0.01969820 -12.8900 0.0600 90.0000
 0 0.02547690 -12.8900 0.0600 90.0000
 0 0.02559150 -12.8900 0.0600 90.0000
 0 0.02049010 -12.8900 0.0600 90.0000
 0 0.03258180 -12.8900 0.0600 90.0000
 0 0.02948940 -12.8900 0.0600 90.0000
 0 0.03948210 -12.8900 0.0600 90.0000
 0 0.02192320 -12.8900 0.0600 90.0000
 0 0.01712680 -12.8900 0.0600 90.0000
 0 0.01782470 -12.8900 0.0600 90.0000
 0 0.01765990 -12.8900 0.0600 90.0000
 0 0.01802970 -12.8900 0.0600 90.0000
 0 0.01900190 -12.8900 0.0600 90.0000
 0 0.01714830 -12.8900 0.0600 90.0000
 0 0.01777540 -12.8900 0.0600 90.0000
 0 0.01734610 -12.8900 0.0600 90.0000
 0 0.01870980 -12.8900 0.0600 90.0000
 0 0.01825470 -12.8900 0.0600 90.0000
 0 0.02222380 -12.8900 0.0600 90.0000
 0 0.02032100 -12.8900 0.0600 90.0000
 0 0.02092550 -12.8900 0.0600 90.0000
 0 0.01815040 -12.8900 0.0600 90.0000
 0 0.01795750 -12.8900 0.0600 90.0000
 0 0.01709830 -12.8900 0.0600 90.0000
 0 0.01957740 -12.8900 0.0600 90.0000
 0 0.01743880 -12.8900 0.0600 90.0000
 0 0.01588650 -12.8900 0.0600 90.0000
 0 0.01754890 -12.8900 0.0600 90.0000
 0 0.01824900 -12.8900 0.0600 90.0000
 0 0.01782330 -12.8900 0.0600 90.0000
 0 0.02004440 -12.8900 0.0600 90.0000
 0 0.02153360 -12.8900 0.0600 90.0000
 0 0.01838100 -12.8900 0.0600 90.0000
 0 0.01753780 -12.8900 0.0600 90.0000
 0 0.01645030 -12.8900 0.0600 90.0000
 0 0.01734070 -12.8900 0.0600 90.0000
 0 0.01705260 -12.8900 0.0600 90.0000
 0 0.01753370 -12.8900 0.0600 90.0000
 0 0.01689570 -12.8900 0.0600 90.0000
 0 0.01680480 -12.8900 0.0600 90.0000
 0 0.01790590 -12.8900 0.0600 90.0000
 0 0.01847290 -12.8900 0.0600 90.0000
 0 0.01896920 -12.8900 0.0600 90.0000
 0 0.01631480 -12.8900 0.0600 90.0000
 0 0.01693230 -12.8900 0.0600 90.0000
 0 0.01903320 -12.8900 0.0600 90.0000
 0 0.01772240 -12.8900 0.0600 90.0000
 0 0.01692680 -12.8900 0.0600 90.0000
 0 0.02023110 -12.8900 0.0600 90.0000
 0 0.02066660 -12.8900 0.0600 90.0000
 0 0.01817830 -12.8900 0.0600 90.0000
 0 0.01964420 -12.8900 0.0600 90.0000
 0 0.01866790 -12.8900 0.0600 90.0000
 0 0.01732720 -12.8900 0.0600 90.0000
 0 0.02071800 -12.8900 0.0600 90.0000
 0 0.01972780 -12.8900 0.0600 90.0000
 0 0.02020820 -12.8900 0.0600 90.0000
 0 0.02042220 -12.8900 0.0600 90.0000
 0 0.02209100 -12.8900 0.0600 90.0000
 0 0.02612840 -12.8900 0.0600 90.0000
 0 0.02051320 -12.8900 0.0600 90.0000
 0 0.02087490 -12.8900 0.0600 90.0000
 0 0.02122120 -12.8900 0.0600 90.0000
 0 0.02088970 -12.8900 0.0600 90.0000
 0 0.01925970 -12.8900 0.0600 90.0000
 0 0.02050110 -12.8900 0.0600 90.0000
 0 0.01987760 -12.8900 0.0600 90.0000
 0 0.02129370 -12.8900 0.0600 90.0000
 0 0.01904150 -12.8900 0.0600 90.0000
 0 0.01915930 -12.8900 0.0600 90.0000
 0 0.02010440 -12.8900 0.0600 90.0000
 0 0.01747350 -12.8900 0.0600 90.0000
 0 0.01977860 -12.8900 0.0600 90.0000
 0 0.02018430 -12.8900 0.0600 90.0000
 0 0.02084400 -12.8900 0.0600 90.0000
 0 0.02108310 -12.8900 0.0600 90.0000
 0 0.02203270 -12.8900 0.0600 90.0000
 0 0.02089150 -12.8900 0.0600 90.0000
 0 0.01918610 -12.8900 0.0600 90.0000
 0 0.01761990 -12.8900 0.0600 90.0000
 0 0.01836660 -12.8900 0.0600 90.0000
 0 0.02314510 -12.8900 0.0600 90.0000
 0 0.01914920 -12.8900 0.0600 90.0000
 0 0.02191340 -12.8900 0.0600 90.0000
 0 0.02317340 -12.8900 0.0600 90.0000
 0 0.02523880 -12.8900 0.0600 90.0000
 0 0.02621960 -12.8900 0.0600 90.0000
 0 0.02170630 -12.8900 0.0600 90.0000
 0 0.02685640 -12.8900 0.0600 90.0000
 0 0.03363890 -12.8900 0.0600 90.0000
 0 0.02211260 -12.8900 0.0600 90.0000
 0 0.02120880 -12.8900 0.0600 90.0000
 0 0.02009830 -12.8900 0.0600 90.0000
 0 0.02035380 -12.8900 0.0600 90.0000
 0 0.02113630 -12.8900 0.0600 90.0000
 0 0.01775410 -12.8900 0.0600 90.0000
 0 0.02052280 -12.8900 0.0600 90.0000
 0 0.02051480 -12.8900 0.0600 90.0000
 0 0.01893140 -12.8900 0.0600 90.0000
 0 0.01711700 -12.8900 0.0600 90.0000
 0 0.01919020 -12.8900 0.0600 90.0000
 0 0.02076220 -12.8900 0.0600 90.0000
 0 0.01944500 -12.8900 0.0600 90.0000
 0 0.01975500 -12.8900 0.0600 90.0000
 0 0.02168980 -12.8900 0.0600 90.0000
 0 0.02295170 -12.8900 0.0600 90.0000
 0 0.02850700 -12.8900 0.0600 90.0000
 0 0.02226520 -12.8900 0.0600 90.0000
 0 0.01946400 -12.8900 0.0600 90.0000
 0 0.02001980 -12.8900 0.0600 90.0000
 0 0.02083000 -12.8900 0.0600 90.0000
 0 0.02235240 -12.8900 0.0600 90.0000
 0 0.02880140 -12.8900 0.0600 90.0000
 0 0.02298360 -12.8900 0.0600 90.0000
 0 0.01995660 -12.8900 0.0600 90.0000
 0 0.02089860 -12.8900 0.0600 90.0000
 0 0.02105610 -12.8900 0.0600 90.0000
 0 0.02127720 -12.8900 0.0600 90.0000
 0 0.02448920 -12.8900 0.0600 90.0000
 0 0.02778970 -12.8900 0.0600 90.0000
 0 0.02978250 -12.8900 0.0600 90.0000
 0 0.02603960 -12.8900 0.0600 90.0000
 0 0.04015330 -12.8900 0.0600 90.0000
 0 0.02587750 -12.8900 0.0600 90.0000
 0 0.02427670 -12.8900 0.0600 90.0000
 0 0.02213710 -12.8900 0.0600 90.0000
 0 0.02016510 -12.8900 0.0600 90.0000
 0 0.01766140 -12.8900 0.0600 90.0000
 0 0.01683710 -12.8900 0.0600 90.0000
 0 0.01743680 -12.8900 0.0600 90.0000
 0 0.01829470 -12.8900 0.0600 90.0000
 0 0.01843530 -12.8900 0.0600 90.0000
 0 0.01774370 -12.8900 0.0600 90.0000
 0 0.01580210 -12.8900 0.0600 90.0000
 0 0.01669120 -12.8900 0.0600 90.0000
 0 0.01850740 -12.8900 0.0600 90.0000
 0 0.01906250 -12.8900 0.0600 90.0000
 0 0.01677060 -12.8900 0.0600 90.0000
 0 0.01964760 -12.8900 0.0600 90.0000
 0 0.01868800 -12.8900 0.0600 90.0000
 0 0.01836150 -12.8900 0.0600 90.0000
 0 0.01695770 -12.8900 0.0600 90.0000
 0 0.01706580 -12.8900 0.0600 90.0000
 0 0.02020250 -12.8900 0.0600 90.0000
 0 0.02026070 -12.8900 0.0600 90.0000
 0 0.01990130 -12.8900 0.0600 90.0000
 0 0.02157850 -12.8900 0.0600 90.0000
 0 0.02283950 -12.8900 0.0600 90.0000
 0 0.02302400 -12.8900 0.0600 90.0000
 0 0.02260730 -12.8900 0.0600 90.0000
 0 0.02097330 -12.8900 0.0600 90.0000
 0 0.02242270 -12.8900 0.0600 90.0000
 0 0.02121600 -12.8900 0.0600 90.0000
 0 0.02124500 -12.8900 0.0600 90.0000
 0 0.01939220 -12.8900 0.0600 90.0000
 0 0.01936320 -12.8900 0.0600 90.0000
 0 0.01756640 -12.8900 0.0600 90.0000
 0 0.01752590 -12.8900 0.0600 90.0000
 0 0.01850210 -12.8900 0.0600 90.0000
 0 0.01620970 -12.8900 0.0600 90.0000
 0 0.01937180 -12.8900 0.0600 90.0000
 0 0.01902010 -12.8900 0.0600 90.0000
 0 0.01795160 -12.8900 0.0600 90.0000
 0 0.01680640 -12.8900 0.0600 90.0000
 0 0.02276490 -12.8900 0.0600 90.0000
 0 0.01979490 -12.8900 0.0600 90.0000
 0 0.02219020 -12.8900 0.0600 90.0000
 0 0.02041220 -12.8900 0.0600 90.0000
 0 0.01837290 -12.8900 0.0600 90.0000
 0 0.01713070 -12.8900 0.0600 90.0000
 0 0.01713870 -12.8900 0.0600 90.0000
 0 0.01927350 -12.8900 0.0600 90.0000
 0 0.01864150 -12.8900 0.0600 90.0000
 0 0.02055470 -12.8900 0.0600 90.0000
 0 0.02475490 -12.8900 0.0600 90.0000
 0 0.02316100 -12.8900 0.0600 90.0000
 0 0.02298430 -12.8900 0.0600 90.0000
 0 0.01978180 -12.8900 0.0600 90.0000
 0 0.02066400 -12.8900 0.0600 90.0000
 0 0.02065720 -12.8900 0.0600 90.0000
 0 0.01999000 -12.8900 0.0600 90.0000
 0 0.02144060 -12.8900 0.0600 90.0000
 0 0.01770330 -12.8900 0.0600 90.0000
 0 0.01814160 -12.8900 0.0600 90.0000
 0 0.01855890 -12.8900 0.0600 90.0000
 0 0.01831340 -12.8900 0.0600 90.0000
 0 0.01824820 -12.8900 0.0600 90.0000
 0 0.01593310 -12.8900 0.0600 90.0000
 0 0.01715670 -12.8900 0.0600 90.0000
 0 0.01737200 -12.8900 0.0600 90.0000
 0 0.01658030 -12.8900 0.0600 90.0000
 0 0.01946710 -12.8900 0.0600 90.0000
 0 0.04440070 -12.8900 0.0600 90.0000
 0 0.01887330 -12.8900 0.0600 90.0000
 0 0.01576910 -12.8900 0.0600 90.0000
 0 0.01813940 -12.8900 0.0600 90.0000
 0 0.01788870 -12.8900 0.0600 90.0000
 0 0.01877390 -12.8900 0.0600 90.0000
 0 0.01902620 -12.8900 0.0600 90.0000
 0 0.01720540 -12.8900 0.0600 90.0000
 0 0.01612990 -12.8900 0.0600 90.0000
 0 0.01685740 -12.8900 0.0600 90.0000
 0 0.01810890 -12.8900 0.0600 90.0000
 0 0.02006610 -12.8900 0.0600 90.0000
 0 0.02135500 -12.8900 0.0600 90.0000
 0 0.01860160 -12.8900 0.0600 90.0000
 0 0.02039530 -12.8900 0.0600 90.0000
 0 0.01949320 -12.8900 0.0600 90.0000
 0 0.02017420 -12.8900 0.0600 90.0000
 0 0.01914330 -12.8900 0.0600 90.0000
 0 0.01777420 -12.8900 0.0600 90.0000
 0 0.01956700 -12.8900 0.0600 90.0000
 0 0.01807730 -12.8900 0.0600 90.0000
 0 0.02108880 -12.8900 0.0600 90.0000
 0 0.02061040 -12.8900 0.0600 90.0000
 0 0.02040350 -12.8900 0.0600 90.0000
 0 0.01841640 -12.8900 0.0600 90.0000
 0 0.02138870 -12.8900 0.0600 90.0000
 0 0.02040950 -12.8900 0.0600 90.0000
 0 0.01932090 -12.8900 0.0600 90.0000
 0 0.01952010 -12.8900 0.0600 90.0000
 0 0.01963720 -12.8900 0.0600 90.0000
 0 0.01819940 -12.8900 0.0600 90.0000
 0 0.02057980 -12.8900 0.0600 90.0000
 0 0.01975740 -12.8900 0.0600 90.0000
 0 0.02173600 -12.8900 0.0600 90.0000
 0 0.02111300 -12.8900 0.0600 90.0000
 0 0.01787440 -12.8900 0.0600 90.0000
 0 0.01821550 -12.8900 0.0600 90.0000
 0 0.01753880 -12.8900 0.0600 90.0000
 0 0.02010740 -12.8900 0.0600 90.0000
 0 0.01971160 -12.8900 0.0600 90.0000
 0 0.01884810 -12.8900 0.0600 90.0000
 0 0.01871870 -12.8900 0.0600 90.0000
 0 0.01735050 -12.8900 0.0600 90.0000
 0 0.01800920 -12.8900 0.0600 90.0000
 0 0.01933320 -12.8900 0.0600 90.0000
 0 0.01779330 -12.8900 0.0600 90.0000
 0 0.01890330 -12.8900 0.0600 90.0000
 0 0.01827840 -12.8900 0.0600 90.0000
 0 0.02065750 -12.8900 0.0600 90.0000
 0 0.02101480 -12.8900 0.0600 90.0000
 0 0.02170320 -12.8900 0.0600 90.0000
 0 0.01721970 -12.8900 0.0600 90.0000
 0 0.01628610 -12.8900 0.0600 90.0000
 0 0.01805520 -12.8900 0.0600 90.0000
 0 0.01833400 -12.8900 0.0600 90.0000
 0 0.01486640 -12.8900 0.0600 90.0000
 0 0.01729080 -12.8900 0.0600 90.0000
 0 0.01869250 -12.8900 0.0600 90.0000
 0 0.01664950 -12.8900 0.0600 90.0000
 0 0.01923320 -12.8900 0.0600 90.0000
 0 0.01933280 -12.8900 0.0600 90.0000
 0 0.01662830 -12.8900 0.0600 90.0000
 0 0.01984110 -12.8900 0.0600 90.0000
 0 0.01936150 -12.8900 0.0600 90.0000
 0 0.01719640 -12.8900 0.0600 90.0000
 0 0.02008130 -12.8900 0.0600 90.0000
 0 0.01900710 -12.8900 0.0600 90.0000
 0 0.01768380 -12.8900 0.0600 90.0000
 0 0.01887960 -12.8900 0.0600 90.0000
 0 0.01802650 -12.8900 0.0600 90.0000
 0 0.01793290 -12.8900 0.0600 90.0000
 0 0.01885470 -12.8900 0.0600 90.0000
 0 0.01880340 -12.8900 0.0600 90.0000
 0 0.01904230 -12.8900 0.0600 90.0000
 0 0.04202110 -12.8900 0.0600 90.0000
 0 0.02028550 -12.8900 0.0600 90.0000
 0 0.01818370 -12.8900 0.0600 90.0000
 0 0.02253670 -12.8900 0.0600 90.0000
 0 0.01967510 -12.8900 0.0600 90.0000
 0 0.02178920 -12.8900 0.0600 90.0000
 0 0.02042970 -12.8900 0.0600 90.0000
 0 0.01963740 -12.8900 0.0600 90.0000
 0 0.01913130 -12.8900 0.0600 90.0000
 0 0.01955250 -12.8900 0.0600 90.0000
 0 0.02132980 -12.8900 0.0600 90.0000
 0 0.01762390 -12.8900 0.0600 90.0000
 0 0.01855720 -12.8900 0.0600 90.0000
 0 0.01901340 -12.8900 0.0600 90.0000
 0 0.01921280 -12.8900 0.0600 90.0000
 0 0.02083310 -12.8900 0.0600 90.0000
 0 0.01946440 -12.8900 0.0600 90.0000
 0 0.01967530 -12.8900 0.0600 90.0000
 0 0.01917940 -12.8900 0.0600 90.0000
 0 0.01698420 -12.8900 0.0600 90.0000
 0 0.01884280 -12.8900 0.0600 90.0000
 0 0.01854240 -12.8900 0.0600 90.0000
 0 0.01888060 -12.8900 0.0600 90.0000
 0 0.01791090 -12.8900 0.0600 90.0000
 0 0.01866700 -12.8900 0.0600 90.0000
 0 0.01986370 -12.8900 0.0600 90.0000
 0 0.01835600 -12.8900 0.0600 90.0000
 0 0.01998590 -12.8900 0.0600 90.0000
 0 0.01702000 -12.8900 0.0600 90.0000
 0 0.01745710 -12.8900 0.0600 90.0000
 0 0.01723220 -12.8900 0.0600 90.0000
 0 0.02143360 -12.8900 0.0600 90.0000
 0 0.01816770 -12.8900 0.0600 90.0000
 0 0.02081930 -12.8900 0.0600 90.0000
 0 0.01578160 -12.8900 0.0600 90.0000
 0 0.01777770 -12.8900 0.0600 90.0000
 0 0.01871780 -12.8900 0.0600 90.0000
 0 0.01666560 -12.8900 0.0600 90.0000
 0 0.01922750 -12.8900 0.0600 90.0000
 0 0.01922330 -12.8900 0.0600 90.0000
 0 0.01836750 -12.8900 0.0600 90.0000
 0 0.01583590 -12.8900 0.0600 90.0000
 0 0.01904300 -12.8900 0.0600 90.0000
 0 0.01703170 -12.8900 0.0600 90.0000
 0 0.02133920 -12.8900 0.0600 90.0000
 0 0.01989100 -12.8900 0.0600 90.0000
 0 0.01716530 -12.8900 0.0600 90.0000
 0 0.01790280 -12.8900 0.0600 90.0000
 0 0.01788110 -12.8900 0.0600 90.0000
 0 0.01838190 -12.8900 0.0600 90.0000
 0 0.01783430 -12.8900 0.0600 90.0000
 0 0.01984690 -12.8900 0.0600 90.0000
 0 0.01770180 -12.8900 0.0600 90.0000
 0 0.01670900 -12.8900 0.0600 90.0000
 0 0.01714550 -12.8900 0.0600 90.0000
 0 0.01727110 -12.8900 0.0600 90.0000
 0 0.01821960 -12.8900 0.0600 90.0000
 0 0.02025360 -12.8900 0.0600 90.0000
 0 0.01703850 -12.8900 0.0600 90.0000
 0 0.01575300 -12.8900 0.0600 90.0000
 0 0.01966070 -12.8900 0.0600 90.0000
 0 0.01976260 -12.8900 0.0600 90.0000
 0 0.01734300 -12.8900 0.0600 90.0000
 0 0.01770460 -12.8900 0.0600 90.0000
 0 0.01723650 -12.8900 0.0600 90.0000
 0 0.01858630 -12.8900 0.0600 90.0000
 0 0.01789620 -12.8900 0.0600 90.0000
 0 0.01800440 -12.8900 0.0600 90.0000
 0 0.01663730 -12.8900 0.0600 90.0000
 0 0.01988540 -12.8900 0.0600 90.0000
 0 0.02067140 -12.8900 0.0600 90.0000
 0 0.01890100 -12.8900 0.0600 90.0000
 0 0.01686180 -12.8900 0.0600 90.0000
 0 0.01894930 -12.8900 0.0600 90.0000
 0 0.01722590 -12.8900 0.0600 90.0000
 0 0.01807890 -12.8900 0.0600 90.0000
 0 0.01854210 -12.8900 0.0600 90.0000
 0 0.01916310 -12.8900 0.0600 90.0000
 0 0.01889940 -12.8900 0.0600 90.0000
 0 0.01768500 -12.8900 0.0600 90.0000
 0 0.01736440 -12.8900 0.0600 90.0000
 0 0.01774730 -12.8900 0.0600 90.0000
 0 0.01801710 -12.8900 0.0600 90.0000
 0 0.01652840 -12.8900 0.0600 90.0000
 0 0.01834930 -12.8900 0.0600 90.0000
 0 0.01847020 -12.8900 0.0600 90.0000
 0 0.01651260 -12.8900 0.0600 90.0000
 0 0.01967800 -12.8900 0.0600 90.0000
 0 0.01768950 -12.8900 0.0600 90.0000
 0 0.01647620 -12.8900 0.0600 90.0000
 0 0.01736000 -12.8900 0.0600 90.0000
 0 0.01801270 -12.8900 0.0600 90.0000
 0 0.01724150 -12.8900 0.0600 90.0000
 0 0.01774330 -12.8900 0.0600 90.0000
 0 0.01792500 -12.8900 0.0600 90.0000
 0 0.01731620 -12.8900 0.0600 90.0000
 0 0.01941810 -12.8900 0.0600 90.0000
 0 0.01811310 -12.8900 0.0600 90.0000
 0 0.01950770 -12.8900 0.0600 90.0000
 0 0.01852280 -12.8900 0.0600 90.0000
 0 0.01925060 -12.8900 0.0600 90.0000
 0 0.01795710 -12.8900 0.0600 90.0000
 0 0.01609940 -12.8900 0.0600 90.0000
 0 0.01786950 -12.8900 0.0600 90.0000
 0 0.02003170 -12.8900 0.0600 90.0000
 0 0.01846220 -12.8900 0.0600 90.0000
 0 0.01920110 -12.8900 0.0600 90.0000
 0 0.02027430 -12.8900 0.0600 90.0000
 0 0.01887710 -12.8900 0.0600 90.0000
 0 0.02072080 -12.8900 0.0600 90.0000
 0 0.01859550 -12.8900 0.0600 90.0000
 0 0.02170980 -12.8900 0.0600 90.0000
 0 0.01946810 -12.8900 0.0600 90.0000
 0 0.01959670 -12.8900 0.0600 90.0000
 0 0.01793200 -12.8900 0.0600 90.0000
 0 0.01837330 -12.8900 0.0600 90.0000
 0 0.01825140 -12.8900 0.0600 90.0000
 0 0.01793340 -12.8900 0.0600 90.0000
 0 0.01799130 -12.8900 0.0600 90.0000
 0 0.01597890 -12.8900 0.0600 90.0000
 0 0.01824520 -12.8900 0.0600 90.0000
 0 0.01625840 -12.8900 0.0600 90.0000
 0 0.01763420 -12.8900 0.0600 90.0000
 0 0.01942580 -12.8900 0.0600 90.0000
 0 0.01776710 -12.8900 0.0600 90.0000
 0 0.01995420 -12.8900 0.0600 90.0000
 0 0.01691260 -12.8900 0.0600 90.0000
 0 0.01855150 -12.8900 0.0600 90.0000
 0 0.01737070 -12.8900 0.0600 90.0000
 0 0.01806770 -12.8900 0.0600 90.0000
 0 0.01819320 -12.8900 0.0600 90.0000
 0 0.01835210 -12.8900 0.0600 90.0000
 0 0.01978590 -12.8900 0.0600 90.0000
 0 0.01784690 -12.8900 0.0600 90.0000
 0 0.02088090 -12.8900 0.0600 90.0000
 0 0.01985440 -12.8900 0.0600 90.0000
 0 0.02000720 -12.8900 0.0600 90.0000
 0 0.01621420 -12.8900 0.0600 90.0000
 0 0.01973870 -12.8900 0.0600 90.0000
 0 0.01822430 -12.8900 0.0600 90.0000
 0 0.01733160 -12.8900 0.0600 90.0000
 0 0.01724810 -12.8900 0.0600 90.0000
 0 0.01835460 -12.8900 0.0600 90.0000
 0 0.01863260 -12.8900 0.0600 90.0000
 0 0.02168880 -12.8900 0.0600 90.0000
 0 0.01833660 -12.8900 0.0600 90.0000
 0 0.01953550 -12.8900 0.0600 90.0000
 0 0.02265410 -12.8900 0.0600 90.0000
 0 0.01850910 -12.8900 0.0600 90.0000
 0 0.02084960 -12.8900 0.0600 90.0000
 0 0.01708160 -12.8900 0.0600 90.0000
 0 0.01679190 -12.8900 0.0600 90.0000
 0 0.01792160 -12.8900 0.0600 90.0000
 0 0.01952540 -12.8900 0.0600 90.0000
 0 0.01778560 -12.8900 0.0600 90.0000
 0 0.01749660 -12.8900 0.0600 90.0000
 0 0.01934370 -12.8900 0.0600 90.0000
 0 0.01837780 -12.8900 0.0600 90.0000
 0 0.01883150 -12.8900 0.0600 90.0000
 0 0.01770980 -12.8900 0.0600 90.0000
 0 0.01822160 -12.8900 0.0600 90.0000
 0 0.01777630 -12.8900 0.0600 90.0000
 0 0.01732940 -12.8900 0.0600 90.0000
 0 0.01657720 -12.8900 0.0600 90.0000
 0 0.01868170 -12.8900 0.0600 90.0000
 0 0.01941490 -12.8900 0.0600 90.0000
 0 0.01932440 -12.8900 0.0600 90.0000
 0 0.01914470 -12.8900 0.0600 90.0000
 0 0.01869400 -12.8900 0.0600 90.0000
 0 0.01990580 -12.8900 0.0600 90.0000
 0 0.02029450 -12.8900 0.0600 90.0000
 0 0.02038180 -12.8900 0.0600 90.0000
 0 0.02212200 -12.8900 0.0600 90.0000
 0 0.01932160 -12.8900 0.0600 90.0000
 0 0.01972530 -12.8900 0.0600 90.0000
 0 0.01789550 -12.8900 0.0600 90.0000
 0 0.01795780 -12.8900 0.0600 90.0000
 0 0.01707670 -12.8900 0.0600 90.0000
 0 0.01621870 -12.8900 0.0600 90.0000
 0 0.01853440 -12.8900 0.0600 90.0000
 0 0.01827810 -12.8900 0.0600 90.0000
 0 0.01928520 -12.8900 0.0600 90.0000
 0 0.01809830 -12.8900 0.0600 90.0000
 0 0.01735240 -12.8900 0.0600 90.0000
 0 0.01808950 -12.8900 0.0600 90.0000
 0 0.01773680 -12.8900 0.0600 90.0000
 0 0.01721480 -12.8900 0.0600 90.0000
 0 0.01771430 -12.8900 0.0600 90.0000
 0 0.01792330 -12.8900 0.0600 90.0000
 0 0.01746330 -12.8900 0.0600 90.0000
 0 0.01789000 -12.8900 0.0600 90.0000
 0 0.01819100 -12.8900 0.0600 90.0000
 0 0.01824260 -12.8900 0.0600 90.0000
 0 0.01589490 -12.8900 0.0600 90.0000
 0 0.01652390 -12.8900 0.0600 90.0000
 0 0.02173310 -12.8900 0.0600 90.0000
 0 0.01908190 -12.8900 0.0600 90.0000
 0 0.01864570 -12.8900 0.0600 90.0000
 0 0.02215940 -12.8900 0.0600 90.0000
 0 0.02830260 -12.8900 0.0600 90.0000
 0 0.01857800 -12.8900 0.0600 90.0000
 0 0.01999910 -12.8900 0.0600 90.0000
 0 0.02079760 -12.8900 0.0600 90.0000
 0 0.01774920 -12.8900 0.0600 90.0000
 0 0.02081750 -12.8900 0.0600 90.0000
 0 0.01898840 -12.8900 0.0600 90.0000
 0 0.01711520 -12.8900 0.0600 90.0000
 0 0.02008890 -12.8900 0.0600 90.0000
 0 0.01867530 -12.8900 0.0600 90.0000
 0 0.01653740 -12.8900 0.0600 90.0000
 0 0.01862800 -12.8900 0.0600 90.0000
 0 0.02054780 -12.8900 0.0600 90.0000
 0 0.01860900 -12.8900 0.0600 90.0000
 0 0.01925160 -12.8900 0.0600 90.0000
 0 0.33333330 -12.8900 0.0600 90.0000
 0 0.32058650 -12.8900 0.0600 90.0000
 0 0.04617200 -12.8900 0.0600 90.0000
 0 0.02019730 -12.8900 0.0600 90.0000
 0 0.04126990 -12.8900 0.0600 90.0000
 0 0.01980690 -12.8900 0.0600 90.0000
 0 0.01928010 -12.8900 0.0600 90.0000
 0 0.02235380 -12.8900 0.0600 90.0000
 0 0.01652040 -12.8900 0.0600 90.0000
 0 0.01716640 -12.8900 0.0600 90.0000
 0 0.01866550 -12.8900 0.0600 90.0000
 0 0.01848820 -12.8900 0.0600 90.0000
 0 0.01986710 -12.8900 0.0600 90.0000
 0 0.01864130 -12.8900 0.0600 90.0000
 0 0.01638710 -12.8900 0.0600 90.0000
 0 0.01985950 -12.8900 0.0600 90.0000
 0 0.33333330 -12.8900 0.0600 90.0000
 0 0.07346360 -12.8900 0.0600 90.0000
 0 0.04076140 -12.8900 0.0600 90.0000
 0 0.02956380 -12.8900 0.0600 90.0000
 0 0.02868410 -12.8900 0.0600 90.0000
 0 0.02008310 -12.8900 0.0600 90.0000
 0 0.01947080 -12.8900 0.0600 90.0000
 0 0.02066980 -12.8900 0.0600 90.0000
 0 0.02660030 -12.8900 0.0600 90.0000
 0 0.02152600 -12.8900 0.0600 90.0000
 0 0.02003490 -12.8900 0.0600 90.0000
 0 0.02256890 -12.8900 0.0600 90.0000
 0 0.02391970 -12.8900 0.0600 90.0000
 0 0.05853640 -12.8900 0.0600 90.0000
 0 0.02140910 -12.8900 0.0600 90.0000
 0 0.02029930 -12.8900 0.0600 90.0000
 0 0.02590610 -12.8900 0.0600 90.0000
 0 0.03503810 -12.8900 0.0600 90.0000
 0 0.01789110 -12.8900 0.0600 90.0000
 0 0.02525190 -12.8900 0.0600 90.0000
 0 0.01898550 -12.8900 0.0600 90.0000
 0 0.02102280 -12.8900 0.0600 90.0000
 0 0.01860210 -12.8900 0.0600 90.0000
 0 0.01938640 -12.8900 0.0600 90.0000
 0 0.01745260 -12.8900 0.0600 90.0000
 0 0.01717990 -12.8900 0.0600 90.0000
 0 0.01916730 -12.8900 0.0600 90.0000
 0 0.01825290 -12.8900 0.0600 90.0000
 0 0.01549110 -12.8900 0.0600 90.0000
 0 0.01735300 -12.8900 0.0600 90.0000
 0 0.02030520 -12.8900 0.0600 90.0000
 0 0.01724700 -12.8900 0.0600 90.0000
 0 0.02008230 -12.8900 0.0600 90.0000
 0 0.01905860 -12.8900 0.0600 90.0000
 0 0.02091590 -12.8900 0.0600 90.0000
 0 0.01910000 -12.8900 0.0600 90.0000
 0 0.01857720 -12.8900 0.0600 90.0000
 0 0.01954000 -12.8900 0.0600 90.0000
 0 0.03140900 -12.8900 0.0600 90.0000
 0 0.05701830 -12.8900 0.0600 90.0000
 0 0.06758260 -12.8900 0.0600 90.0000
 0 0.06250430 -12.8900 0.0600 90.0000
 0 0.06617300 -12.8900 0.0600 90.0000
 0 0.06351280 -12.8900 0.0600 90.0000
 0 0.03045230 -12.8900 0.0600 90.0000
 0 0.02026190 -12.8900 0.0600 90.0000
 0 0.01840310 -12.8900 0.0600 90.0000
 0 0.02006380 -12.8900 0.0600 90.0000
 0 0.02055150 -12.8900 0.0600 90.0000
 0 0.02030720 -12.8900 0.0600 90.0000
 0 0.01908760 -12.8900 0.0600 90.0000
 0 0.02134060 -12.8900 0.0600 90.0000
 0 0.04454310 -12.8900 0.0600 90.0000
 0 0.06809450 -12.8900 0.0600 90.0000
 0 0.06575430 -12.8900 0.0600 90.0000
 0 0.05371220 -12.8900 0.0600 90.0000
 0 0.04012630 -12.8900 0.0600 90.0000
 0 0.05863870 -12.8900 0.0600 90.0000
 0 0.04917310 -12.8900 0.0600 90.0000
 0 0.04255280 -12.8900 0.0600 90.0000
 0 0.03372740 -12.8900 0.0600 90.0000
 0 0.02201560 -12.8900 0.0600 90.0000
 0 0.02587990 -12.8900 0.0600 90.0000
 0 0.02774100 -12.8900 0.0600 90.0000
 0 0.05947240 -12.8900 0.0600 90.0000
 0 0.06648790 -12.8900 0.0600 90.0000
 0 0.07009630 -12.8900 0.0600 90.0000
 0 0.06541110 -12.8900 0.0600 90.0000
 0 0.06679430 -12.8900 0.0600 90.0000
 0 0.06642640 -12.8900 0.0600 90.0000
 0 0.06628810 -12.8900 0.0600 90.0000
 0 0.05637060 -12.8900 0.0600 90.0000
 0 0.02882360 -12.8900 0.0600 90.0000
 0 0.02043770 -12.8900 0.0600 90.0000
 0 0.01783680 -12.8900 0.0600 90.0000
 0 0.01878330 -12.8900 0.0600 90.0000
 0 0.01802980 -12.8900 0.0600 90.0000
 0 0.02002060 -12.8900 0.0600 90.0000
 0 0.01897840 -12.8900 0.0600 90.0000
 0 0.01757300 -12.8900 0.0600 90.0000
 0 0.01843750 -12.8900 0.0600 90.0000
 0 0.01907570 -12.8900 0.0600 90.0000
 0 0.01834310 -12.8900 0.0600 90.0000
 0 0.01993370 -12.8900 0.0600 90.0000
 0 0.02426740 -12.8900 0.0600 90.0000
 0 0.02346320 -12.8900 0.0600 90.0000
 0 0.02209740 -12.8900 0.0600 90.0000
 0 0.03883690 -12.8900 0.0600 90.0000
 0 0.02567330 -12.8900 0.0600 90.0000
 0 0.01975950 -12.8900 0.0600 90.0000
 0 0.02280580 -12.8900 0.0600 90.0000
 0 0.02057460 -12.8900 0.0600 90.0000
 0 0.02008480 -12.8900 0.0600 90.0000
 0 0.02062370 -12.8900 0.0600 90.0000
 0 0.01942180 -12.8900 0.0600 90.0000
 0 0.02106870 -12.8900 0.0600 90.0000
 0 0.01899320 -12.8900 0.0600 90.0000
 0 0.02249120 -12.8900 0.0600 90.0000
 0 0.02398110 -12.8900 0.0600 90.0000
 0 0.02180370 -12.8900 0.0600 90.0000
 0 0.01921630 -12.8900 0.0600 90.0000
 0 0.01848150 -12.8900 0.0600 90.0000
 0 0.03068520 -12.8900 0.0600 90.0000
 0 0.02171570 -12.8900 0.0600 90.0000
 0 0.02100280 -12.8900 0.0600 90.0000
 0 0.01989180 -12.8900 0.0600 90.0000
 0 0.01957980 -12.8900 0.0600 90.0000
 0 0.03642290 -12.8900 0.0600 90.0000
 0 0.03866200 -12.8900 0.0600 90.0000
 0 0.02036050 -12.8900 0.0600 90.0000
 0 0.02003690 -12.8900 0.0600 90.0000
 0 0.02353140 -12.8900 0.0600 90.0000
 0 0.01951290 -12.8900 0.0600 90.0000
 0 0.02026150 -12.8900 0.0600 90.0000
 0 0.02095510 -12.8900 0.0600 90.0000
 0 0.02186900 -12.8900 0.0600 90.0000
 0 0.03110070 -12.8900 0.0600 90.0000
 0 0.02159560 -12.8900 0.0600 90.0000
 0 0.02004530 -12.8900 0.0600 90.0000
 0 0.01903790 -12.8900 0.0600 90.0000
 0 0.01874650 -12.8900 0.0600 90.0000
 0 0.02356960 -12.8900 0.0600 90.0000
 0 0.01723630 -12.8900 0.0600 90.0000
 0 0.01718850 -12.8900 0.0600 90.0000
 0 0.01858950 -12.8900 0.0600 90.0000
 0 0.01679700 -12.8900 0.0600 90.0000
 0 0.02025190 -12.8900 0.0600 90.0000
 0 0.01771980 -12.8900 0.0600 90.0000
 0 0.02159370 -12.8900 0.0600 90.0000
 0 0.01693520 -12.8900 0.0600 90.0000
 0 0.01636570 -12.8900 0.0600 90.0000
 0 0.01685850 -12.8900 0.0600 90.0000
 0 0.01753330 -12.8900 0.0600 90.0000
 0 0.01851990 -12.8900 0.0600 90.0000
 0 0.01785130 -12.8900 0.0600 90.0000
 0 0.01951440 -12.8900 0.0600 90.0000
 0 0.01774280 -12.8900 0.0600 90.0000
 0 0.01932320 -12.8900 0.0600 90.0000
 0 0.01750230 -12.8900 0.0600 90.0000
 0 0.01967360 -12.8900 0.0600 90.0000
 0 0.01805200 -12.8900 0.0600 90.0000
 0 0.01861640 -12.8900 0.0600 90.0000
 0 0.02127060 -12.8900 0.0600 90.0000
 0 0.01899810 -12.8900 0.0600 90.0000
 0 0.02535400 -12.8900 0.0600 90.0000
 0 0.01867320 -12.8900 0.0600 90.0000
 0 0.02249330 -12.8900 0.0600 90.0000
 0 0.02018930 -12.8900 0.0600 90.0000
 0 0.02038910 -12.8900 0.0600 90.0000
 0 0.01899440 -12.8900 0.0600 90.0000
 0 0.04305200 -12.8900 0.0600 90.0000
 0 0.01846870 -12.8900 0.0600 90.0000
 0 0.01748520 -12.8900 0.0600 90.0000
 0 0.01882330 -12.8900 0.0600 90.0000
 0 0.02137890 -12.8900 0.0600 90.0000
 0 0.01834660 -12.8900 0.0600 90.0000
 0 0.01996110 -12.8900 0.0600 90.0000
 0 0.01979240 -12.8900 0.0600 90.0000
 0 0.02730030 -12.8900 0.0600 90.0000
 0 0.01981850 -12.8900 0.0600 90.0000
 0 0.01849160 -12.8900 0.0600 90.0000
 0 0.01705700 -12.8900 0.0600 90.0000
 0 0.01802600 -12.8900 0.0600 90.0000
 0 0.01790850 -12.8900 0.0600 90.0000
 0 0.01903060 -12.8900 0.0600 90.0000
 0 0.02068830 -12.8900 0.0600 90.0000
 0 0.02010820 -12.8900 0.0600 90.0000
 0 0.02057310 -12.8900 0.0600 90.0000
 0 0.01646060 -12.8900 0.0600 90.0000
 0 0.02094150 -12.8900 0.0600 90.0000
 0 0.02101060 -12.8900 0.0600 90.0000
 0 0.03069360 -12.8900 0.0600 90.0000
 0 0.01934390 -12.8900 0.0600 90.0000
 0 0.01838500 -12.8900 0.0600 90.0000
 0 0.01913650 -12.8900 0.0600 90.0000
 0 0.01796650 -12.8900 0.0600 90.0000
 0 0.01905680 -12.8900 0.0600 90.0000
 0 0.01852380 -12.8900 0.0600 90.0000
 0 0.01933670 -12.8900 0.0600 90.0000
 0 0.01929290 -12.8900 0.0600 90.0000
 0 0.33333330 -12.8900 0.0600 90.0000
 0 0.06698440 -12.8900 0.0600 90.0000
 0 0.02518600 -12.8900 0.0600 90.0000
 0 0.02170250 -12.8900 0.0600 90.0000
 0 0.04237810 -12.8900 0.0600 90.0000
 0 0.02515210 -12.8900 0.0600 90.0000
 0 0.02032470 -12.8900 0.0600 90.0000
 0 0.02135730 -12.8900 0.0600 90.0000
 0 0.02921770 -12.8900 0.0600 90.0000
 0 0.01902320 -12.8900 0.0600 90.0000
 0 0.01857440 -12.8900 0.0600 90.0000
 0 0.01894220 -12.8900 0.0600 90.0000
 0 0.01845900 -12.8900 0.0600 90.0000
 0 0.01943050 -12.8900 0.0600 90.0000
 0 0.01879520 -12.8900 0.0600 90.0000
 0 0.02048580 -12.8900 0.0600 90.0000
 0 0.01653450 -12.8900 0.0600 90.0000
 0 0.01854610 -12.8900 0.0600 90.0000
 0 0.01873790 -12.8900 0.0600 90.0000
 0 0.02044560 -12.8900 0.0600 90.0000
 0 0.01571230 -12.8900 0.0600 90.0000
 0 0.01741340 -12.8900 0.0600 90.0000
 0 0.01971800 -12.8900 0.0600 90.0000
 0 0.01936330 -12.8900 0.0600 90.0000
 0 0.01846830 -12.8900 0.0600 90.0000
 0 0.05054060 -12.8900 0.0600 90.0000
 0 0.02488040 -12.8900 0.0600 90.0000
 0 0.02079900 -12.8900 0.0600 90.0000
 0 0.02297540 -12.8900 0.0600 90.0000
 0 0.03330130 -12.8900 0.0600 90.0000
 0 0.01949060 -12.8900 0.0600 90.0000
 0 0.02207090 -12.8900 0.0600 90.0000
 0 0.02122250 -12.8900 0.0600 90.0000
 0 0.01950400 -12.8900 0.0600 90.0000
 0 0.02172500 -12.8900 0.0600 90.0000
 0 0.02054870 -12.8900 0.0600 90.0000
 0 0.02115020 -12.8900 0.0600 90.0000
 0 0.02146960 -12.8900 0.0600 90.0000
 0 0.01933510 -12.8900 0.0600 90.0000
 0 0.03447770 -12.8900 0.0600 90.0000
 0 0.02353410 -12.8900 0.0600 90.0000
 0 0.01818100 -12.8900 0.0600 90.0000
 0 0.01885410 -12.8900 0.0600 90.0000
 0 0.04573310 -12.8900 0.0600 90.0000
 0 0.01832070 -12.8900 0.0600 90.0000
 0 0.01797370 -12.8900 0.0600 90.0000
 0 0.01830960 -12.8900 0.0600 90.0000
 0 0.01990950 -12.8900 0.0600 90.0000
 0 0.01843390 -12.8900 0.0600 90.0000
 0 0.01788170 -12.8900 0.0600 90.0000
 0 0.01986790 -12.8900 0.0600 90.0000
 0 0.01776470 -12.8900 0.0600 90.0000
 0 0.01794410 -12.8900 0.0600 90.0000
 0 0.01983060 -12.8900 0.0600 90.0000
 0 0.02041300 -12.8900 0.0600 90.0000
 0 0.02246300 -12.8900 0.0600 90.0000
 0 0.01909990 -12.8900 0.0600 90.0000
 0 0.02110410 -12.8900 0.0600 90.0000
 0 0.02119380 -12.8900 0.0600 90.0000
 0 0.05152940 -12.8900 0.0600 90.0000
 0 0.02081330 -12.8900 0.0600 90.0000
 0 0.01880730 -12.8900 0.0600 90.0000
 0 0.01965920 -12.8900 0.0600 90.0000
 0 0.03181630 -12.8900 0.0600 90.0000
 0 0.01912440 -12.8900 0.0600 90.0000
 0 0.02113590 -12.8900 0.0600 90.0000
 0 0.02068030 -12.8900 0.0600 90.0000
 0 0.01971690 -12.8900 0.0600 90.0000
 0 0.02135810 -12.8900 0.0600 90.0000
 0 0.01910290 -12.8900 0.0600 90.0000
 0 0.02093480 -12.8900 0.0600 90.0000
 0 0.02038640 -12.8900 0.0600 90.0000
 0 0.02216390 -12.8900 0.0600 90.0000
 0 0.04387580 -12.8900 0.0600 90.0000
 0 0.02188690 -12.8900 0.0600 90.0000
 0 0.03072020 -12.8900 0.0600 90.0000
 0 0.02360790 -12.8900 0.0600 90.0000
 0 0.03467900 -12.8900 0.0600 90.0000
 0 0.02014000 -12.8900 0.0600 90.0000
 0 0.02105810 -12.8900 0.0600 90.0000
 0 0.02273610 -12.8900 0.0600 90.0000
 0 0.02639400 -12.8900 0.0600 90.0000
 0 0.02346910 -12.8900 0.0600 90.0000
 0 0.03088890 -12.8900 0.0600 90.0000
 0 0.01760380 -12.8900 0.0600 90.0000
 0 0.01826180 -12.8900 0.0600 90.0000
 0 0.05189910 -12.8900 0.0600 90.0000
 0 0.03195060 -12.8900 0.0600 90.0000
 0 0.03600340 -12.8900 0.0600 90.0000
 0 0.01808570 -12.8900 0.0600 90.0000
 0 0.01826900 -12.8900 0.0600 90.0000
 0 0.02158370 -12.8900 0.0600 90.0000
 0 0.02124650 -12.8900 0.0600 90.0000
 0 0.01900450 -12.8900 0.0600 90.0000
 0 0.03218120 -12.8900 0.0600 90.0000
 0 0.02076320 -12.8900 0.0600 90.0000
 0 0.01915940 -12.8900 0.0600 90.0000
 0 0.01980870 -12.8900 0.0600 90.0000
 0 0.01784000 -12.8900 0.0600 90.0000
 0 0.01922860 -12.8900 0.0600 90.0000
 0 0.02031730 -12.8900 0.0600 90.0000
 0 0.01858140 -12.8900 0.0600 90.0000
 0 0.02028740 -12.8900 0.0600 90.0000
 0 0.01925480 -12.8900 0.0600 90.0000
 0 0.01810660 -12.8900 0.0600 90.0000
 0 0.01957320 -12.8900 0.0600 90.0000
 0 0.01904880 -12.8900 0.0600 90.0000
 0 0.01788950 -12.8900 0.0600 90.0000
 0 0.01892170 -12.8900 0.0600 90.0000
 0 0.02134560 -12.8900 0.0600 90.0000
 0 0.01850240 -12.8900 0.0600 90.0000
 0 0.01953480 -12.8900 0.0600 90.0000
 0 0.01916020 -12.8900 0.0600 90.0000
 0 0.02174190 -12.8900 0.0600 90.0000
 0 0.02137990 -12.8900 0.0600 90.0000
 0 0.01811180 -12.8900 0.0600 90.0000
 0 0.02034420 -12.8900 0.0600 90.0000
 0 0.01885940 -12.8900 0.0600 90.0000
 0 0.02023310 -12.8900 0.0600 90.0000
 0 0.01903370 -12.8900 0.0600 90.0000
 0 0.02806940 -12.8900 0.0600 90.0000
 0 0.02918870 -12.8900 0.0600 90.0000
 0 0.02075450 -12.8900 0.0600 90.0000
 0 0.01925630 -12.8900 0.0600 90.0000
 0 0.02448310 -12.8900 0.0600 90.0000
 0 0.02078680 -12.8900 0.0600 90.0000
 0 0.01889450 -12.8900 0.0600 90.0000
 0 0.01995840 -12.8900 0.0600 90.0000
 0 0.01859400 -12.8900 0.0600 90.0000
 0 0.01898680 -12.8900 0.0600 90.0000
 0 0.02371540 -12.8900 0.0600 90.0000
 0 0.02014210 -12.8900 0.0600 90.0000
 0 0.02020920 -12.8900 0.0600 90.0000
 0 0.02184960 -12.8900 0.0600 90.0000
 0 0.02148710 -12.8900 0.0600 90.0000
 0 0.02267650 -12.8900 0.0600 90.0000
 0 0.02035830 -12.8900 0.0600 90.0000
 0 0.01804930 -12.8900 0.0600 90.0000
 0 0.02124780 -12.8900 0.0600 90.0000
 0 0.01775200 -12.8900 0.0600 90.0000
 0 0.01702070 -12.8900 0.0600 90.0000
 0 0.01897150 -12.8900 0.0600 90.0000
 0 0.01817630 -12.8900 0.0600 90.0000
 0 0.01716830 -12.8900 0.0600 90.0000
 0 0.01855780 -12.8900 0.0600 90.0000
 0 0.01765020 -12.8900 0.0600 90.0000
 0 0.01800930 -12.8900 0.0600 90.0000
 0 0.01918550 -12.8900 0.0600 90.0000
 0 0.01757960 -12.8900 0.0600 90.0000
 0 0.01861250 -12.8900 0.0600 90.0000
 0 0.05773700 -12.8900 0.0600 90.0000
 0 0.04617240 -12.8900 0.0600 90.0000
 0 0.02473420 -12.8900 0.0600 90.0000
 0 0.02065340 -12.8900 0.0600 90.0000
 0 0.02045500 -12.8900 0.0600 90.0000
 0 0.02205890 -12.8900 0.0600 90.0000
 0 0.02297300 -12.8900 0.0600 90.0000
 0 0.01843450 -12.8900 0.0600 90.0000
 0 0.01958100 -12.8900 0.0600 90.0000
 0 0.01924680 -12.8900 0.0600 90.0000
 0 0.02115940 -12.8900 0.0600 90.0000
 0 0.01808800 -12.8900 0.0600 90.0000
 0 0.02081400 -12.8900 0.0600 90.0000
 0 0.02144120 -12.8900 0.0600 90.0000
 0 0.02048060 -12.8900 0.0600 90.0000
 0 0.01910500 -12.8900 0.0600 90.0000
 0 0.01971390 -12.8900 0.0600 90.0000
 0 0.02127220 -12.8900 0.0600 90.0000
 0 0.02077210 -12.8900 0.0600 90.0000
 0 0.01756270 -12.8900 0.0600 90.0000
 0 0.01919540 -12.8900 0.0600 90.0000
 0 0.01723960 -12.8900 0.0600 90.0000
 0 0.02049750 -12.8900 0.0600 90.0000
 0 0.01550970 -12.8900 0.0600 90.0000
 0 0.01577570 -12.8900 0.0600 90.0000
 0 0.01686200 -12.8900 0.0600 90.0000
 0 0.01688620 -12.8900 0.0600 90.0000
 0 0.01712060 -12.8900 0.0600 90.0000
 0 0.01694740 -12.8900 0.0600 90.0000
 0 0.01572330 -12.8900 0.0600 90.0000
 0 0.01802960 -12.8900 0.0600 90.0000
 0 0.01994010 -12.8900 0.0600 90.0000
 0 0.01667170 -12.8900 0.0600 90.0000
 0 0.01848000 -12.8900 0.0600 90.0000
 0 0.01713290 -12.8900 0.0600 90.0000
 0 0.01886010 -12.8900 0.0600 90.0000
 0 0.01817130 -12.8900 0.0600 90.0000
 0 0.02078290 -12.8900 0.0600 90.0000
 0 0.01764710 -12.8900 0.0600 90.0000
 0 0.01665640 -12.8900 0.0600 90.0000
 0 0.01898810 -12.8900 0.0600 90.0000
 0 0.02091170 -12.8900 0.0600 90.0000
 0 0.02002150 -12.8900 0.0600 90.0000
 0 0.01887150 -12.8900 0.0600 90.0000
 0 0.01987050 -12.8900 0.0600 90.0000
 0 0.01818330 -12.8900 0.0600 90.0000
 0 0.01680280 -12.8900 0.0600 90.0000
 0 0.02011830 -12.8900 0.0600 90.0000
 0 0.01942470 -12.8900 0.0600 90.0000
 0 0.01803450 -12.8900 0.0600 90.0000
 0 0.01697130 -12.8900 0.0600 90.0000
 0 0.01598760 -12.8900 0.0600 90.0000
 0 0.01691850 -12.8900 0.0600 90.0000
 0 0.01733060 -12.8900 0.0600 90.0000
 0 0.02079200 -12.8900 0.0600 90.0000
 0 0.02054160 -12.8900 0.0600 90.0000
 0 0.01829270 -12.8900 0.0600 90.0000
 0 0.01899240 -12.8900 0.0600 90.0000
 0 0.01671960 -12.8900 0.0600 90.0000
 0 0.02377700 -12.8900 0.0600 90.0000
 0 0.01891600 -12.8900 0.0600 90.0000
 0 0.01801060 -12.8900 0.0600 90.0000
 0 0.01837340 -12.8900 0.0600 90.0000
 0 0.01904760 -12.8900 0.0600 90.0000
 0 0.02091200 -12.8900 0.0600 90.0000
 0 0.01962610 -12.8900 0.0600 90.0000
 0 0.01955610 -12.8900 0.0600 90.0000
 0 0.01787540 -12.8900 0.0600 90.0000
 0 0.01640320 -12.8900 0.0600 90.0000
 0 0.01786780 -12.8900 0.0600 90.0000
 0 0.01698990 -12.8900 0.0600 90.0000
 0 0.01838730 -12.8900 0.0600 90.0000
 0 0.01667030 -12.8900 0.0600 90.0000
 0 0.03338760 -12.8900 0.0600 90.0000
 0 0.01915490 -12.8900 0.0600 90.0000
 0 0.02058980 -12.8900 0.0600 90.0000
 0 0.02206200 -12.8900 0.0600 90.0000
 0 0.01685820 -12.8900 0.0600 90.0000
 0 0.02028420 -12.8900 0.0600 90.0000
 0 0.01916730 -12.8900 0.0600 90.0000
 0 0.01972590 -12.8900 0.0600 90.0000
 0 0.02323090 -12.8900 0.0600 90.0000
 0 0.01957730 -12.8900 0.0600 90.0000
 0 0.02085850 -12.8900 0.0600 90.0000
 0 0.01992150 -12.8900 0.0600 90.0000
 0 0.02017860 -12.8900 0.0600 90.0000
 0 0.01869020 -12.8900 0.0600 90.0000
 0 0.01677960 -12.8900 0.0600 90.0000
 0 0.01827290 -12.8900 0.0600 90.0000
 0 0.02117350 -12.8900 0.0600 90.0000
 0 0.01849170 -12.8900 0.0600 90.0000
 0 0.01797850 -12.8900 0.0600 90.0000
 0 0.01976880 -12.8900 0.0600 90.0000
 0 0.01956190 -12.8900 0.0600 90.0000
 0 0.01850400 -12.8900 0.0600 90.0000
 0 0.01908020 -12.8900 0.0600 90.0000
 0 0.01820540 -12.8900 0.0600 90.0000
 0 0.01653040 -12.8900 0.0600 90.0000
 0 0.01998940 -12.8900 0.0600 90.0000
 0 0.01679970 -12.8900 0.0600 90.0000
 0 0.01705600 -12.8900 0.0600 90.0000
 0 0.01740030 -12.8900 0.0600 90.0000
 0 0.01938850 -12.8900 0.0600 90.0000
 0 0.01684360 -12.8900 0.0600 90.0000
 0 0.01900130 -12.8900 0.0600 90.0000
 0 0.01953410 -12.8900 0.0600 90.0000
 0 0.01713790 -12.8900 0.0600 90.0000
 0 0.01898380 -12.8900 0.0600 90.0000
 0 0.01888930 -12.8900 0.0600 90.0000
 0 0.01702330 -12.8900 0.0600 90.0000
 0 0.01958240 -12.8900 0.0600 90.0000
 0 0.01765070 -12.8900 0.0600 90.0000
 0 0.01717240 -12.8900 0.0600 90.0000
 0 0.01768410 -12.8900 0.0600 90.0000
 0 0.01757720 -12.8900 0.0600 90.0000
 0 0.01553180 -12.8900 0.0600 90.0000
 0 0.01917140 -12.8900 0.0600 90.0000
 0 0.01824870 -12.8900 0.0600 90.0000
 0 0.01756010 -12.8900 0.0600 90.0000
 0 0.01800960 -12.8900 0.0600 90.0000
 0 0.01697570 -12.8900 0.0600 90.0000
 0 0.01589760 -12.8900 0.0600 90.0000
 0 0.01750980 -12.8900 0.0600 90.0000
 0 0.01586510 -12.8900 0.0600 90.0000
 0 0.01659830 -12.8900 0.0600 90.0000
 0 0.01926420 -12.8900 0.0600 90.0000
 0 0.01745140 -12.8900 0.0600 90.0000
 0 0.01872200 -12.8900 0.0600 90.0000
 0 0.01594280 -12.8900 0.0600 90.0000
 0 0.01699500 -12.8900 0.0600 90.0000
 0 0.01748500 -12.8900 0.0600 90.0000
 0 0.01817050 -12.8900 0.0600 90.0000
 0 0.01722630 -12.8900 0.0600 90.0000
 0 0.01667420 -12.8900 0.0600 90.0000
 0 0.01911880 -12.8900 0.0600 90.0000
 0 0.01698540 -12.8900 0.0600 90.0000
 0 0.01632940 -12.8900 0.0600 90.0000
 0 0.01703410 -12.8900 0.0600 90.0000
 0 0.01801640 -12.8900 0.0600 90.0000
 0 0.01702330 -12.8900 0.0600 90.0000
 0 0.01766890 -12.8900 0.0600 90.0000
 0 0.01771590 -12.8900 0.0600 90.0000
 0 0.02001010 -12.8900 0.0600 90.0000
 0 0.02008290 -12.8900 0.0600 90.0000
 0 0.01902880 -12.8900 0.0600 90.0000
 0 0.01825140 -12.8900 0.0600 90.0000
 0 0.01958500 -12.8900 0.0600 90.0000
 0 0.01954970 -12.8900 0.0600 90.0000
 0 0.01755280 -12.8900 0.0600 90.0000
 0 0.01813730 -12.8900 0.0600 90.0000
 0 0.02051190 -12.8900 0.0600 90.0000
 0 0.02149400 -12.8900 0.0600 90.0000
 0 0.04837120 -12.8900 0.0600 90.0000
 0 0.02559860 -12.8900 0.0600 90.0000
 0 0.03086730 -12.8900 0.0600 90.0000
 0 0.03256030 -12.8900 0.0600 90.0000
 0 0.02227540 -12.8900 0.0600 90.0000
 0 0.02021390 -12.8900 0.0600 90.0000
 0 0.01958250 -12.8900 0.0600 90.0000
 0 0.02183220 -12.8900 0.0600 90.0000
 0 0.01961830 -12.8900 0.0600 90.0000
 0 0.01809300 -12.8900 0.0600 90.0000
 0 0.01699910 -12.8900 0.0600 90.0000
 0 0.01896610 -12.8900 0.0600 90.0000
 0 0.01954810 -12.8900 0.0600 90.0000
 0 0.01967990 -12.8900 0.0600 90.0000
 0 0.02030700 -12.8900 0.0600 90.0000
 0 0.01957480 -12.8900 0.0600 90.0000
 0 0.02209630 -12.8900 0.0600 90.0000
 0 0.02102990 -12.8900 0.0600 90.0000
 0 0.02165160 -12.8900 0.0600 90.0000
 0 0.02201360 -12.8900 0.0600 90.0000
 0 0.02071290 -12.8900 0.0600 90.0000
 0 0.02182040 -12.8900 0.0600 90.0000
 0 0.02149080 -12.8900 0.0600 90.0000
 0 0.02126710 -12.8900 0.0600 90.0000
 0 0.02086850 -12.8900 0.0600 90.0000
 0 0.02237450 -12.8900 0.0600 90.0000
 0 0.02439970 -12.8900 0.0600 90.0000
 0 0.02347560 -12.8900 0.0600 90.0000
 0 0.01907050 -12.8900 0.0600 90.0000
 0 0.01668560 -12.8900 0.0600 90.0000
 0 0.01845940 -12.8900 0.0600 90.0000
 0 0.01682520 -12.8900 0.0600 90.0000
 0 0.01822620 -12.8900 0.0600 90.0000
 0 0.01834250 -12.8900 0.0600 90.0000
 0 0.01818240 -12.8900 0.0600 90.0000
 0 0.01875600 -12.8900 0.0600 90.0000
 0 0.01804480 -12.8900 0.0600 90.0000
 0 0.01722180 -12.8900 0.0600 90.0000
 0 0.01735780 -12.8900 0.0600 90.0000
 0 0.01622660 -12.8900 0.0600 90.0000
 0 0.01860170 -12.8900 0.0600 90.0000
 0 0.01766930 -12.8900 0.0600 90.0000
 0 0.01974130 -12.8900 0.0600 90.0000
 0 0.01797400 -12.8900 0.0600 90.0000
 0 0.01777760 -12.8900 0.0600 90.0000
 0 0.01826880 -12.8900 0.0600 90.0000
 0 0.01912930 -12.8900 0.0600 90.0000
 0 0.01938680 -12.8900 0.0600 90.0000
 0 0.01583300 -12.8900 0.0600 90.0000
 0 0.01652330 -12.8900 0.0600 90.0000
 0 0.01651400 -12.8900 0.0600 90.0000
 0 0.02028980 -12.8900 0.0600 90.0000
 0 0.01925420 -12.8900 0.0600 90.0000
 0 0.01836530 -12.8900 0.0600 90.0000
 0 0.02162870 -12.8900 0.0600 90.0000
 0 0.02064440 -12.8900 0.0600 90.0000
 0 0.01876310 -12.8900 0.0600 90.0000
 0 0.01937310 -12.8900 0.0600 90.0000
 0 0.02508510 -12.8900 0.0600 90.0000
 0 0.02787290 -12.8900 0.0600 90.0000
 0 0.02340140 -12.8900 0.0600 90.0000
 0 0.02446610 -12.8900 0.0600 90.0000
 0 0.02073430 -12.8900 0.0600 90.0000
 0 0.02294390 -12.8900 0.0600 90.0000
 0 0.02516510 -12.8900 0.0600 90.0000
 0 0.02003880 -12.8900 0.0600 90.0000
 0 0.01904440 -12.8900 0.0600 90.0000
 0 0.01817280 -12.8900 0.0600 90.0000
 0 0.01815280 -12.8900 0.0600 90.0000
 0 0.02822840 -12.8900 0.0600 90.0000
 0 0.02132650 -12.8900 0.0600 90.0000
 0 0.01955110 -12.8900 0.0600 90.0000
 0 0.02861090 -12.8900 0.0600 90.0000
 0 0.02320660 -12.8900 0.0600 90.0000
 0 0.01860320 -12.8900 0.0600 90.0000
 0 0.01863710 -12.8900 0.0600 90.0000
 0 0.01643300 -12.8900 0.0600 90.0000
 0 0.01751510 -12.8900 0.0600 90.0000
 0 0.01658530 -12.8900 0.0600 90.0000
 0 0.02076560 -12.8900 0.0600 90.0000
 0 0.01635750 -12.8900 0.0600 90.0000
 0 0.01649960 -12.8900 0.0600 90.0000
 0 0.01504260 -12.8900 0.0600 90.0000
 0 0.01564120 -12.8900 0.0600 90.0000
 0 0.02003640 -12.8900 0.0600 90.0000
 0 0.01912580 -12.8900 0.0600 90.0000
 0 0.01970800 -12.8900 0.0600 90.0000
 0 0.01826400 -12.8900 0.0600 90.0000
 0 0.01917660 -12.8900 0.0600 90.0000
 0 0.01846990 -12.8900 0.0600 90.0000
 0 0.01504600 -12.8900 0.0600 90.0000
 0 0.01505650 -12.8900 0.0600 90.0000
 0 0.01897430 -12.8900 0.0600 90.0000
 0 0.01594810 -12.8900 0.0600 90.0000
 0 0.01708400 -12.8900 0.0600 90.0000
 0 0.01888140 -12.8900 0.0600 90.0000
 0 0.01704980 -12.8900 0.0600 90.0000
 0 0.01824810 -12.8900 0.0600 90.0000
 0 0.01668340 -12.8900 0.0600 90.0000
 0 0.01896260 -12.8900 0.0600 90.0000
 0 0.01663530 -12.8900 0.0600 90.0000
 0 0.01678150 -12.8900 0.0600 90.0000
 0 0.01660400 -12.8900 0.0600 90.0000
 0 0.01754230 -12.8900 0.0600 90.0000
 0 0.02184470 -12.8900 0.0600 90.0000
 0 0.01855650 -12.8900 0.0600 90.0000
 0 0.01841990 -12.8900 0.0600 90.0000
 0 0.01698220 -12.8900 0.0600 90.0000
 0 0.01475230 -12.8900 0.0600 90.0000
 0 0.01633160 -12.8900 0.0600 90.0000
 0 0.01787910 -12.8900 0.0600 90.0000
 0 0.02021960 -12.8900 0.0600 90.0000
 0 0.01895000 -12.8900 0.0600 90.0000
 0 0.01798340 -12.8900 0.0600 90.0000
 0 0.01855300 -12.8900 0.0600 90.0000
 0 0.01564680 -12.8900 0.0600 90.0000
 0 0.01719590 -12.8900 0.0600 90.0000
 0 0.01521060 -12.8900 0.0600 90.0000
 0 0.01707630 -12.8900 0.0600 90.0000
 0 0.01703870 -12.8900 0.0600 90.0000
 0 0.01810420 -12.8900 0.0600 90.0000
 0 0.01546510 -12.8900 0.0600 90.0000
 0 0.01631170 -12.8900 0.0600 90.0000
 0 0.01872780 -12.8900 0.0600 90.0000
 0 0.01721800 -12.8900 0.0600 90.0000
 0 0.01898100 -12.8900 0.0600 90.0000
 0 0.01769300 -12.8900 0.0600 90.0000
 0 0.01616490 -12.8900 0.0600 90.0000
 0 0.02025790 -12.8900 0.0600 90.0000
 0 0.01826580 -12.8900 0.0600 90.0000
 0 0.01999130 -12.8900 0.0600 90.0000
 0 0.01975910 -12.8900 0.0600 90.0000
 0 0.01606020 -12.8900 0.0600 90.0000
 0 0.01481610 -12.8900 0.0600 90.0000
 0 0.01618410 -12.8900 0.0600 90.0000
 0 0.01746120 -12.8900 0.0600 90.0000
 0 0.01869650 -12.8900 0.0600 90.0000
 0 0.01662290 -12.8900 0.0600 90.0000
 0 0.01731720 -12.8900 0.0600 90.0000
 0 0.01755250 -12.8900 0.0600 90.0000
 0 0.01760740 -12.8900 0.0600 90.0000
 0 0.01789210 -12.8900 0.0600 90.0000
 0 0.01737640 -12.8900 0.0600 90.0000
 0 0.01580070 -12.8900 0.0600 90.0000
 0 0.01462440 -12.8900 0.0600 90.0000
 0 0.01668300 -12.8900 0.0600 90.0000
 0 0.01714250 -12.8900 0.0600 90.0000
 0 0.01718550 -12.8900 0.0600 90.0000
 0 0.01537650 -12.8900 0.0600 90.0000
 0 0.01949720 -12.8900 0.0600 90.0000
 0 0.01790710 -12.8900 0.0600 90.0000
 0 0.01693570 -12.8900 0.0600 90.0000
 0 0.01701790 -12.8900 0.0600 90.0000
 0 0.01602140 -12.8900 0.0600 90.0000
 0 0.01762650 -12.8900 0.0600 90.0000
 0 0.01962400 -12.8900 0.0600 90.0000
 0 0.01717280 -12.8900 0.0600 90.0000
 0 0.01778810 -12.8900 0.0600 90.0000
 0 0.01842390 -12.8900 0.0600 90.0000
 0 0.01741490 -12.8900 0.0600 90.0000
 0 0.01750210 -12.8900 0.0600 90.0000
 0 0.01753910 -12.8900 0.0600 90.0000
 0 0.01790090 -12.8900 0.0600 90.0000
 0 0.01674380 -12.8900 0.0600 90.0000
 0 0.01554810 -12.8900 0.0600 90.0000
 0 0.01653670 -12.8900 0.0600 90.0000
 0 0.01814810 -12.8900 0.0600 90.0000
 0 0.02152710 -12.8900 0.0600 90.0000
 0 0.01652060 -12.8900 0.0600 90.0000
 0 0.01520630 -12.8900 0.0600 90.0000
 0 0.01618950 -12.8900 0.0600 90.0000
 0 0.01680810 -12.8900 0.0600 90.0000
 0 0.01806990 -12.8900 0.0600 90.0000
 0 0.01713390 -12.8900 0.0600 90.0000
 0 0.01576050 -12.8900 0.0600 90.0000
 0 0.01683000 -12.8900 0.0600 90.0000
 0 0.01979950 -12.8900 0.0600 90.0000
 0 0.01691920 -12.8900 0.0600 90.0000
 0 0.01802040 -12.8900 0.0600 90.0000
 0 0.01770080 -12.8900 0.0600 90.0000
 0 0.01840060 -12.8900 0.0600 90.0000
 0 0.01523040 -12.8900 0.0600 90.0000
 0 0.01632130 -12.8900 0.0600 90.0000
 0 0.01623600 -12.8900 0.0600 90.0000
 0 0.01636370 -12.8900 0.0600 90.0000
 0 0.01848510 -12.8900 0.0600 90.0000
 0 0.01803410 -12.8900 0.0600 90.0000
 0 0.01813170 -12.8900 0.0600 90.0000
 0 0.01609430 -12.8900 0.0600 90.0000
 0 0.01767280 -12.8900 0.0600 90.0000
 0 0.01543740 -12.8900 0.0600 90.0000
 0 0.01782420 -12.8900 0.0600 90.0000
 0 0.01663780 -12.8900 0.0600 90.0000
 0 0.03290400 -12.8900 0.0600 90.0000
 0 0.01868810 -12.8900 0.0600 90.0000
 0 0.01643890 -12.8900 0.0600 90.0000
 0 0.01673100 -12.8900 0.0600 90.0000
 0 0.01783790 -12.8900 0.0600 90.0000
 0 0.01670100 -12.8900 0.0600 90.0000
 0 0.01635170 -12.8900 0.0600 90.0000
 0 0.01959420 -12.8900 0.0600 90.0000
 0 0.01733310 -12.8900 0.0600 90.0000
 0 0.01887550 -12.8900 0.0600 90.0000
 0 0.01651980 -12.8900 0.0600 90.0000
 0 0.01559000 -12.8900 0.0600 90.0000
 0 0.01851210 -12.8900 0.0600 90.0000
 0 0.01609020 -12.8900 0.0600 90.0000
 0 0.01647290 -12.8900 0.0600 90.0000
 0 0.01898870 -12.8900 0.0600 90.0000
 0 0.01777090 -12.8900 0.0600 90.0000
 0 0.01647100 -12.8900 0.0600 90.0000
 0 0.01874670 -12.8900 0.0600 90.0000
 0 0.01536170 -12.8900 0.0600 90.0000
 0 0.01757060 -12.8900 0.0600 90.0000
 0 0.01881880 -12.8900 0.0600 90.0000
 0 0.01812950 -12.8900 0.0600 90.0000
 0 0.01643270 -12.8900 0.0600 90.0000
 0 0.01842870 -12.8900 0.0600 90.0000
 0 0.01668960 -12.8900 0.0600 90.0000
 0 0.01586090 -12.8900 0.0600 90.0000
 0 0.01903520 -12.8900 0.0600 90.0000
 0 0.01817690 -12.8900 0.0600 90.0000
 0 0.01816620 -12.8900 0.0600 90.0000
 0 0.01705620 -12.8900 0.0600 90.0000
 0 0.01820600 -12.8900 0.0600 90.0000
 0 0.01828330 -12.8900 0.0600 90.0000
 0 0.01875830 -12.8900 0.0600 90.0000
 0 0.01767140 -12.8900 0.0600 90.0000
 0 0.01421700 -12.8900 0.0600 90.0000
 0 0.01929630 -12.8900 0.0600 90.0000
 0 0.01666240 -12.8900 0.0600 90.0000
 0 0.01656460 -12.8900 0.0600 90.0000
 0 0.01827870 -12.8900 0.0600 90.0000
 0 0.01799990 -12.8900 0.0600 90.0000
 0 0.01675160 -12.8900 0.0600 90.0000
 0 0.01693990 -12.8900 0.0600 90.0000
 0 0.01683020 -12.8900 0.0600 90.0000
 0 0.01634400 -12.8900 0.0600 90.0000
 0 0.01963870 -12.8900 0.0600 90.0000
 0 0.01776260 -12.8900 0.0600 90.0000
 0 0.01762730 -12.8900 0.0600 90.0000
 0 0.01620900 -12.8900 0.0600 90.0000
 0 0.01756960 -12.8900 0.0600 90.0000
 0 0.01850590 -12.8900 0.0600 90.0000
 0 0.01642810 -12.8900 0.0600 90.0000
 0 0.01982770 -12.8900 0.0600 90.0000
 0 0.01790830 -12.8900 0.0600 90.0000
 0 0.02003550 -12.8900 0.0600 90.0000
 0 0.01731770 -12.8900 0.0600 90.0000
 0 0.01767020 -12.8900 0.0600 90.0000
 0 0.01768910 -12.8900 0.0600 90.0000
 0 0.01793710 -12.8900 0.0600 90.0000
 0 0.01572570 -12.8900 0.0600 90.0000
 0 0.01556250 -12.8900 0.0600 90.0000
 0 0.01704280 -12.8900 0.0600 90.0000
 0 0.01645090 -12.8900 0.0600 90.0000
 0 0.01846190 -12.8900 0.0600 90.0000
 0 0.01622290 -12.8900 0.0600 90.0000
 0 0.01494470 -12.8900 0.0600 90.0000
 0 0.01614990 -12.8900 0.0600 90.0000
 0 0.01850820 -12.8900 0.0600 90.0000
 0 0.01764520 -12.8900 0.0600 90.0000
 0 0.01668780 -12.8900 0.0600 90.0000
 0 0.01599640 -12.8900 0.0600 90.0000
 0 0.01664780 -12.8900 0.0600 90.0000
 0 0.01652180 -12.8900 0.0600 90.0000
 0 0.01756700 -12.8900 0.0600 90.0000
 0 0.01604090 -12.8900 0.0600 90.0000
 0 0.01621330 -12.8900 0.0600 90.0000
 0 0.01884250 -12.8900 0.0600 90.0000
 0 0.01847830 -12.8900 0.0600 90.0000
 0 0.01532610 -12.8900 0.0600 90.0000
 0 0.01790110 -12.8900 0.0600 90.0000
 0 0.01708480 -12.8900 0.0600 90.0000
 0 0.01683940 -12.8900 0.0600 90.0000
 0 0.01858560 -12.8900 0.0600 90.0000
 0 0.02001750 -12.8900 0.0600 90.0000
 0 0.01786510 -12.8900 0.0600 90.0000
 0 0.01719750 -12.8900 0.0600 90.0000
 0 0.01732940 -12.8900 0.0600 90.0000
 0 0.01535970 -12.8900 0.0600 90.0000
 0 0.01872500 -12.8900 0.0600 90.0000
 0 0.01884580 -12.8900 0.0600 90.0000
 0 0.01683310 -12.8900 0.0600 90.0000
 0 0.01845640 -12.8900 0.0600 90.0000
 0 0.01845500 -12.8900 0.0600 90.0000
 0 0.01795840 -12.8900 0.0600 90.0000
 0 0.01952310 -12.8900 0.0600 90.0000
 0 0.01708810 -12.8900 0.0600 90.0000
 0 0.01606130 -12.8900 0.0600 90.0000
 0 0.01802710 -12.8900 0.0600 90.0000
 0 0.01742890 -12.8900 0.0600 90.0000
 0 0.02029160 -12.8900 0.0600 90.0000
 0 0.02116930 -12.8900 0.0600 90.0000
 0 0.01654780 -12.8900 0.0600 90.0000
 0 0.01909080 -12.8900 0.0600 90.0000
 0 0.01707030 -12.8900 0.0600 90.0000
 0 0.01730850 -12.8900 0.0600 90.0000
 0 0.01942120 -12.8900 0.0600 90.0000
 0 0.02128290 -12.8900 0.0600 90.0000
 0 0.01907060 -12.8900 0.0600 90.0000
 0 0.01898320 -12.8900 0.0600 90.0000
 0 0.02011170 -12.8900 0.0600 90.0000
 0 0.01903370 -12.8900 0.0600 90.0000
 0 0.01747980 -12.8900 0.0600 90.0000
 0 0.01811230 -12.8900 0.0600 90.0000
 0 0.01675830 -12.8900 0.0600 90.0000
 0 0.01637780 -12.8900 0.0600 90.0000
 0 0.01918740 -12.8900 0.0600 90.0000
 0 0.01900360 -12.8900 0.0600 90.0000
 0 0.01758330 -12.8900 0.0600 90.0000
 0 0.01909250 -12.8900 0.0600 90.0000
 0 0.01751420 -12.8900 0.0600 90.0000
 0 0.01782500 -12.8900 0.0600 90.0000
 0 0.01656570 -12.8900 0.0600 90.0000
 0 0.01892460 -12.8900 0.0600 90.0000
 0 0.01710840 -12.8900 0.0600 90.0000
 0 0.01895420 -12.8900 0.0600 90.0000
 0 0.01922640 -12.8900 0.0600 90.0000
 0 0.01774210 -12.8900 0.0600 90.0000
 0 0.01958830 -12.8900 0.0600 90.0000
 0 0.01596880 -12.8900 0.0600 90.0000
 0 0.01908930 -12.8900 0.0600 90.0000
 0 0.01633130 -12.8900 0.0600 90.0000
 0 0.01581910 -12.8900 0.0600 90.0000
 0 0.01615280 -12.8900 0.0600 90.0000
 0 0.01670590 -12.8900 0.0600 90.0000
 0 0.01723590 -12.8900 0.0600 90.0000
 0 0.01658140 -12.8900 0.0600 90.0000
 0 0.01527340 -12.8900 0.0600 90.0000
 0 0.01547250 -12.8900 0.0600 90.0000
 0 0.01594260 -12.8900 0.0600 90.0000
 0 0.01554720 -12.8900 0.0600 90.0000
 0 0.01899320 -12.8900 0.0600 90.0000
 0 0.01846070 -12.8900 0.0600 90.0000
 0 0.01810370 -12.8900 0.0600 90.0000
 0 0.01541690 -12.8900 0.0600 90.0000
 0 0.01746090 -12.8900 0.0600 90.0000
 0 0.01742810 -12.8900 0.0600 90.0000
 0 0.01721440 -12.8900 0.0600 90.0000
 0 0.01678080 -12.8900 0.0600 90.0000
 0 0.01965630 -12.8900 0.0600 90.0000
 0 0.01986390 -12.8900 0.0600 90.0000
 0 0.01804100 -12.8900 0.0600 90.0000
 0 0.02040030 -12.8900 0.0600 90.0000
 0 0.01847110 -12.8900 0.0600 90.0000
 0 0.01879370 -12.8900 0.0600 90.0000
 0 0.02105880 -12.8900 0.0600 90.0000
 0 0.02307000 -12.8900 0.0600 90.0000
 0 0.01941030 -12.8900 0.0600 90.0000
 0 0.01755180 -12.8900 0.0600 90.0000
 0 0.01837550 -12.8900 0.0600 90.0000
 0 0.02330040 -12.8900 0.0600 90.0000
 0 0.02111960 -12.8900 0.0600 90.0000
 0 0.01775350 -12.8900 0.0600 90.0000
 0 0.01853180 -12.8900 0.0600 90.0000
 0 0.01639870 -12.8900 0.0600 90.0000
 0 0.01617100 -12.8900 0.0600 90.0000
 0 0.01792970 -12.8900 0.0600 90.0000
 0 0.01809990 -12.8900 0.0600 90.0000
 0 0.01863680 -12.8900 0.0600 90.0000
 0 0.01749470 -12.8900 0.0600 90.0000
 0 0.01733850 -12.8900 0.0600 90.0000
 0 0.01724530 -12.8900 0.0600 90.0000
 0 0.01667550 -12.8900 0.0600 90.0000
 0 0.01866020 -12.8900 0.0600 90.0000
 0 0.01712990 -12.8900 0.0600 90.0000
 0 0.01806320 -12.8900 0.0600 90.0000
 0 0.01938370 -12.8900 0.0600 90.0000
 0 0.01895100 -12.8900 0.0600 90.0000
 0 0.01981480 -12.8900 0.0600 90.0000
 0 0.02050190 -12.8900 0.0600 90.0000
 0 0.01860430 -12.8900 0.0600 90.0000
 0 0.01695910 -12.8900 0.0600 90.0000
 0 0.01631930 -12.8900 0.0600 90.0000
 0 0.01493270 -12.8900 0.0600 90.0000
 0 0.01641270 -12.8900 0.0600 90.0000
 0 0.01689870 -12.8900 0.0600 90.0000
 0 0.01580890 -12.8900 0.0600 90.0000
 0 0.01688130 -12.8900 0.0600 90.0000
 0 0.01685500 -12.8900 0.0600 90.0000
 0 0.02030800 -12.8900 0.0600 90.0000
 0 0.02092470 -12.8900 0.0600 90.0000
 0 0.01643500 -12.8900 0.0600 90.0000
 0 0.02010480 -12.8900 0.0600 90.0000
 0 0.01846730 -12.8900 0.0600 90.0000
 0 0.02201980 -12.8900 0.0600 90.0000
 0 0.02128520 -12.8900 0.0600 90.0000
 0 0.01904200 -12.8900 0.0600 90.0000
 0 0.02049750 -12.8900 0.0600 90.0000
 0 0.01799900 -12.8900 0.0600 90.0000
 0 0.01973910 -12.8900 0.0600 90.0000
 0 0.01941660 -12.8900 0.0600 90.0000
 0 0.01996980 -12.8900 0.0600 90.0000
 0 0.01851060 -12.8900 0.0600 90.0000
 0 0.02069780 -12.8900 0.0600 90.0000
 0 0.01593910 -12.8900 0.0600 90.0000
 0 0.01870090 -12.8900 0.0600 90.0000
 0 0.01833940 -12.8900 0.0600 90.0000
 0 0.01477350 -12.8900 0.0600 90.0000
 0 0.01693860 -12.8900 0.0600 90.0000
 0 0.01848680 -12.8900 0.0600 90.0000
 0 0.01846150 -12.8900 0.0600 90.0000
 0 0.01709320 -12.8900 0.0600 90.0000
 0 0.01783060 -12.8900 0.0600 90.0000
 0 0.01787030 -12.8900 0.0600 90.0000
 0 0.02056520 -12.8900 0.0600 90.0000
 0 0.02047990 -12.8900 0.0600 90.0000
 0 0.01670490 -12.8900 0.0600 90.0000
 0 0.01924060 -12.8900 0.0600 90.0000
 0 0.01827380 -12.8900 0.0600 90.0000
 0 0.02035710 -12.8900 0.0600 90.0000
 0 0.02170170 -12.8900 0.0600 90.0000
 0 0.02042520 -12.8900 0.0600 90.0000
 0 0.02614110 -12.8900 0.0600 90.0000
 0 0.02111390 -12.8900 0.0600 90.0000
 0 0.01997080 -12.8900 0.0600 90.0000
 0 0.02369880 -12.8900 0.0600 90.0000
 0 0.02308560 -12.8900 0.0600 90.0000
 0 0.02145220 -12.8900 0.0600 90.0000
 0 0.02477890 -12.8900 0.0600 90.0000
 0 0.02313030 -12.8900 0.0600 90.0000
 0 0.01818070 -12.8900 0.0600 90.0000
 0 0.01898120 -12.8900 0.0600 90.0000
 0 0.01971450 -12.8900 0.0600 90.0000
 0 0.01837330 -12.8900 0.0600 90.0000
 0 0.01939800 -12.8900 0.0600 90.0000
 0 0.02286770 -12.8900 0.0600 90.0000
 0 0.01984240 -12.8900 0.0600 90.0000
 0 0.01904500 -12.8900 0.0600 90.0000
 0 0.01856830 -12.8900 0.0600 90.0000
 0 0.01937420 -12.8900 0.0600 90.0000
 0 0.02134190 -12.8900 0.0600 90.0000
 0 0.02274260 -12.8900 0.0600 90.0000
 0 0.02123970 -12.8900 0.0600 90.0000
 0 0.01753090 -12.8900 0.0600 90.0000
 0 0.01894210 -12.8900 0.0600 90.0000
 0 0.02094110 -12.8900 0.0600 90.0000
 0 0.01806320 -12.8900 0.0600 90.0000
 0 0.02031350 -12.8900 0.0600 90.0000
 0 0.01904510 -12.8900 0.0600 90.0000
 0 0.02302640 -12.8900 0.0600 90.0000
 0 0.01780390 -12.8900 0.0600 90.0000
 0 0.02093030 -12.8900 0.0600 90.0000
 0 0.01874950 -12.8900 0.0600 90.0000
 0 0.01761830 -12.8900 0.0600 90.0000
 0 0.02031910 -12.8900 0.0600 90.0000
 0 0.01660440 -12.8900 0.0600 90.0000
 0 0.01552600 -12.8900 0.0600 90.0000
 0 0.01921850 -12.8900 0.0600 90.0000
 0 0.01628750 -12.8900 0.0600 90.0000
 0 0.01770270 -12.8900 0.0600 90.0000
 0 0.02208470 -12.8900 0.0600 90.0000
 0 0.01800230 -12.8900 0.0600 90.0000
 0 0.01868910 -12.8900 0.0600 90.0000
 0 0.01965270 -12.8900 0.0600 90.0000
 0 0.01668960 -12.8900 0.0600 90.0000
 0 0.01639580 -12.8900 0.0600 90.0000
 0 0.01685380 -12.8900 0.0600 90.0000
 0 0.01871530 -12.8900 0.0600 90.0000
 0 0.01806600 -12.8900 0.0600 90.0000
 0 0.02076220 -12.8900 0.0600 90.0000
 0 0.02135810 -12.8900 0.0600 90.0000
 0 0.04104560 -12.8900 0.0600 90.0000
 0 0.01869920 -12.8900 0.0600 90.0000
 0 0.02012740 -12.8900 0.0600 90.0000
 0 0.01876900 -12.8900 0.0600 90.0000
 0 0.01977970 -12.8900 0.0600 90.0000
 0 0.01809880 -12.8900 0.0600 90.0000
 0 0.01782090 -12.8900 0.0600 90.0000
 0 0.01803980 -12.8900 0.0600 90.0000
 0 0.02031960 -12.8900 0.0600 90.0000
 0 0.01960260 -12.8900 0.0600 90.0000
 0 0.01900500 -12.8900 0.0600 90.0000
 0 0.01788180 -12.8900 0.0600 90.0000
 0 0.01783840 -12.8900 0.0600 90.0000
 0 0.01720580 -12.8900 0.0600 90.0000
 0 0.01667210 -12.8900 0.0600 90.0000
 0 0.02413460 -12.8900 0.0600 90.0000
 0 0.02307030 -12.8900 0.0600 90.0000
 0 0.01894300 -12.8900 0.0600 90.0000
 0 0.02134770 -12.8900 0.0600 90.0000
 0 0.02340290 -12.8900 0.0600 90.0000
 0 0.02130170 -12.8900 0.0600 90.0000
 0 0.02307910 -12.8900 0.0600 90.0000
 0 0.01975740 -12.8900 0.0600 90.0000
 0 0.02495590 -12.8900 0.0600 90.0000
 0 0.01946260 -12.8900 0.0600 90.0000
 0 0.02116570 -12.8900 0.0600 90.0000
 0 0.02058650 -12.8900 0.0600 90.0000
 0 0.01820120 -12.8900 0.0600 90.0000
 0 0.02191830 -12.8900 0.0600 90.0000
 0 0.01758730 -12.8900 0.0600 90.0000
 0 0.01936970 -12.8900 0.0600 90.0000
 0 0.01858470 -12.8900 0.0600 90.0000
 0 0.01954930 -12.8900 0.0600 90.0000
 0 0.02022510 -12.8900 0.0600 90.0000
 0 0.01734830 -12.8900 0.0600 90.0000
 0 0.01722410 -12.8900 0.0600 90.0000
 0 0.01633660 -12.8900 0.0600 90.0000
 0 0.01809340 -12.8900 0.0600 90.0000
 0 0.01605170 -12.8900 0.0600 90.0000
 0 0.01960690 -12.8900 0.0600 90.0000
 0 0.02229640 -12.8900 0.0600 90.0000
 0 0.01917820 -12.8900 0.0600 90.0000
 0 0.01674700 -12.8900 0.0600 90.0000
 0 0.01887210 -12.8900 0.0600 90.0000
 0 0.01804890 -12.8900 0.0600 90.0000
 0 0.01922910 -12.8900 0.0600 90.0000
 0 0.01828730 -12.8900 0.0600 90.0000
 0 0.01827670 -12.8900 0.0600 90.0000
 0 0.01908850 -12.8900 0.0600 90.0000
 0 0.01762010 -12.8900 0.0600 90.0000
 0 0.01800540 -12.8900 0.0600 90.0000
 0 0.01807660 -12.8900 0.0600 90.0000
 0 0.01640800 -12.8900 0.0600 90.0000
 0 0.01805260 -12.8900 0.0600 90.0000
 0 0.01842270 -12.8900 0.0600 90.0000
 0 0.01771550 -12.8900 0.0600 90.0000
 0 0.01652370 -12.8900 0.0600 90.0000
 0 0.01718240 -12.8900 0.0600 90.0000
 0 0.02085640 -12.8900 0.0600 90.0000
 0 0.01689070 -12.8900 0.0600 90.0000
 0 0.01617050 -12.8900 0.0600 90.0000
 0 0.01569110 -12.8900 0.0600 90.0000
 0 0.01703530 -12.8900 0.0600 90.0000
 0 0.01649700 -12.8900 0.0600 90.0000
 0 0.01691080 -12.8900 0.0600 90.0000
 0 0.01631640 -12.8900 0.0600 90.0000
 0 0.01669790 -12.8900 0.0600 90.0000
 0 0.01806310 -12.8900 0.0600 90.0000
 0 0.01800640 -12.8900 0.0600 90.0000
 0 0.01996660 -12.8900 0.0600 90.0000
 0 0.01811770 -12.8900 0.0600 90.0000
 0 0.01859210 -12.8900 0.0600 90.0000
 0 0.01694960 -12.8900 0.0600 90.0000
 0 0.02002640 -12.8900 0.0600 90.0000
 0 0.01920360 -12.8900 0.0600 90.0000
 0 0.02121230 -12.8900 0.0600 90.0000
 0 0.01975440 -12.8900 0.0600 90.0000
 0 0.01867830 -12.8900 0.0600 90.0000
 0 0.01991260 -12.8900 0.0600 90.0000
 0 0.01827580 -12.8900 0.0600 90.0000
 0 0.01704600 -12.8900 0.0600 90.0000
 0 0.01607740 -12.8900 0.0600 90.0000
 0 0.01644380 -12.8900 0.0600 90.0000
 0 0.01654100 -12.8900 0.0600 90.0000
 0 0.01886630 -12.8900 0.0600 90.0000
 0 0.01839030 -12.8900 0.0600 90.0000
 0 0.01753610 -12.8900 0.0600 90.0000
 0 0.01692980 -12.8900 0.0600 90.0000
 0 0.01881200 -12.8900 0.0600 90.0000
 0 0.01391460 -12.8900 0.0600 90.0000
 0 0.01490890 -12.8900 0.0600 90.0000
 0 0.01935830 -12.8900 0.0600 90.0000
 0 0.01761130 -12.8900 0.0600 90.0000
 0 0.01539740 -12.8900 0.0600 90.0000
 0 0.02200030 -12.8900 0.0600 90.0000
 0 0.02016190 -12.8900 0.0600 90.0000
 0 0.01889900 -12.8900 0.0600 90.0000
 0 0.01945090 -12.8900 0.0600 90.0000
 0 0.01838230 -12.8900 0.0600 90.0000
 0 0.01796260 -12.8900 0.0600 90.0000
 0 0.01591950 -12.8900 0.0600 90.0000
 0 0.01821200 -12.8900 0.0600 90.0000
 0 0.01824280 -12.8900 0.0600 90.0000
 0 0.01820110 -12.8900 0.0600 90.0000
 0 0.01940650 -12.8900 0.0600 90.0000
 0 0.01801880 -12.8900 0.0600 90.0000
 0 0.01894360 -12.8900 0.0600 90.0000
 0 0.01835970 -12.8900 0.0600 90.0000
 0 0.01760440 -12.8900 0.0600 90.0000
 0 0.01800030 -12.8900 0.0600 90.0000
 0 0.01746400 -12.8900 0.0600 90.0000
 0 0.01601240 -12.8900 0.0600 90.0000
 0 0.01854910 -12.8900 0.0600 90.0000
 0 0.01915270 -12.8900 0.0600 90.0000
 0 0.01776550 -12.8900 0.0600 90.0000
 0 0.01858940 -12.8900 0.0600 90.0000
 0 0.01703060 -12.8900 0.0600 90.0000
 0 0.01704110 -12.8900 0.0600 90.0000
 0 0.01893430 -12.8900 0.0600 90.0000
 0 0.01642710 -12.8900 0.0600 90.0000
 0 0.01776130 -12.8900 0.0600 90.0000
 0 0.01984550 -12.8900 0.0600 90.0000
 0 0.01501550 -12.8900 0.0600 90.0000
 0 0.01814130 -12.8900 0.0600 90.0000
 0 0.02070640 -12.8900 0.0600 90.0000
 0 0.01745260 -12.8900 0.0600 90.0000
 0 0.01963380 -12.8900 0.0600 90.0000
 0 0.02382650 -12.8900 0.0600 90.0000
 0 0.01955810 -12.8900 0.0600 90.0000
 0 0.02008710 -12.8900 0.0600 90.0000
 0 0.01712020 -12.8900 0.0600 90.0000
 0 0.01859820 -12.8900 0.0600 90.0000
 0 0.01762330 -12.8900 0.0600 90.0000
 0 0.01802050 -12.8900 0.0600 90.0000
 0 0.01442000 -12.8900 0.0600 90.0000
 0 0.02173300 -12.8900 0.0600 90.0000
 0 0.01852340 -12.8900 0.0600 90.0000
 0 0.01878910 -12.8900 0.0600 90.0000
 0 0.01857030 -12.8900 0.0600 90.0000
 0 0.01914630 -12.8900 0.0600 90.0000
 0 0.01820220 -12.8900 0.0600 90.0000
 0 0.03381470 -12.8900 0.0600 90.0000
 0 0.04221040 -12.8900 0.0600 90.0000
 0 0.03611860 -12.8900 0.0600 90.0000
 0 0.05798440 -12.8900 0.0600 90.0000
 0 0.02472730 -12.8900 0.0600 90.0000
 0 0.03316770 -12.8900 0.0600 90.0000
 0 0.05772710 -12.8900 0.0600 90.0000
 0 0.06984350 -12.8900 0.0600 90.0000
 0 0.04089750 -12.8900 0.0600 90.0000
 0 0.04420430 -12.8900 0.0600 90.0000
 0 0.03207420 -12.8900 0.0600 90.0000
 0 0.04535760 -12.8900 0.0600 90.0000
 0 0.02881990 -12.8900 0.0600 90.0000
 0 0.01869080 -12.8900 0.0600 90.0000
 0 0.01999810 -12.8900 0.0600 90.0000
 0 0.02058740 -12.8900 0.0600 90.0000
 0 0.01961820 -12.8900 0.0600 90.0000
 0 0.02028130 -12.8900 0.0600 90.0000
 0 0.02177150 -12.8900 0.0600 90.0000
 0 0.03323730 -12.8900 0.0600 90.0000
 0 0.05863480 -12.8900 0.0600 90.0000
 0 0.03191430 -12.8900 0.0600 90.0000
 0 0.03415850 -12.8900 0.0600 90.0000
 0 0.02618150 -12.8900 0.0600 90.0000
 0 0.02352270 -12.8900 0.0600 90.0000
 0 0.02244600 -12.8900 0.0600 90.0000
 0 0.03187920 -12.8900 0.0600 90.0000
 0 0.02863010 -12.8900 0.0600 90.0000
 0 0.03453790 -12.8900 0.0600 90.0000
 0 0.02271490 -12.8900 0.0600 90.0000
 0 0.03685680 -12.8900 0.0600 90.0000
 0 0.03024990 -12.8900 0.0600 90.0000
 0 0.02600560 -12.8900 0.0600 90.0000
 0 0.03061080 -12.8900 0.0600 90.0000
 0 0.02498130 -12.8900 0.0600 90.0000
 0 0.03273380 -12.8900 0.0600 90.0000
 0 0.02878770 -12.8900 0.0600 90.0000
 0 0.05654070 -12.8900 0.0600 90.0000
 0 0.03597520 -12.8900 0.0600 90.0000
 0 0.09350170 -12.8900 0.0600 90.0000
 0 0.05179390 -12.8900 0.0600 90.0000
 0 0.04542780 -12.8900 0.0600 90.0000
 0 0.03098120 -12.8900 0.0600 90.0000
 0 0.02549090 -12.8900 0.0600 90.0000
 0 0.01965490 -12.8900 0.0600 90.0000
 0 0.02011210 -12.8900 0.0600 90.0000
 0 0.02021500 -12.8900 0.0600 90.0000
 0 0.02031110 -12.8900 0.0600 90.0000
 0 0.02309470 -12.8900 0.0600 90.0000
 0 0.02550280 -12.8900 0.0600 90.0000
 0 0.03837900 -12.8900 0.0600 90.0000
 0 0.02040680 -12.8900 0.0600 90.0000
 0 0.02279550 -12.8900 0.0600 90.0000
 0 0.02246480 -12.8900 0.0600 90.0000
 0 0.05014880 -12.8900 0.0600 90.0000
 0 0.23936570 -12.8900 0.0600 90.0000
 0 0.16516190 -12.8900 0.0600 90.0000
 0 0.32205180 -12.8900 0.0600 90.0000
 0 0.08490970 -12.8900 0.0600 90.0000
 0 0.05491430 -12.8900 0.0600 90.0000
 0 0.05664170 -12.8900 0.0600 90.0000
 0 0.04979600 -12.8900 0.0600 90.0000
 0 0.04067520 -12.8900 0.0600 90.0000
 0 0.05301700 -12.8900 0.0600 90.0000
 0 0.04115340 -12.8900 0.0600 90.0000
 0 0.03603360 -12.8900 0.0600 90.0000
 0 0.06018140 -12.8900 0.0600 90.0000
 0 0.03634690 -12.8900 0.0600 90.0000
 0 0.03224970 -12.8900 0.0600 90.0000
 0 0.04182740 -12.8900 0.0600 90.0000
 0 0.03503240 -12.8900 0.0600 90.0000
 0 0.02790690 -12.8900 0.0600 90.0000
 0 0.03402150 -12.8900 0.0600 90.0000
 0 0.02617040 -12.8900 0.0600 90.0000
 0 0.03707130 -12.8900 0.0600 90.0000
 0 0.03898480 -12.8900 0.0600 90.0000
 0 0.02595910 -12.8900 0.0600 90.0000
 0 0.02381500 -12.8900 0.0600 90.0000
 0 0.02885880 -12.8900 0.0600 90.0000
 0 0.02931140 -12.8900 0.0600 90.0000
 0 0.02564040 -12.8900 0.0600 90.0000
 0 0.02592170 -12.8900 0.0600 90.0000
 0 0.02946280 -12.8900 0.0600 90.0000
 0 0.02463190 -12.8900 0.0600 90.0000
 0 0.02865010 -12.8900 0.0600 90.0000
 0 0.02619210 -12.8900 0.0600 90.0000
 0 0.02825630 -12.8900 0.0600 90.0000
 0 0.02895270 -12.8900 0.0600 90.0000
 0 0.02896310 -12.8900 0.0600 90.0000
 0 0.03002230 -12.8900 0.0600 90.0000
 0 0.03138870 -12.8900 0.0600 90.0000
 0 0.03107420 -12.8900 0.0600 90.0000
 0 0.04489900 -12.8900 0.0600 90.0000
 0 0.02993880 -12.8900 0.0600 90.0000
 0 0.02899270 -12.8900 0.0600 90.0000
 0 0.03709100 -12.8900 0.0600 90.0000
 0 0.03048500 -12.8900 0.0600 90.0000
 0 0.02899180 -12.8900 0.0600 90.0000
 0 0.02924360 -12.8900 0.0600 90.0000
 0 0.02528290 -12.8900 0.0600 90.0000
 0 0.03728390 -12.8900 0.0600 90.0000
 0 0.02697770 -12.8900 0.0600 90.0000
 0 0.02948040 -12.8900 0.0600 90.0000
 0 0.02942550 -12.8900 0.0600 90.0000
 0 0.03423530 -12.8900 0.0600 90.0000
 0 0.02769110 -12.8900 0.0600 90.0000
 0 0.02813120 -12.8900 0.0600 90.0000
 0 0.02978240 -12.8900 0.0600 90.0000
 0 0.02927760 -12.8900 0.0600 90.0000
 0 0.02239150 -12.8900 0.0600 90.0000
 0 0.02760120 -12.8900 0.0600 90.0000
 0 0.02644590 -12.8900 0.0600 90.0000
 0 0.02820380 -12.8900 0.0600 90.0000
 0 0.03142860 -12.8900 0.0600 90.0000
 0 0.02770860 -12.8900 0.0600 90.0000
 0 0.03378220 -12.8900 0.0600 90.0000
 0 0.02747290 -12.8900 0.0600 90.0000
 0 0.02661250 -12.8900 0.0600 90.0000
 0 0.02981560 -12.8900 0.0600 90.0000
 0 0.02667410 -12.8900 0.0600 90.0000
 0 0.03633170 -12.8900 0.0600 90.0000
 0 0.03067450 -12.8900 0.0600 90.0000
 0 0.04309450 -12.8900 0.0600 90.0000
 0 0.02894680 -12.8900 0.0600 90.0000
 0 0.03047960 -12.8900 0.0600 90.0000
 0 0.04413300 -12.8900 0.0600 90.0000
 0 0.03611320 -12.8900 0.0600 90.0000
 0 0.03138710 -12.8900 0.0600 90.0000
 0 0.05481310 -12.8900 0.0600 90.0000
 0 0.02972350 -12.8900 0.0600 90.0000
 0 0.03020320 -12.8900 0.0600 90.0000
 0 0.03423310 -12.8900 0.0600 90.0000
 0 0.02517740 -12.8900 0.0600 90.0000
 0 0.02824310 -12.8900 0.0600 90.0000
 0 0.02839320 -12.8900 0.0600 90.0000
 0 0.04527650 -12.8900 0.0600 90.0000
 0 0.03431590 -12.8900 0.0600 90.0000
 0 0.02835110 -12.8900 0.0600 90.0000
 0 0.02770320 -12.8900 0.0600 90.0000
 0 0.03405250 -12.8900 0.0600 90.0000
 0 0.02922780 -12.8900 0.0600 90.0000
 0 0.02810800 -12.8900 0.0600 90.0000
 0 0.03328340 -12.8900 0.0600 90.0000
 0 0.02849190 -12.8900 0.0600 90.0000
 0 0.02799830 -12.8900 0.0600 90.0000
 0 0.03859180 -12.8900 0.0600 90.0000
 0 0.02927540 -12.8900 0.0600 90.0000
 0 0.03011790 -12.8900 0.0600 90.0000
 0 0.04194730 -12.8900 0.0600 90.0000
 0 0.02963600 -12.8900 0.0600 90.0000
 0 0.03183490 -12.8900 0.0600 90.0000
 0 0.03168130 -12.8900 0.0600 90.0000
 0 0.02757160 -12.8900 0.0600 90.0000
 0 0.03339890 -12.8900 0.0600 90.0000
 0 0.02467030 -12.8900 0.0600 90.0000
 0 0.02576040 -12.8900 0.0600 90.0000
 0 0.02872180 -12.8900 0.0600 90.0000
 0 0.03116530 -12.8900 0.0600 90.0000
 0 0.03468580 -12.8900 0.0600 90.0000
 0 0.03340750 -12.8900 0.0600 90.0000
 0 0.03240890 -12.8900 0.0600 90.0000
 0 0.03031080 -12.8900 0.0600 90.0000
 0 0.02555800 -12.8900 0.0600 90.0000
 0 0.02881310 -12.8900 0.0600 90.0000
 0 0.03025730 -12.8900 0.0600 90.0000
 0 0.03369110 -12.8900 0.0600 90.0000
 0 0.03517340 -12.8900 0.0600 90.0000
 0 0.02887490 -12.8900 0.0600 90.0000
 0 0.02890350 -12.8900 0.0600 90.0000
 0 0.02944300 -12.8900 0.0600 90.0000
 0 0.02893890 -12.8900 0.0600 90.0000
 0 0.02821560 -12.8900 0.0600 90.0000
 0 0.03077830 -12.8900 0.0600 90.0000
 0 0.04076490 -12.8900 0.0600 90.0000
 0 0.03643020 -12.8900 0.0600 90.0000
 0 0.02594240 -12.8900 0.0600 90.0000
 0 0.02897550 -12.8900 0.0600 90.0000
 0 0.02484250 -12.8900 0.0600 90.0000
 0 0.02962170 -12.8900 0.0600 90.0000
 0 0.03156730 -12.8900 0.0600 90.0000
 0 0.02517940 -12.8900 0.0600 90.0000
 0 0.02584960 -12.8900 0.0600 90.0000
 0 0.02042390 -12.8900 0.0600 90.0000
 0 0.04137530 -12.8900 0.0600 90.0000
 0 0.04428560 -12.8900 0.0600 90.0000
 0 0.02303340 -12.8900 0.0600 90.0000
 0 0.02402940 -12.8900 0.0600 90.0000
 0 0.02745230 -12.8900 0.0600 90.0000
 0 0.02258370 -12.8900 0.0600 90.0000
 0 0.02241110 -12.8900 0.0600 90.0000
 0 0.02333770 -12.8900 0.0600 90.0000
 0 0.02636420 -12.8900 0.0600 90.0000
 0 0.02561980 -12.8900 0.0600 90.0000
 0 0.02493810 -12.8900 0.0600 90.0000
 0 0.02491980 -12.8900 0.0600 90.0000
 0 0.02044610 -12.8900 0.0600 90.0000
 0 0.02277380 -12.8900 0.0600 90.0000
 0 0.02023570 -12.8900 0.0600 90.0000
 0 0.02193530 -12.8900 0.0600 90.0000
 0 0.02763770 -12.8900 0.0600 90.0000
 0 0.02233970 -12.8900 0.0600 90.0000
 0 0.02325840 -12.8900 0.0600 90.0000
 0 0.01973740 -12.8900 0.0600 90.0000
 0 0.02319900 -12.8900 0.0600 90.0000
 0 0.02448380 -12.8900 0.0600 90.0000
 0 0.02056900 -12.8900 0.0600 90.0000
 0 0.02104470 -12.8900 0.0600 90.0000
 0 0.02182790 -12.8900 0.0600 90.0000
 0 0.02203360 -12.8900 0.0600 90.0000
 0 0.02594310 -12.8900 0.0600 90.0000
 0 0.02227030 -12.8900 0.0600 90.0000
 0 0.02345580 -12.8900 0.0600 90.0000
 0 0.03386330 -12.8900 0.0600 90.0000
 0 0.03746060 -12.8900 0.0600 90.0000
 0 0.02648670 -12.8900 0.0600 90.0000
 0 0.02389180 -12.8900 0.0600 90.0000
 0 0.02515300 -12.8900 0.0600 90.0000
 0 0.02303750 -12.8900 0.0600 90.0000
 0 0.02197200 -12.8900 0.0600 90.0000
 0 0.02528970 -12.8900 0.0600 90.0000
 0 0.02668990 -12.8900 0.0600 90.0000
 0 0.03023790 -12.8900 0.0600 90.0000
 0 0.03374990 -12.8900 0.0600 90.0000
 0 0.02454040 -12.8900 0.0600 90.0000
 0 0.02228420 -12.8900 0.0600 90.0000
 0 0.02150160 -12.8900 0.0600 90.0000
 0 0.02559170 -12.8900 0.0600 90.0000
 0 0.02070530 -12.8900 0.0600 90.0000
 0 0.02128080 -12.8900 0.0600 90.0000
 0 0.02726290 -12.8900 0.0600 90.0000
 0 0.02319840 -12.8900 0.0600 90.0000
 0 0.02167590 -12.8900 0.0600 90.0000
 0 0.02060220 -12.8900 0.0600 90.0000
 0 0.02435180 -12.8900 0.0600 90.0000
 0 0.02637780 -12.8900 0.0600 90.0000
 0 0.01968030 -12.8900 0.0600 90.0000
 0 0.02134190 -12.8900 0.0600 90.0000
 0 0.02027580 -12.8900 0.0600 90.0000
 0 0.02109600 -12.8900 0.0600 90.0000
 0 0.02058550 -12.8900 0.0600 90.0000
 0 0.02124640 -12.8900 0.0600 90.0000
 0 0.02138820 -12.8900 0.0600 90.0000
 0 0.01879940 -12.8900 0.0600 90.0000
 0 0.02197190 -12.8900 0.0600 90.0000
 0 0.02146260 -12.8900 0.0600 90.0000
 0 0.02034530 -12.8900 0.0600 90.0000
 0 0.02264060 -12.8900 0.0600 90.0000
 0 0.02394620 -12.8900 0.0600 90.0000
 0 0.02096030 -12.8900 0.0600 90.0000
 0 0.02196530 -12.8900 0.0600 90.0000
 0 0.02250670 -12.8900 0.0600 90.0000
 0 0.02299800 -12.8900 0.0600 90.0000
 0 0.02230920 -12.8900 0.0600 90.0000
 0 0.02606560 -12.8900 0.0600 90.0000
 0 0.02348520 -12.8900 0.0600 90.0000
 0 0.02715860 -12.8900 0.0600 90.0000
 0 0.02333830 -12.8900 0.0600 90.0000
 0 0.02155990 -12.8900 0.0600 90.0000
 0 0.02894050 -12.8900 0.0600 90.0000
 0 0.02094530 -12.8900 0.0600 90.0000
 0 0.02195800 -12.8900 0.0600 90.0000
 0 0.02208440 -12.8900 0.0600 90.0000
 0 0.02300550 -12.8900 0.0600 90.0000
 0 0.02327970 -12.8900 0.0600 90.0000
 0 0.02318530 -12.8900 0.0600 90.0000
 0 0.02490310 -12.8900 0.0600 90.0000
 0 0.01943410 -12.8900 0.0600 90.0000
 0 0.02134070 -12.8900 0.0600 90.0000
 0 0.02349010 -12.8900 0.0600 90.0000
 0 0.02595330 -12.8900 0.0600 90.0000
 0 0.02247770 -12.8900 0.0600 90.0000
 0 0.02176890 -12.8900 0.0600 90.0000
 0 0.02724450 -12.8900 0.0600 90.0000
 0 0.02152290 -12.8900 0.0600 90.0000
 0 0.01981760 -12.8900 0.0600 90.0000
 0 0.02152110 -12.8900 0.0600 90.0000
 0 0.02054240 -12.8900 0.0600 90.0000
 0 0.02472390 -12.8900 0.0600 90.0000
 0 0.02152070 -12.8900 0.0600 90.0000
 0 0.02448020 -12.8900 0.0600 90.0000
 0 0.02202350 -12.8900 0.0600 90.0000
 0 0.02203920 -12.8900 0.0600 90.0000
 0 0.02682310 -12.8900 0.0600 90.0000
 0 0.02040000 -12.8900 0.0600 90.0000
 0 0.02084110 -12.8900 0.0600 90.0000
 0 0.02443980 -12.8900 0.0600 90.0000
 0 0.02581520 -12.8900 0.0600 90.0000
 0 0.02546340 -12.8900 0.0600 90.0000
 0 0.02111490 -12.8900 0.0600 90.0000
 0 0.02285980 -12.8900 0.0600 90.0000
 0 0.02705890 -12.8900 0.0600 90.0000
 0 0.02565270 -12.8900 0.0600 90.0000
 0 0.02035660 -12.8900 0.0600 90.0000
 0 0.04968510 -12.8900 0.0600 90.0000
 0 0.02621930 -12.8900 0.0600 90.0000
 0 0.04086140 -12.8900 0.0600 90.0000
 0 0.04644600 -12.8900 0.0600 90.0000
 0 0.02565560 -12.8900 0.0600 90.0000
 0 0.03438960 -12.8900 0.0600 90.0000
 0 0.02322240 -12.8900 0.0600 90.0000
 0 0.02084000 -12.8900 0.0600 90.0000
 0 0.02376250 -12.8900 0.0600 90.0000
 0 0.02839720 -12.8900 0.0600 90.0000
 0 0.02406430 -12.8900 0.0600 90.0000
 0 0.02610100 -12.8900 0.0600 90.0000
 0 0.02405240 -12.8900 0.0600 90.0000
 0 0.02014380 -12.8900 0.0600 90.0000
 0 0.02171350 -12.8900 0.0600 90.0000
 0 0.02248640 -12.8900 0.0600 90.0000
 0 0.02032100 -12.8900 0.0600 90.0000
 0 0.02074920 -12.8900 0.0600 90.0000
 0 0.02195200 -12.8900 0.0600 90.0000
 0 0.02263310 -12.8900 0.0600 90.0000
 0 0.02350650 -12.8900 0.0600 90.0000
 0 0.02006880 -12.8900 0.0600 90.0000
 0 0.02246720 -12.8900 0.0600 90.0000
 0 0.02095910 -12.8900 0.0600 90.0000
 0 0.02088900 -12.8900 0.0600 90.0000
 0 0.02038180 -12.8900 0.0600 90.0000
 0 0.02362780 -12.8900 0.0600 90.0000
 0 0.02214910 -12.8900 0.0600 90.0000
 0 0.02349350 -12.8900 0.0600 90.0000
 0 0.02166060 -12.8900 0.0600 90.0000
 0 0.02137430 -12.8900 0.0600 90.0000
 0 0.02002760 -12.8900 0.0600 90.0000
 0 0.02153250 -12.8900 0.0600 90.0000
 0 0.02191100 -12.8900 0.0600 90.0000
 0 0.02147870 -12.8900 0.0600 90.0000
 0 0.02026980 -12.8900 0.0600 90.0000
 0 0.02217560 -12.8900 0.0600 90.0000
 0 0.02500900 -12.8900 0.0600 90.0000
 0 0.02071780 -12.8900 0.0600 90.0000
 0 0.02134400 -12.8900 0.0600 90.0000
 0 0.02209670 -12.8900 0.0600 90.0000
 0 0.02171470 -12.8900 0.0600 90.0000
 0 0.01809660 -12.8900 0.0600 90.0000
 0 0.01999350 -12.8900 0.0600 90.0000
 0 0.02195380 -12.8900 0.0600 90.0000
 0 0.02032140 -12.8900 0.0600 90.0000
 0 0.02313380 -12.8900 0.0600 90.0000
 0 0.02162590 -12.8900 0.0600 90.0000
 0 0.03225250 -12.8900 0.0600 90.0000
 0 0.02154770 -12.8900 0.0600 90.0000
 0 0.01950520 -12.8900 0.0600 90.0000
 0 0.02156280 -12.8900 0.0600 90.0000
 0 0.02158230 -12.8900 0.0600 90.0000
 0 0.02139250 -12.8900 0.0600 90.0000
 0 0.02391500 -12.8900 0.0600 90.0000
 0 0.02276050 -12.8900 0.0600 90.0000
 0 0.02146390 -12.8900 0.0600 90.0000
 0 0.02642360 -12.8900 0.0600 90.0000
 0 0.03009230 -12.8900 0.0600 90.0000
 0 0.02597850 -12.8900 0.0600 90.0000
 0 0.02403410 -12.8900 0.0600 90.0000
 0 0.02373320 -12.8900 0.0600 90.0000
 0 0.02360100 -12.8900 0.0600 90.0000
 0 0.02470430 -12.8900 0.0600 90.0000
 0 0.02661520 -12.8900 0.0600 90.0000
 0 0.02183390 -12.8900 0.0600 90.0000
 0 0.02345390 -12.8900 0.0600 90.0000
 0 0.02429260 -12.8900 0.0600 90.0000
 0 0.02508460 -12.8900 0.0600 90.0000
 0 0.01851220 -12.8900 0.0600 90.0000
 0 0.02320820 -12.8900 0.0600 90.0000
 0 0.02431520 -12.8900 0.0600 90.0000
 0 0.02241930 -12.8900 0.0600 90.0000
 0 0.02031880 -12.8900 0.0600 90.0000
 0 0.02238520 -12.8900 0.0600 90.0000
 0 0.02246040 -12.8900 0.0600 90.0000
 0 0.02117350 -12.8900 0.0600 90.0000
 0 0.02560130 -12.8900 0.0600 90.0000
 0 0.01923140 -12.8900 0.0600 90.0000
 0 0.02144190 -12.8900 0.0600 90.0000
 0 0.01963870 -12.8900 0.0600 90.0000
 0 0.02218340 -12.8900 0.0600 90.0000
 0 0.02560790 -12.8900 0.0600 90.0000
 0 0.02375320 -12.8900 0.0600 90.0000
 0 0.02215480 -12.8900 0.0600 90.0000
 0 0.02088910 -12.8900 0.0600 90.0000
 0 0.02221150 -12.8900 0.0600 90.0000
 0 0.02459310 -12.8900 0.0600 90.0000
 0 0.01914900 -12.8900 0.0600 90.0000
 0 0.02153510 -12.8900 0.0600 90.0000
 0 0.02152980 -12.8900 0.0600 90.0000
 0 0.02608490 -12.8900 0.0600 90.0000
 0 0.02121860 -12.8900 0.0600 90.0000
 0 0.02052450 -12.8900 0.0600 90.0000
 0 0.01999560 -12.8900 0.0600 90.0000
 0 0.02023200 -12.8900 0.0600 90.0000
 0 0.02047200 -12.8900 0.0600 90.0000
 0 0.01999960 -12.8900 0.0600 90.0000
 0 0.02827490 -12.8900 0.0600 90.0000
 0 0.02394000 -12.8900 0.0600 90.0000
 0 0.02300470 -12.8900 0.0600 90.0000
 0 0.02265330 -12.8900 0.0600 90.0000
 0 0.01990110 -12.8900 0.0600 90.0000
 0 0.02472460 -12.8900 0.0600 90.0000
 0 0.02090440 -12.8900 0.0600 90.0000
 0 0.04312090 -12.8900 0.0600 90.0000
 0 0.01956720 -12.8900 0.0600 90.0000
 0 0.02089650 -12.8900 0.0600 90.0000
 0 0.01769170 -12.8900 0.0600 90.0000
 0 0.01892000 -12.8900 0.0600 90.0000
 0 0.02141410 -12.8900 0.0600 90.0000
 0 0.01989610 -12.8900 0.0600 90.0000
 0 0.02918370 -12.8900 0.0600 90.0000
 0 0.04258300 -12.8900 0.0600 90.0000
 0 0.04537530 -12.8900 0.0600 90.0000
 0 0.04745140 -12.8900 0.0600 90.0000
 0 0.04817640 -12.8900 0.0600 90.0000
 0 0.04263260 -12.8900 0.0600 90.0000
 0 0.04223150 -12.8900 0.0600 90.0000
 0 0.05496330 -12.8900 0.0600 90.0000
 0 0.04015760 -12.8900 0.0600 90.0000
 0 0.06697780 -12.8900 0.0600 90.0000
 0 0.04820710 -12.8900 0.0600 90.0000
 0 0.03489350 -12.8900 0.0600 90.0000
 0 0.03294010 -12.8900 0.0600 90.0000
 0 0.03688250 -12.8900 0.0600 90.0000
 0 0.04675920 -12.8900 0.0600 90.0000
 0 0.04208110 -12.8900 0.0600 90.0000
 0 0.04020880 -12.8900 0.0600 90.0000
 0 0.04690460 -12.8900 0.0600 90.0000
 0 0.03498880 -12.8900 0.0600 90.0000
 0 0.02644050 -12.8900 0.0600 90.0000
 0 0.02374090 -12.8900 0.0600 90.0000
 0 0.02582550 -12.8900 0.0600 90.0000
 0 0.02419730 -12.8900 0.0600 90.0000
 0 0.02158140 -12.8900 0.0600 90.0000
 0 0.02326800 -12.8900 0.0600 90.0000
 0 0.02646780 -12.8900 0.0600 90.0000
 0 0.02198250 -12.8900 0.0600 90.0000
 0 0.02428340 -12.8900 0.0600 90.0000
 0 0.03273810 -12.8900 0.0600 90.0000
 0 0.02700050 -12.8900 0.0600 90.0000
 0 0.04697550 -12.8900 0.0600 90.0000
 0 0.02910240 -12.8900 0.0600 90.0000
 0 0.04362000 -12.8900 0.0600 90.0000
 0 0.03415280 -12.8900 0.0600 90.0000
 0 0.03870400 -12.8900 0.0600 90.0000
 0 0.03714420 -12.8900 0.0600 90.0000
 0 0.03447860 -12.8900 0.0600 90.0000
 0 0.02857870 -12.8900 0.0600 90.0000
 0 0.02871040 -12.8900 0.0600 90.0000
 0 0.02666150 -12.8900 0.0600 90.0000
 0 0.02454820 -12.8900 0.0600 90.0000
 0 0.07118030 -12.8900 0.0600 90.0000
 0 0.02379870 -12.8900 0.0600 90.0000
 0 0.02172990 -12.8900 0.0600 90.0000
 0 0.02818660 -12.8900 0.0600 90.0000
 0 0.02562990 -12.8900 0.0600 90.0000
 0 0.02454850 -12.8900 0.0600 90.0000
 0 0.02408800 -12.8900 0.0600 90.0000
 0 0.02648760 -12.8900 0.0600 90.0000
 0 0.02353550 -12.8900 0.0600 90.0000
 0 0.02056380 -12.8900 0.0600 90.0000
 0 0.02791200 -12.8900 0.0600 90.0000
 0 0.03172840 -12.8900 0.0600 90.0000
 0 0.02242880 -12.8900 0.0600 90.0000
 0 0.02661370 -12.8900 0.0600 90.0000
 0 0.02445370 -12.8900 0.0600 90.0000
 0 0.02359310 -12.8900 0.0600 90.0000
 0 0.02102010 -12.8900 0.0600 90.0000
 0 0.02292220 -12.8900 0.0600 90.0000
 0 0.02145920 -12.8900 0.0600 90.0000
 0 0.02170300 -12.8900 0.0600 90.0000
 0 0.02601120 -12.8900 0.0600 90.0000
 0 0.02448800 -12.8900 0.0600 90.0000
 0 0.02512160 -12.8900 0.0600 90.0000
 0 0.02281810 -12.8900 0.0600 90.0000
 0 0.01995920 -12.8900 0.0600 90.0000
 0 0.02043530 -12.8900 0.0600 90.0000
 0 0.02037210 -12.8900 0.0600 90.0000
 0 0.02008260 -12.8900 0.0600 90.0000
 0 0.01979830 -12.8900 0.0600 90.0000
 0 0.02273470 -12.8900 0.0600 90.0000
 0 0.02158580 -12.8900 0.0600 90.0000
 0 0.01960020 -12.8900 0.0600 90.0000
 0 0.02089920 -12.8900 0.0600 90.0000
 0 0.01959680 -12.8900 0.0600 90.0000
 0 0.01899360 -12.8900 0.0600 90.0000
 0 0.01876460 -12.8900 0.0600 90.0000
 0 0.01862210 -12.8900 0.0600 90.0000
 0 0.01828450 -12.8900 0.0600 90.0000
 0 0.02442760 -12.8900 0.0600 90.0000
 0 0.01934010 -12.8900 0.0600 90.0000
 0 0.02055120 -12.8900 0.0600 90.0000
 0 0.01858830 -12.8900 0.0600 90.0000
 0 0.01624770 -12.8900 0.0600 90.0000
 0 0.02193240 -12.8900 0.0600 90.0000
 0 0.02502840 -12.8900 0.0600 90.0000
 0 0.02721670 -12.8900 0.0600 90.0000
 0 0.02651750 -12.8900 0.0600 90.0000
 0 0.02366530 -12.8900 0.0600 90.0000
 0 0.02934510 -12.8900 0.0600 90.0000
 0 0.02580900 -12.8900 0.0600 90.0000
 0 0.02685440 -12.8900 0.0600 90.0000
 0 0.02224170 -12.8900 0.0600 90.0000
 0 0.01956200 -12.8900 0.0600 90.0000
 0 0.02030210 -12.8900 0.0600 90.0000
 0 0.03011890 -12.8900 0.0600 90.0000
 0 0.02127380 -12.8900 0.0600 90.0000
 0 0.01921190 -12.8900 0.0600 90.0000
 0 0.01671480 -12.8900 0.0600 90.0000
 0 0.01747730 -12.8900 0.0600 90.0000
 0 0.02352560 -12.8900 0.0600 90.0000
 0 0.02040250 -12.8900 0.0600 90.0000
 0 0.02016790 -12.8900 0.0600 90.0000
 0 0.02114140 -12.8900 0.0600 90.0000
 0 0.01791860 -12.8900 0.0600 90.0000
 0 0.02035220 -12.8900 0.0600 90.0000
 0 0.01809970 -12.8900 0.0600 90.0000
 0 0.01710560 -12.8900 0.0600 90.0000
 0 0.02034480 -12.8900 0.0600 90.0000
 0 0.02058600 -12.8900 0.0600 90.0000
 0 0.02354190 -12.8900 0.0600 90.0000
 0 0.02138030 -12.8900 0.0600 90.0000
 0 0.01982140 -12.8900 0.0600 90.0000
 0 0.01917190 -12.8900 0.0600 90.0000
 0 0.01632700 -12.8900 0.0600 90.0000
 0 0.01588490 -12.8900 0.0600 90.0000
 0 0.01686920 -12.8900 0.0600 90.0000
 0 0.01671380 -12.8900 0.0600 90.0000
 0 0.01943160 -12.8900 0.0600 90.0000
 0 0.01933630 -12.8900 0.0600 90.0000
 0 0.01715640 -12.8900 0.0600 90.0000
 0 0.01870520 -12.8900 0.0600 90.0000
 0 0.02093120 -12.8900 0.0600 90.0000
 0 0.01789730 -12.8900 0.0600 90.0000
 0 0.01847220 -12.8900 0.0600 90.0000
 0 0.01828020 -12.8900 0.0600 90.0000
 0 0.01791350 -12.8900 0.0600 90.0000
 0 0.01441310 -12.8900 0.0600 90.0000
 0 0.01686290 -12.8900 0.0600 90.0000
 0 0.01974320 -12.8900 0.0600 90.0000
 0 0.02089440 -12.8900 0.0600 90.0000
 0 0.02161090 -12.8900 0.0600 90.0000
 0 0.01828820 -12.8900 0.0600 90.0000
 0 0.02094380 -12.8900 0.0600 90.0000
 0 0.01984740 -12.8900 0.0600 90.0000
 0 0.01667820 -12.8900 0.0600 90.0000
 0 0.01728920 -12.8900 0.0600 90.0000
 0 0.01803760 -12.8900 0.0600 90.0000
 0 0.01722850 -12.8900 0.0600 90.0000
 0 0.01900870 -12.8900 0.0600 90.0000
 0 0.01848380 -12.8900 0.0600 90.0000
 0 0.02041900 -12.8900 0.0600 90.0000
 0 0.01688120 -12.8900 0.0600 90.0000
 0 0.01832880 -12.8900 0.0600 90.0000
 0 0.01772180 -12.8900 0.0600 90.0000
 0 0.01910950 -12.8900 0.0600 90.0000
 0 0.01902130 -12.8900 0.0600 90.0000
 0 0.02034440 -12.8900 0.0600 90.0000
 0 0.01890180 -12.8900 0.0600 90.0000
 0 0.01835430 -12.8900 0.0600 90.0000
 0 0.01919880 -12.8900 0.0600 90.0000
 0 0.02010300 -12.8900 0.0600 90.0000
 0 0.01901390 -12.8900 0.0600 90.0000
 0 0.02106310 -12.8900 0.0600 90.0000
 0 0.01983880 -12.8900 0.0600 90.0000
 0 0.02203200 -12.8900 0.0600 90.0000
 0 0.02267040 -12.8900 0.0600 90.0000
 0 0.01825560 -12.8900 0.0600 90.0000
 0 0.02175550 -12.8900 0.0600 90.0000
 0 0.01907650 -12.8900 0.0600 90.0000
 0 0.01832090 -12.8900 0.0600 90.0000
 0 0.01908100 -12.8900 0.0600 90.0000
 0 0.01780440 -12.8900 0.0600 90.0000
 0 0.02021640 -12.8900 0.0600 90.0000
 0 0.02112400 -12.8900 0.0600 90.0000
 0 0.01940310 -12.8900 0.0600 90.0000
 0 0.01809310 -12.8900 0.0600 90.0000
 0 0.01896780 -12.8900 0.0600 90.0000
 0 0.01816340 -12.8900 0.0600 90.0000
 0 0.01807020 -12.8900 0.0600 90.0000
 0 0.01735950 -12.8900 0.0600 90.0000
 0 0.01924790 -12.8900 0.0600 90.0000
 0 0.01777580 -12.8900 0.0600 90.0000
 0 0.01993210 -12.8900 0.0600 90.0000
 0 0.01638970 -12.8900 0.0600 90.0000
 0 0.01697270 -12.8900 0.0600 90.0000
 0 0.01900090 -12.8900 0.0600 90.0000
 0 0.01860220 -12.8900 0.0600 90.0000
 0 0.01862130 -12.8900 0.0600 90.0000
 0 0.01473940 -12.8900 0.0600 90.0000
 0 0.01477190 -12.8900 0.0600 90.0000
 0 0.01727270 -12.8900 0.0600 90.0000
 0 0.02117790 -12.8900 0.0600 90.0000
 0 0.02151460 -12.8900 0.0600 90.0000
 0 0.01866720 -12.8900 0.0600 90.0000
 0 0.01666130 -12.8900 0.0600 90.0000
 0 0.02155350 -12.8900 0.0600 90.0000
 0 0.02011620 -12.8900 0.0600 90.0000
 0 0.01805480 -12.8900 0.0600 90.0000
 0 0.01965340 -12.8900 0.0600 90.0000
 0 0.01920460 -12.8900 0.0600 90.0000
 0 0.01826730 -12.8900 0.0600 90.0000
 0 0.01744720 -12.8900 0.0600 90.0000
 0 0.01681490 -12.8900 0.0600 90.0000
 0 0.01542270 -12.8900 0.0600 90.0000
 0 0.01884610 -12.8900 0.0600 90.0000
 0 0.01837450 -12.8900 0.0600 90.0000
 0 0.01652960 -12.8900 0.0600 90.0000
 0 0.01970090 -12.8900 0.0600 90.0000
 0 0.01977350 -12.8900 0.0600 90.0000
 0 0.01978300 -12.8900 0.0600 90.0000
 0 0.01752440 -12.8900 0.0600 90.0000
 0 0.02029920 -12.8900 0.0600 90.0000
 0 0.01885900 -12.8900 0.0600 90.0000
 0 0.01800030 -12.8900 0.0600 90.0000
 0 0.01605290 -12.8900 0.0600 90.0000
 0 0.01518930 -12.8900 0.0600 90.0000
 0 0.01818070 -12.8900 0.0600 90.0000
 0 0.01972480 -12.8900 0.0600 90.0000
 0 0.01690730 -12.8900 0.0600 90.0000
 0 0.01866260 -12.8900 0.0600 90.0000
 0 0.01827250 -12.8900 0.0600 90.0000
 0 0.01887840 -12.8900 0.0600 90.0000
 0 0.01816950 -12.8900 0.0600 90.0000
 0 0.02204150 -12.8900 0.0600 90.0000
 0 0.01794820 -12.8900 0.0600 90.0000
 0 0.02173760 -12.8900 0.0600 90.0000
 0 0.01768430 -12.8900 0.0600 90.0000
 0 0.01863190 -12.8900 0.0600 90.0000
 0 0.01797320 -12.8900 0.0600 90.0000
 0 0.01667870 -12.8900 0.0600 90.0000
 0 0.02021210 -12.8900 0.0600 90.0000
 0 0.01921720 -12.8900 0.0600 90.0000
 0 0.02052810 -12.8900 0.0600 90.0000
 0 0.01742080 -12.8900 0.0600 90.0000
 0 0.02008480 -12.8900 0.0600 90.0000
 0 0.02009220 -12.8900 0.0600 90.0000
 0 0.02083430 -12.8900 0.0600 90.0000
 0 0.02133770 -12.8900 0.0600 90.0000
 0 0.01761470 -12.8900 0.0600 90.0000
 0 0.01926070 -12.8900 0.0600 90.0000
 0 0.01870680 -12.8900 0.0600 90.0000
 0 0.02001650 -12.8900 0.0600 90.0000
 0 0.02076070 -12.8900 0.0600 90.0000
 0 0.01813120 -12.8900 0.0600 90.0000
 0 0.02188440 -12.8900 0.0600 90.0000
 0 0.01849360 -12.8900 0.0600 90.0000
 0 0.01908120 -12.8900 0.0600 90.0000
 0 0.01683670 -12.8900 0.0600 90.0000
 0 0.01734110 -12.8900 0.0600 90.0000
 0 0.01841670 -12.8900 0.0600 90.0000
 0 0.02179300 -12.8900 0.0600 90.0000
 0 0.01893210 -12.8900 0.0600 90.0000
 0 0.01931790 -12.8900 0.0600 90.0000
 0 0.01784330 -12.8900 0.0600 90.0000
 0 0.01777570 -12.8900 0.0600 90.0000
 0 0.01675990 -12.8900 0.0600 90.0000
 0 0.01765490 -12.8900 0.0600 90.0000
 0 0.01775660 -12.8900 0.0600 90.0000
 0 0.01853150 -12.8900 0.0600 90.0000
 0 0.02308270 -12.8900 0.0600 90.0000
 0 0.02145540 -12.8900 0.0600 90.0000
 0 0.02261790 -12.8900 0.0600 90.0000
 0 0.02189280 -12.8900 0.0600 90.0000
 0 0.01889010 -12.8900 0.0600 90.0000
 0 0.01855170 -12.8900 0.0600 90.0000
 0 0.01813230 -12.8900 0.0600 90.0000
 0 0.01980650 -12.8900 0.0600 90.0000
 0 0.01950450 -12.8900 0.0600 90.0000
 0 0.01850440 -12.8900 0.0600 90.0000
 0 0.01942250 -12.8900 0.0600 90.0000
 0 0.01794380 -12.8900 0.0600 90.0000
 0 0.01970020 -12.8900 0.0600 90.0000
 0 0.03630940 -12.8900 0.0600 90.0000
 0 0.02265620 -12.8900 0.0600 90.0000
 0 0.02063580 -12.8900 0.0600 90.0000
 0 0.02034490 -12.8900 0.0600 90.0000
 0 0.01939440 -12.8900 0.0600 90.0000
 0 0.01865590 -12.8900 0.0600 90.0000
 0 0.01611010 -12.8900 0.0600 90.0000
 0 0.01900770 -12.8900 0.0600 90.0000
 0 0.01780530 -12.8900 0.0600 90.0000
 0 0.01498920 -12.8900 0.0600 90.0000
 0 0.01884620 -12.8900 0.0600 90.0000
 0 0.01766250 -12.8900 0.0600 90.0000
 0 0.01759530 -12.8900 0.0600 90.0000
 0 0.02130510 -12.8900 0.0600 90.0000
 0 0.01674350 -12.8900 0.0600 90.0000
 0 0.01967970 -12.8900 0.0600 90.0000
 0 0.01926710 -12.8900 0.0600 90.0000
 0 0.01791860 -12.8900 0.0600 90.0000
 0 0.01842500 -12.8900 0.0600 90.0000
 0 0.02011500 -12.8900 0.0600 90.0000
 0 0.01920940 -12.8900 0.0600 90.0000
 0 0.01802260 -12.8900 0.0600 90.0000
 0 0.01501140 -12.8900 0.0600 90.0000
 0 0.01947030 -12.8900 0.0600 90.0000
 0 0.01622040 -12.8900 0.0600 90.0000
 0 0.01843380 -12.8900 0.0600 90.0000
 0 0.01651550 -12.8900 0.0600 90.0000
 0 0.01620190 -12.8900 0.0600 90.0000
 0 0.01995490 -12.8900 0.0600 90.0000
 0 0.01956810 -12.8900 0.0600 90.0000
 0 0.01659970 -12.8900 0.0600 90.0000
 0 0.01916390 -12.8900 0.0600 90.0000
 0 0.01695900 -12.8900 0.0600 90.0000
 0 0.01807600 -12.8900 0.0600 90.0000
 0 0.01779590 -12.8900 0.0600 90.0000
 0 0.01669930 -12.8900 0.0600 90.0000
 0 0.01842810 -12.8900 0.0600 90.0000
 0 0.02145200 -12.8900 0.0600 90.0000
 0 0.01820550 -12.8900 0.0600 90.0000
 0 0.01756030 -12.8900 0.0600 90.0000
 0 0.01844660 -12.8900 0.0600 90.0000
 0 0.01537480 -12.8900 0.0600 90.0000
 0 0.01597110 -12.8900 0.0600 90.0000
 0 0.01543940 -12.8900 0.0600 90.0000
 0 0.02027420 -12.8900 0.0600 90.0000
 0 0.01739760 -12.8900 0.0600 90.0000
 0 0.01818910 -12.8900 0.0600 90.0000
 0 0.01826490 -12.8900 0.0600 90.0000
 0 0.01689520 -12.8900 0.0600 90.0000
 0 0.01669880 -12.8900 0.0600 90.0000
 0 0.01965160 -12.8900 0.0600 90.0000
 0 0.01991790 -12.8900 0.0600 90.0000
 0 0.02028930 -12.8900 0.0600 90.0000
 0 0.01682050 -12.8900 0.0600 90.0000
 0 0.01914050 -12.8900 0.0600 90.0000
 0 0.01905680 -12.8900 0.0600 90.0000
 0 0.01732770 -12.8900 0.0600 90.0000
 0 0.01998120 -12.8900 0.0600 90.0000
 0 0.01838630 -12.8900 0.0600 90.0000
 0 0.01789660 -12.8900 0.0600 90.0000
 0 0.01896780 -12.8900 0.0600 90.0000
 0 0.01913380 -12.8900 0.0600 90.0000
 0 0.01988340 -12.8900 0.0600 90.0000
 0 0.02371780 -12.8900 0.0600 90.0000
 0 0.01785920 -12.8900 0.0600 90.0000
 0 0.01780870 -12.8900 0.0600 90.0000
 0 0.01600930 -12.8900 0.0600 90.0000
 0 0.01996210 -12.8900 0.0600 90.0000
 0 0.01797130 -12.8900 0.0600 90.0000
 0 0.01814590 -12.8900 0.0600 90.0000
 0 0.01781360 -12.8900 0.0600 90.0000
 0 0.01912870 -12.8900 0.0600 90.0000
 0 0.02013520 -12.8900 0.0600 90.0000
 0 0.02069470 -12.8900 0.0600 90.0000
 0 0.02463400 -12.8900 0.0600 90.0000
 0 0.02501370 -12.8900 0.0600 90.0000
 0 0.02223140 -12.8900 0.0600 90.0000
 0 0.02127370 -12.8900 0.0600 90.0000
 0 0.02149830 -12.8900 0.0600 90.0000
 0 0.02326940 -12.8900 0.0600 90.0000
 0 0.02327980 -12.8900 0.0600 90.0000
 0 0.02284750 -12.8900 0.0600 90.0000
 0 0.02397140 -12.8900 0.0600 90.0000
 0 0.03146590 -12.8900 0.0600 90.0000
 0 0.02565110 -12.8900 0.0600 90.0000
 0 0.02294450 -12.8900 0.0600 90.0000
 0 0.02195980 -12.8900 0.0600 90.0000
 0 0.02356420 -12.8900 0.0600 90.0000
 0 0.02209360 -12.8900 0.0600 90.0000
 0 0.02292230 -12.8900 0.0600 90.0000
 0 0.02187390 -12.8900 0.0600 90.0000
 0 0.02181790 -12.8900 0.0600 90.0000
 0 0.01990590 -12.8900 0.0600 90.0000
 0 0.01791400 -12.8900 0.0600 90.0000
 0 0.02041220 -12.8900 0.0600 90.0000
 0 0.01745490 -12.8900 0.0600 90.0000
 0 0.01691520 -12.8900 0.0600 90.0000
 0 0.02036890 -12.8900 0.0600 90.0000
 0 0.02047560 -12.8900 0.0600 90.0000
 0 0.01722680 -12.8900 0.0600 90.0000
 0 0.02062270 -12.8900 0.0600 90.0000
 0 0.01732330 -12.8900 0.0600 90.0000
 0 0.01792120 -12.8900 0.0600 90.0000
 0 0.01603790 -12.8900 0.0600 90.0000
 0 0.01828110 -12.8900 0.0600 90.0000
 0 0.01835930 -12.8900 0.0600 90.0000
 0 0.01923470 -12.8900 0.0600 90.0000
 0 0.01732580 -12.8900 0.0600 90.0000
 0 0.01737670 -12.8900 0.0600 90.0000
 0 0.01910150 -12.8900 0.0600 90.0000
 0 0.01943250 -12.8900 0.0600 90.0000
 0 0.01616370 -12.8900 0.0600 90.0000
 0 0.01676820 -12.8900 0.0600 90.0000
 0 0.01543760 -12.8900 0.0600 90.0000
 0 0.01807960 -12.8900 0.0600 90.0000
 0 0.01665980 -12.8900 0.0600 90.0000
 0 0.02051770 -12.8900 0.0600 90.0000
 0 0.02197140 -12.8900 0.0600 90.0000
 0 0.02251170 -12.8900 0.0600 90.0000
 0 0.02236210 -12.8900 0.0600 90.0000
 0 0.01900890 -12.8900 0.0600 90.0000
 0 0.02043570 -12.8900 0.0600 90.0000
 0 0.02033670 -12.8900 0.0600 90.0000
 0 0.01975960 -12.8900 0.0600 90.0000
 0 0.02115990 -12.8900 0.0600 90.0000
 0 0.01922410 -12.8900 0.0600 90.0000
 0 0.02158610 -12.8900 0.0600 90.0000
 0 0.02128830 -12.8900 0.0600 90.0000
 0 0.01965070 -12.8900 0.0600 90.0000
 0 0.01970550 -12.8900 0.0600 90.0000
 0 0.01874050 -12.8900 0.0600 90.0000
 0 0.01953900 -12.8900 0.0600 90.0000
 0 0.02006130 -12.8900 0.0600 90.0000
 0 0.02002470 -12.8900 0.0600 90.0000
 0 0.02228550 -12.8900 0.0600 90.0000
 0 0.01841910 -12.8900 0.0600 90.0000
 0 0.01814460 -12.8900 0.0600 90.0000
 0 0.01768100 -12.8900 0.0600 90.0000
 0 0.01994840 -12.8900 0.0600 90.0000
 0 0.02105700 -12.8900 0.0600 90.0000
 0 0.01801060 -12.8900 0.0600 90.0000
 0 0.02019370 -12.8900 0.0600 90.0000
 0 0.02134000 -12.8900 0.0600 90.0000
 0 0.01946290 -12.8900 0.0600 90.0000
 0 0.02192490 -12.8900 0.0600 90.0000
 0 0.02121680 -12.8900 0.0600 90.0000
 0 0.01906720 -12.8900 0.0600 90.0000
 0 0.01951840 -12.8900 0.0600 90.0000
 0 0.01750800 -12.8900 0.0600 90.0000
 0 0.01750700 -12.8900 0.0600 90.0000
 0 0.01892560 -12.8900 0.0600 90.0000
 0 0.01742460 -12.8900 0.0600 90.0000
 0 0.01667400 -12.8900 0.0600 90.0000
 0 0.01615150 -12.8900 0.0600 90.0000
 0 0.01587380 -12.8900 0.0600 90.0000
 0 0.01731960 -12.8900 0.0600 90.0000
 0 0.01917830 -12.8900 0.0600 90.0000
 0 0.01887520 -12.8900 0.0600 90.0000
 0 0.01666080 -12.8900 0.0600 90.0000
 0 0.01834970 -12.8900 0.0600 90.0000
 0 0.01671170 -12.8900 0.0600 90.0000
 0 0.01577510 -12.8900 0.0600 90.0000
 0 0.01592260 -12.8900 0.0600 90.0000
 0 0.01670540 -12.8900 0.0600 90.0000
 0 0.01793830 -12.8900 0.0600 90.0000
 0 0.01765540 -12.8900 0.0600 90.0000
 0 0.01731150 -12.8900 0.0600 90.0000
 0 0.01810830 -12.8900 0.0600 90.0000
 0 0.01676030 -12.8900 0.0600 90.0000
 0 0.01701740 -12.8900 0.0600 90.0000
 0 0.01650360 -12.8900 0.0600 90.0000
 0 0.01786840 -12.8900 0.0600 90.0000
 0 0.01816830 -12.8900 0.0600 90.0000
 0 0.01659700 -12.8900 0.0600 90.0000
 0 0.01707590 -12.8900 0.0600 90.0000
 0 0.01753410 -12.8900 0.0600 90.0000
 0 0.01803920 -12.8900 0.0600 90.0000
 0 0.01926720 -12.8900 0.0600 90.0000
 0 0.01773910 -12.8900 0.0600 90.0000
 0 0.01876640 -12.8900 0.0600 90.0000
 0 0.01689930 -12.8900 0.0600 90.0000
 0 0.01896680 -12.8900 0.0600 90.0000
 0 0.01807180 -12.8900 0.0600 90.0000
 0 0.01982910 -12.8900 0.0600 90.0000
 0 0.01724480 -12.8900 0.0600 90.0000
 0 0.01969100 -12.8900 0.0600 90.0000
 0 0.02310570 -12.8900 0.0600 90.0000
 0 0.03552660 -12.8900 0.0600 90.0000
 0 0.02087870 -12.8900 0.0600 90.0000
 0 0.01961570 -12.8900 0.0600 90.0000
 0 0.01951150 -12.8900 0.0600 90.0000
 0 0.01809170 -12.8900 0.0600 90.0000
 0 0.02113100 -12.8900 0.0600 90.0000
 0 0.02261010 -12.8900 0.0600 90.0000
 0 0.02348560 -12.8900 0.0600 90.0000
 0 0.02078100 -12.8900 0.0600 90.0000
 0 0.02365130 -12.8900 0.0600 90.0000
 0 0.02012950 -12.8900 0.0600 90.0000
 0 0.02219320 -12.8900 0.0600 90.0000
 0 0.01952170 -12.8900 0.0600 90.0000
 0 0.01831030 -12.8900 0.0600 90.0000
 0 0.02021810 -12.8900 0.0600 90.0000
 0 0.01771820 -12.8900 0.0600 90.0000
 0 0.01962930 -12.8900 0.0600 90.0000
 0 0.02004950 -12.8900 0.0600 90.0000
 0 0.01815330 -12.8900 0.0600 90.0000
 0 0.01986930 -12.8900 0.0600 90.0000
 0 0.01886370 -12.8900 0.0600 90.0000
 0 0.01957390 -12.8900 0.0600 90.0000
 0 0.02089790 -12.8900 0.0600 90.0000
 0 0.02113030 -12.8900 0.0600 90.0000
 0 0.02174010 -12.8900 0.0600 90.0000
 0 0.01999060 -12.8900 0.0600 90.0000
 0 0.01661660 -12.8900 0.0600 90.0000
 0 0.01706660 -12.8900 0.0600 90.0000
 0 0.01581250 -12.8900 0.0600 90.0000
 0 0.01460890 -12.8900 0.0600 90.0000
 0 0.01533300 -12.8900 0.0600 90.0000
 0 0.01708360 -12.8900 0.0600 90.0000
 0 0.01976840 -12.8900 0.0600 90.0000
 0 0.01745050 -12.8900 0.0600 90.0000
 0 0.01782620 -12.8900 0.0600 90.0000
 0 0.01602030 -12.8900 0.0600 90.0000
 0 0.01541550 -12.8900 0.0600 90.0000
 0 0.01750590 -12.8900 0.0600 90.0000
 0 0.01623450 -12.8900 0.0600 90.0000
 0 0.01727520 -12.8900 0.0600 90.0000
 0 0.01799380 -12.8900 0.0600 90.0000
 0 0.01681830 -12.8900 0.0600 90.0000
 0 0.01578350 -12.8900 0.0600 90.0000
 0 0.01590360 -12.8900 0.0600 90.0000
 0 0.01633940 -12.8900 0.0600 90.0000
 0 0.01855240 -12.8900 0.0600 90.0000
 0 0.01859000 -12.8900 0.0600 90.0000
 0 0.01623900 -12.8900 0.0600 90.0000
 0 0.01482650 -12.8900 0.0600 90.0000
 0 0.01982040 -12.8900 0.0600 90.0000
 0 0.01597450 -12.8900 0.0600 90.0000
 0 0.01720270 -12.8900 0.0600 90.0000
 0 0.01709880 -12.8900 0.0600 90.0000
 0 0.01748540 -12.8900 0.0600 90.0000
 0 0.01616600 -12.8900 0.0600 90.0000
 0 0.01498700 -12.8900 0.0600 90.0000
 0 0.01699240 -12.8900 0.0600 90.0000
 0 0.01490850 -12.8900 0.0600 90.0000
 0 0.01750740 -12.8900 0.0600 90.0000
 0 0.01922580 -12.8900 0.0600 90.0000
 0 0.01700940 -12.8900 0.0600 90.0000
 0 0.01651950 -12.8900 0.0600 90.0000
 0 0.01591840 -12.8900 0.0600 90.0000
 0 0.02022930 -12.8900 0.0600 90.0000
 0 0.01925760 -12.8900 0.0600 90.0000
 0 0.01815180 -12.8900 0.0600 90.0000
 0 0.01748740 -12.8900 0.0600 90.0000
 0 0.02087190 -12.8900 0.0600 90.0000
 0 0.01778390 -12.8900 0.0600 90.0000
 0 0.01670360 -12.8900 0.0600 90.0000
 0 0.01575890 -12.8900 0.0600 90.0000
 0 0.01795230 -12.8900 0.0600 90.0000
 0 0.01893250 -12.8900 0.0600 90.0000
 0 0.02366860 -12.8900 0.0600 90.0000
 0 0.02067480 -12.8900 0.0600 90.0000
 0 0.02561910 -12.8900 0.0600 90.0000
 0 0.02296810 -12.8900 0.0600 90.0000
 0 0.02095340 -12.8900 0.0600 90.0000
 0 0.01960560 -12.8900 0.0600 90.0000
 0 0.02105390 -12.8900 0.0600 90.0000
 0 0.02057560 -12.8900 0.0600 90.0000
 0 0.01764050 -12.8900 0.0600 90.0000
 0 0.01693630 -12.8900 0.0600 90.0000
 0 0.01597320 -12.8900 0.0600 90.0000
 0 0.03289440 -12.8900 0.0600 90.0000
 0 0.01715420 -12.8900 0.0600 90.0000
 0 0.01860090 -12.8900 0.0600 90.0000
 0 0.01620420 -12.8900 0.0600 90.0000
 0 0.01536270 -12.8900 0.0600 90.0000
 0 0.01493690 -12.8900 0.0600 90.0000
 0 0.01761710 -12.8900 0.0600 90.0000
 0 0.01711410 -12.8900 0.0600 90.0000
 0 0.01787140 -12.8900 0.0600 90.0000
 0 0.01900680 -12.8900 0.0600 90.0000
 0 0.01778890 -12.8900 0.0600 90.0000
 0 0.01866370 -12.8900 0.0600 90.0000
 0 0.01707090 -12.8900 0.0600 90.0000
 0 0.01405110 -12.8900 0.0600 90.0000
 0 0.01907750 -12.8900 0.0600 90.0000
 0 0.01864910 -12.8900 0.0600 90.0000
 0 0.01703940 -12.8900 0.0600 90.0000
 0 0.01619260 -12.8900 0.0600 90.0000
 0 0.01657410 -12.8900 0.0600 90.0000
 0 0.01753860 -12.8900 0.0600 90.0000
 0 0.01523970 -12.8900 0.0600 90.0000
 0 0.01698430 -12.8900 0.0600 90.0000
 0 0.01730460 -12.8900 0.0600 90.0000
 0 0.01728460 -12.8900 0.0600 90.0000
 0 0.01892010 -12.8900 0.0600 90.0000
 0 0.01905170 -12.8900 0.0600 90.0000
 0 0.02021440 -12.8900 0.0600 90.0000
 0 0.01795940 -12.8900 0.0600 90.0000
 0 0.01597310 -12.8900 0.0600 90.0000
 0 0.01642170 -12.8900 0.0600 90.0000
 0 0.02204190 -12.8900 0.0600 90.0000
 0 0.02432820 -12.8900 0.0600 90.0000
 0 0.02462690 -12.8900 0.0600 90.0000
 0 0.02299040 -12.8900 0.0600 90.0000
 0 0.02581850 -12.8900 0.0600 90.0000
 0 0.02192710 -12.8900 0.0600 90.0000
 0 0.02100530 -12.8900 0.0600 90.0000
 0 0.01674660 -12.8900 0.0600 90.0000
 0 0.01703900 -12.8900 0.0600 90.0000
 0 0.01892040 -12.8900 0.0600 90.0000
 0 0.01614080 -12.8900 0.0600 90.0000
 0 0.01892790 -12.8900 0.0600 90.0000
 0 0.01593710 -12.8900 0.0600 90.0000
 0 0.01755140 -12.8900 0.0600 90.0000
 0 0.01801630 -12.8900 0.0600 90.0000
 0 0.01648510 -12.8900 0.0600 90.0000
 0 0.01681480 -12.8900 0.0600 90.0000
 0 0.01533340 -12.8900 0.0600 90.0000
 0 0.01649930 -12.8900 0.0600 90.0000
 0 0.01870460 -12.8900 0.0600 90.0000
 0 0.01606210 -12.8900 0.0600 90.0000
 0 0.01629770 -12.8900 0.0600 90.0000
 0 0.01679120 -12.8900 0.0600 90.0000
 0 0.01604790 -12.8900 0.0600 90.0000
 0 0.01795890 -12.8900 0.0600 90.0000
 0 0.01783690 -12.8900 0.0600 90.0000
 0 0.01675600 -12.8900 0.0600 90.0000
 0 0.01681210 -12.8900 0.0600 90.0000
 0 0.01565060 -12.8900 0.0600 90.0000
 0 0.01729400 -12.8900 0.0600 90.0000
 0 0.01784050 -12.8900 0.0600 90.0000
 0 0.01841440 -12.8900 0.0600 90.0000
 0 0.01894500 -12.8900 0.0600 90.0000
 0 0.01586190 -12.8900 0.0600 90.0000
 0 0.01477310 -12.8900 0.0600 90.0000
 0 0.01838070 -12.8900 0.0600 90.0000
 0 0.01780850 -12.8900 0.0600 90.0000
 0 0.01970830 -12.8900 0.0600 90.0000
 0 0.01640450 -12.8900 0.0600 90.0000
 0 0.01764230 -12.8900 0.0600 90.0000
 0 0.01686350 -12.8900 0.0600 90.0000
 0 0.01693980 -12.8900 0.0600 90.0000
 0 0.01697750 -12.8900 0.0600 90.0000
 0 0.01706390 -12.8900 0.0600 90.0000
 0 0.01788300 -12.8900 0.0600 90.0000
 0 0.01656860 -12.8900 0.0600 90.0000
 0 0.01642150 -12.8900 0.0600 90.0000
 0 0.01624280 -12.8900 0.0600 90.0000
 0 0.01738570 -12.8900 0.0600 90.0000
 0 0.02178730 -12.8900 0.0600 90.0000
 0 0.01801920 -12.8900 0.0600 90.0000
 0 0.01781060 -12.8900 0.0600 90.0000
 0 0.01823990 -12.8900 0.0600 90.0000
 0 0.01622400 -12.8900 0.0600 90.0000
 0 0.01666160 -12.8900 0.0600 90.0000
 0 0.01674020 -12.8900 0.0600 90.0000
 0 0.01800880 -12.8900 0.0600 90.0000
 0 0.01835260 -12.8900 0.0600 90.0000
 0 0.01698960 -12.8900 0.0600 90.0000
 0 0.01766510 -12.8900 0.0600 90.0000
 0 0.01611900 -12.8900 0.0600 90.0000
 0 0.01612970 -12.8900 0.0600 90.0000
 0 0.01691350 -12.8900 0.0600 90.0000
 0 0.01770020 -12.8900 0.0600 90.0000
 0 0.01584740 -12.8900 0.0600 90.0000
 0 0.01754040 -12.8900 0.0600 90.0000
 0 0.01434790 -12.8900 0.0600 90.0000
 0 0.01566060 -12.8900 0.0600 90.0000
 0 0.01873660 -12.8900 0.0600 90.0000
 0 0.01902810 -12.8900 0.0600 90.0000
 0 0.01665680 -12.8900 0.0600 90.0000
 0 0.01850690 -12.8900 0.0600 90.0000
 0 0.01858000 -12.8900 0.0600 90.0000
 0 0.02185580 -12.8900 0.0600 90.0000
 0 0.01982560 -12.8900 0.0600 90.0000
 0 0.01870780 -12.8900 0.0600 90.0000
 0 0.02095440 -12.8900 0.0600 90.0000
 0 0.01735840 -12.8900 0.0600 90.0000
 0 0.01914050 -12.8900 0.0600 90.0000
 0 0.01798310 -12.8900 0.0600 90.0000
 0 0.01809280 -12.8900 0.0600 90.0000
 0 0.01863740 -12.8900 0.0600 90.0000
 0 0.01595140 -12.8900 0.0600 90.0000
 0 0.01733050 -12.8900 0.0600 90.0000
 0 0.01660400 -12.8900 0.0600 90.0000
 0 0.01716530 -12.8900 0.0600 90.0000
 0 0.01856850 -12.8900 0.0600 90.0000
 0 0.01834770 -12.8900 0.0600 90.0000
 0 0.01753020 -12.8900 0.0600 90.0000
 0 0.01761200 -12.8900 0.0600 90.0000
 0 0.02079200 -12.8900 0.0600 90.0000
 0 0.02124450 -12.8900 0.0600 90.0000
 0 0.01675390 -12.8900 0.0600 90.0000
 0 0.01992250 -12.8900 0.0600 90.0000
 0 0.01609210 -12.8900 0.0600 90.0000
 0 0.01475020 -12.8900 0.0600 90.0000
 0 0.01709920 -12.8900 0.0600 90.0000
 0 0.01657400 -12.8900 0.0600 90.0000
 0 0.01644080 -12.8900 0.0600 90.0000
 0 0.01626560 -12.8900 0.0600 90.0000
 0 0.01825540 -12.8900 0.0600 90.0000
 0 0.01601720 -12.8900 0.0600 90.0000
 0 0.01706760 -12.8900 0.0600 90.0000
 0 0.01728570 -12.8900 0.0600 90.0000
 0 0.01699540 -12.8900 0.0600 90.0000
 0 0.01672450 -12.8900 0.0600 90.0000
 0 0.02075240 -12.8900 0.0600 90.0000
 0 0.01811430 -12.8900 0.0600 90.0000
 0 0.01924380 -12.8900 0.0600 90.0000
 0 0.01845050 -12.8900 0.0600 90.0000
 0 0.01610840 -12.8900 0.0600 90.0000
 0 0.01515520 -12.8900 0.0600 90.0000
 0 0.01758340 -12.8900 0.0600 90.0000
 0 0.01981160 -12.8900 0.0600 90.0000
 0 0.01875080 -12.8900 0.0600 90.0000
 0 0.01995730 -12.8900 0.0600 90.0000
 0 0.01647900 -12.8900 0.0600 90.0000
 0 0.01745410 -12.8900 0.0600 90.0000
 0 0.01987200 -12.8900 0.0600 90.0000
 0 0.01907000 -12.8900 0.0600 90.0000
 0 0.01597980 -12.8900 0.0600 90.0000
 0 0.01765690 -12.8900 0.0600 90.0000
 0 0.01748990 -12.8900 0.0600 90.0000
 0 0.01435210 -12.8900 0.0600 90.0000
 0 0.01639210 -12.8900 0.0600 90.0000
 0 0.01574800 -12.8900 0.0600 90.0000
 0 0.01855450 -12.8900 0.0600 90.0000
 0 0.02895840 -12.8900 0.0600 90.0000
 0 0.01544810 -12.8900 0.0600 90.0000
 0 0.01727470 -12.8900 0.0600 90.0000
 0 0.01474980 -12.8900 0.0600 90.0000
 0 0.01565250 -12.8900 0.0600 90.0000
 0 0.01594710 -12.8900 0.0600 90.0000
 0 0.01549400 -12.8900 0.0600 90.0000
 0 0.01430250 -12.8900 0.0600 90.0000
 0 0.01710680 -12.8900 0.0600 90.0000
 0 0.01853270 -12.8900 0.0600 90.0000
 0 0.02032810 -12.8900 0.0600 90.0000
 0 0.02119770 -12.8900 0.0600 90.0000
 0 0.02602380 -12.8900 0.0600 90.0000
 41 0.02148130 -12.8900 0.0600 90.0000
 0 0.03617910 -12.8900 0.0600 90.0000
 0 0.02163060 -12.8900 0.0600 90.0000
 0 0.01834390 -12.8900 0.0600 90.0000
 0 0.01875660 -12.8900 0.0600 90.0000
 0 0.02193200 -12.8900 0.0600 90.0000
 0 0.02215540 -12.8900 0.0600 90.0000
 0 0.01846230 -12.8900 0.0600 90.0000
 0 0.01823330 -12.8900 0.0600 90.0000
 0 0.01883500 -12.8900 0.0600 90.0000
 0 0.02836800 -12.8900 0.0600 90.0000
 0 0.01908860 -12.8900 0.0600 90.0000
 0 0.01618280 -12.8900 0.0600 90.0000
 0 0.01457780 -12.8900 0.0600 90.0000
 0 0.01424500 -12.8900 0.0600 90.0000
 0 0.01801060 -12.8900 0.0600 90.0000
 0 0.01647550 -12.8900 0.0600 90.0000
 0 0.01674490 -12.8900 0.0600 90.0000
 0 0.01662990 -12.8900 0.0600 90.0000
 0 0.02159250 -12.8900 0.0600 90.0000
 0 0.01964090 -12.8900 0.0600 90.0000
 0 0.01835490 -12.8900 0.0600 90.0000
 0 0.01759000 -12.8900 0.0600 90.0000
 0 0.01663590 -12.8900 0.0600 90.0000
 0 0.01940190 -12.8900 0.0600 90.0000
 0 0.01710890 -12.8900 0.0600 90.0000
 0 0.01786470 -12.8900 0.0600 90.0000
 0 0.01718600 -12.8900 0.0600 90.0000
 0 0.01599080 -12.8900 0.0600 90.0000
 0 0.01671260 -12.8900 0.0600 90.0000
 0 0.01691360 -12.8900 0.0600 90.0000
 0 0.01661260 -12.8900 0.0600 90.0000
 0 0.01691980 -12.8900 0.0600 90.0000
 0 0.01829570 -12.8900 0.0600 90.0000
 0 0.01550000 -12.8900 0.0600 90.0000
 0 0.01744880 -12.8900 0.0600 90.0000
 0 0.01732650 -12.8900 0.0600 90.0000
 0 0.01690790 -12.8900 0.0600 90.0000
 0 0.01765000 -12.8900 0.0600 90.0000
 0 0.01701430 -12.8900 0.0600 90.0000
 0 0.01741890 -12.8900 0.0600 90.0000
 0 0.01507870 -12.8900 0.0600 90.0000
 0 0.01730690 -12.8900 0.0600 90.0000
 0 0.01693600 -12.8900 0.0600 90.0000
 0 0.01541220 -12.8900 0.0600 90.0000
 0 0.01753440 -12.8900 0.0600 90.0000
 0 0.01776980 -12.8900 0.0600 90.0000
 0 0.01651540 -12.8900 0.0600 90.0000
 0 0.01814780 -12.8900 0.0600 90.0000
 0 0.01812930 -12.8900 0.0600 90.0000
 0 0.01644680 -12.8900 0.0600 90.0000
 0 0.01811110 -12.8900 0.0600 90.0000
 0 0.01727740 -12.8900 0.0600 90.0000
 0 0.01675760 -12.8900 0.0600 90.0000
 0 0.01529620 -12.8900 0.0600 90.0000
 0 0.02696490 -12.8900 0.0600 90.0000
 0 0.01779230 -12.8900 0.0600 90.0000
 0 0.01579980 -12.8900 0.0600 90.0000
 0 0.01625300 -12.8900 0.0600 90.0000
 0 0.01758720 -12.8900 0.0600 90.0000
 0 0.01913400 -12.8900 0.0600 90.0000
 0 0.02647820 -12.8900 0.0600 90.0000
 0 0.02590850 -12.8900 0.0600 90.0000
 0 0.01733230 -12.8900 0.0600 90.0000
 0 0.01557860 -12.8900 0.0600 90.0000
 0 0.01751290 -12.8900 0.0600 90.0000
 0 0.01429490 -12.8900 0.0600 90.0000
 0 0.01656970 -12.8900 0.0600 90.0000
 0 0.01665830 -12.8900 0.0600 90.0000
 0 0.01614930 -12.8900 0.0600 90.0000
 0 0.01725670 -12.8900 0.0600 90.0000
 0 0.01583610 -12.8900 0.0600 90.0000
 0 0.01383680 -12.8900 0.0600 90.0000
 0 0.01613680 -12.8900 0.0600 90.0000
 0 0.01633310 -12.8900 0.0600 90.0000
 0 0.01390850 -12.8900 0.0600 90.0000
 0 0.01559760 -12.8900 0.0600 90.0000
 0 0.01699420 -12.8900 0.0600 90.0000
 0 0.01721250 -12.8900 0.0600 90.0000
 0 0.01324140 -12.8900 0.0600 90.0000
 0 0.01607670 -12.8900 0.0600 90.0000
 0 0.01440360 -12.8900 0.0600 90.0000
 0 0.01468130 -12.8900 0.0600 90.0000
 0 0.01426290 -12.8900 0.0600 90.0000
 0 0.01656910 -12.8900 0.0600 90.0000
 0 0.01428810 -12.8900 0.0600 90.0000
 0 0.01667000 -12.8900 0.0600 90.0000
 0 0.01522770 -12.8900 0.0600 90.0000
 0 0.01579410 -12.8900 0.0600 90.0000
 0 0.01396820 -12.8900 0.0600 90.0000
 0 0.01386640 -12.8900 0.0600 90.0000
 0 0.01540260 -12.8900 0.0600 90.0000
 0 0.01349900 -12.8900 0.0600 90.0000
 0 0.01639840 -12.8900 0.0600 90.0000
 0 0.01678360 -12.8900 0.0600 90.0000
 0 0.01511300 -12.8900 0.0600 90.0000
 0 0.01377320 -12.8900 0.0600 90.0000
 0 0.01430450 -12.8900 0.0600 90.0000
 0 0.01674340 -12.8900 0.0600 90.0000
 0 0.01469400 -12.8900 0.0600 90.0000
 0 0.01562260 -12.8900 0.0600 90.0000
 0 0.01566050 -12.8900 0.0600 90.0000
 0 0.01576280 -12.8900 0.0600 90.0000
 0 0.01402490 -12.8900 0.0600 90.0000
 0 0.01332040 -12.8900 0.0600 90.0000
 0 0.01641900 -12.8900 0.0600 90.0000
 0 0.01367950 -12.8900 0.0600 90.0000
 0 0.01384890 -12.8900 0.0600 90.0000
 0 0.01570310 -12.8900 0.0600 90.0000
 0 0.01537030 -12.8900 0.0600 90.0000
 0 0.03128250 -12.8900 0.0600 90.0000
 0 0.01703490 -12.8900 0.0600 90.0000
 0 0.01559340 -12.8900 0.0600 90.0000
 0 0.01428920 -12.8900 0.0600 90.0000
 0 0.01336670 -12.8900 0.0600 90.0000
 0 0.01162570 -12.8900 0.0600 90.0000
 0 0.01291750 -12.8900 0.0600 90.0000
 0 0.01215630 -12.8900 0.0600 90.0000
 0 0.01216530 -12.8900 0.0600 90.0000
 0 0.01411360 -12.8900 0.0600 90.0000
 0 0.01354930 -12.8900 0.0600 90.0000
 0 0.01164300 -12.8900 0.0600 90.0000
 0 0.01303400 -12.8900 0.0600 90.0000
 0 0.01418050 -12.8900 0.0600 90.0000
 0 0.01293130 -12.8900 0.0600 90.0000
 0 0.01473330 -12.8900 0.0600 90.0000
 0 0.01426400 -12.8900 0.0600 90.0000
 0 0.01301800 -12.8900 0.0600 90.0000
 0 0.01301800 -12.8900 0.0600 90.0000
 0 0.01278310 -12.8900 0.0600 90.0000
 0 0.01345840 -12.8900 0.0600 90.0000
 0 0.01326530 -12.8900 0.0600 90.0000
 0 0.01413070 -12.8900 0.0600 90.0000
 0 0.01204810 -12.8900 0.0600 90.0000
 0 0.01215720 -12.8900 0.0600 90.0000
 0 0.01192820 -12.8900 0.0600 90.0000
 0 0.01224930 -12.8900 0.0600 90.0000
 0 0.01564410 -12.8900 0.0600 90.0000
 0 0.01736430 -12.8900 0.0600 90.0000
 0 0.01629500 -12.8900 0.0600 90.0000
 0 0.01574220 -12.8900 0.0600 90.0000
 0 0.01566270 -12.8900 0.0600 90.0000
 0 0.01467010 -12.8900 0.0600 90.0000
 0 0.01698400 -12.8900 0.0600 90.0000
 0 0.02234830 -12.8900 0.0600 90.0000
 0 0.01524710 -12.8900 0.0600 90.0000
 0 0.01334220 -12.8900 0.0600 90.0000
 0 0.01382800 -12.8900 0.0600 90.0000
 0 0.01433070 -12.8900 0.0600 90.0000
 0 0.01598900 -12.8900 0.0600 90.0000
 0 0.01572030 -12.8900 0.0600 90.0000
 0 0.01508790 -12.8900 0.0600 90.0000
 0 0.01411790 -12.8900 0.0600 90.0000
 0 0.01740070 -12.8900 0.0600 90.0000
 0 0.01424030 -12.8900 0.0600 90.0000
 0 0.01473040 -12.8900 0.0600 90.0000
 0 0.01693520 -12.8900 0.0600 90.0000
 0 0.01982910 -12.8900 0.0600 90.0000
 0 0.01611790 -12.8900 0.0600 90.0000
 0 0.01892140 -12.8900 0.0600 90.0000
 0 0.01774570 -12.8900 0.0600 90.0000
 0 0.01805260 -12.8900 0.0600 90.0000
 0 0.02450470 -12.8900 0.0600 90.0000
 0 0.01818970 -12.8900 0.0600 90.0000
 0 0.01411370 -12.8900 0.0600 90.0000
 0 0.01421000 -12.8900 0.0600 90.0000
 0 0.01593520 -12.8900 0.0600 90.0000
 0 0.01373490 -12.8900 0.0600 90.0000
 0 0.01235470 -12.8900 0.0600 90.0000
 0 0.01597420 -12.8900 0.0600 90.0000
 0 0.01712410 -12.8900 0.0600 90.0000
 0 0.01473640 -12.8900 0.0600 90.0000
 0 0.01525780 -12.8900 0.0600 90.0000
 0 0.01502920 -12.8900 0.0600 90.0000
 0 0.01720250 -12.8900 0.0600 90.0000
 0 0.01567330 -12.8900 0.0600 90.0000
 0 0.01321440 -12.8900 0.0600 90.0000
 0 0.01340000 -12.8900 0.0600 90.0000
 0 0.01456440 -12.8900 0.0600 90.0000
 0 0.01456460 -12.8900 0.0600 90.0000
 0 0.01977890 -12.8900 0.0600 90.0000
 0 0.01540290 -12.8900 0.0600 90.0000
 0 0.01474880 -12.8900 0.0600 90.0000
 0 0.01689440 -12.8900 0.0600 90.0000
 0 0.01485810 -12.8900 0.0600 90.0000
 0 0.01388340 -12.8900 0.0600 90.0000
 0 0.01501320 -12.8900 0.0600 90.0000
 0 0.01508490 -12.8900 0.0600 90.0000
 0 0.01330110 -12.8900 0.0600 90.0000
 11 0.01335230 -12.8900 0.0600 90.0000
 0 0.02495780 -12.8900 0.0600 90.0000
 0 0.02367260 -12.8900 0.0600 90.0000
 0 0.02494320 -12.8900 0.0600 90.0000
 0 0.02794510 -12.8900 0.0600 90.0000
 0 0.01863170 -12.8900 0.0600 90.0000
 0 0.02189290 -12.8900 0.0600 90.0000
 0 0.02034780 -12.8900 0.0600 90.0000
 0 0.01885280 -12.8900 0.0600 90.0000
 0 0.02101340 -12.8900 0.0600 90.0000
 0 0.02154350 -12.8900 0.0600 90.0000
 0 0.01890680 -12.8900 0.0600 90.0000
 0 0.01582200 -12.8900 0.0600 90.0000
 0 0.01674430 -12.8900 0.0600 90.0000
 0 0.01746450 -12.8900 0.0600 90.0000
 0 0.01537780 -12.8900 0.0600 90.0000
 0 0.01832900 -12.8900 0.0600 90.0000
 0 0.02001420 -12.8900 0.0600 90.0000
 0 0.01725460 -12.8900 0.0600 90.0000
 0 0.01765940 -12.8900 0.0600 90.0000
 0 0.01560410 -12.8900 0.0600 90.0000
 0 0.01474000 -12.8900 0.0600 90.0000
 0 0.01559730 -12.8900 0.0600 90.0000
 0 0.01784860 -12.8900 0.0600 90.0000
 0 0.01745330 -12.8900 0.0600 90.0000
 0 0.01583350 -12.8900 0.0600 90.0000
 0 0.01864970 -12.8900 0.0600 90.0000
 0 0.01893100 -12.8900 0.0600 90.0000
 0 0.01675750 -12.8900 0.0600 90.0000
 0 0.01534820 -12.8900 0.0600 90.0000
 0 0.01577950 -12.8900 0.0600 90.0000
 0 0.01611130 -12.8900 0.0600 90.0000
 0 0.01757840 -12.8900 0.0600 90.0000
 0 0.01563710 -12.8900 0.0600 90.0000
 0 0.01377570 -12.8900 0.0600 90.0000
 0 0.01745810 -12.8900 0.0600 90.0000
 0 0.01769760 -12.8900 0.0600 90.0000
 0 0.01785330 -12.8900 0.0600 90.0000
 0 0.01595260 -12.8900 0.0600 90.0000
 0 0.01546340 -12.8900 0.0600 90.0000
 0 0.01432200 -12.8900 0.0600 90.0000
 0 0.01468570 -12.8900 0.0600 90.0000
 0 0.01516820 -12.8900 0.0600 90.0000
 0 0.01640280 -12.8900 0.0600 90.0000
 0 0.01589030 -12.8900 0.0600 90.0000
 0 0.01663400 -12.8900 0.0600 90.0000
 0 0.01592180 -12.8900 0.0600 90.0000
 0 0.01654970 -12.8900 0.0600 90.0000
 0 0.01746360 -12.8900 0.0600 90.0000
 0 0.01555740 -12.8900 0.0600 90.0000
 0 0.01566500 -12.8900 0.0600 90.0000
 0 0.01668040 -12.8900 0.0600 90.0000
 0 0.01875570 -12.8900 0.0600 90.0000
 0 0.01792610 -12.8900 0.0600 90.0000
 0 0.01632030 -12.8900 0.0600 90.0000
 0 0.01505680 -12.8900 0.0600 90.0000
 0 0.01506490 -12.8900 0.0600 90.0000
 0 0.01784160 -12.8900 0.0600 90.0000
 0 0.01530590 -12.8900 0.0600 90.0000
 0 0.01656620 -12.8900 0.0600 90.0000
 0 0.01753120 -12.8900 0.0600 90.0000
 0 0.01585330 -12.8900 0.0600 90.0000
 0 0.01545460 -12.8900 0.0600 90.0000
 0 0.01904140 -12.8900 0.0600 90.0000
 0 0.01696930 -12.8900 0.0600 90.0000
 0 0.01621780 -12.8900 0.0600 90.0000
 0 0.01776410 -12.8900 0.0600 90.0000
 0 0.01583170 -12.8900 0.0600 90.0000
 0 0.02033790 -12.8900 0.0600 90.0000
 0 0.01952610 -12.8900 0.0600 90.0000
 0 0.01746840 -12.8900 0.0600 90.0000
 0 0.01642160 -12.8900 0.0600 90.0000
 0 0.01583410 -12.8900 0.0600 90.0000
 0 0.01781710 -12.8900 0.0600 90.0000
 0 0.01784650 -12.8900 0.0600 90.0000
 0 0.01989150 -12.8900 0.0600 90.0000
 0 0.01653630 -12.8900 0.0600 90.0000
 0 0.01480900 -12.8900 0.0600 90.0000
 0 0.01823280 -12.8900 0.0600 90.0000
 0 0.01679140 -12.8900 0.0600 90.0000
 0 0.01502670 -12.8900 0.0600 90.0000
 0 0.02544480 -12.8900 0.0600 90.0000
 0 0.02832340 -12.8900 0.0600 90.0000
 0 0.02836930 -12.8900 0.0600 90.0000
 0 0.18405780 -12.8900 0.0600 90.0000
 0 0.03585890 -12.8900 0.0600 90.0000
 0 0.02950870 -12.8900 0.0600 90.0000
 0 0.05408760 -12.8900 0.0600 90.0000
 0 0.02252100 -12.8900 0.0600 90.0000
 0 0.01788700 -12.8900 0.0600 90.0000
 0 0.01515020 -12.8900 0.0600 90.0000
 0 0.01867880 -12.8900 0.0600 90.0000
 0 0.01718260 -12.8900 0.0600 90.0000
 0 0.01648120 -12.8900 0.0600 90.0000
 0 0.01725710 -12.8900 0.0600 90.0000
 0 0.01811450 -12.8900 0.0600 90.0000
 0 0.02072570 -12.8900 0.0600 90.0000
 0 0.02171360 -12.8900 0.0600 90.0000
 0 0.03084420 -12.8900 0.0600 90.0000
 0 0.03110150 -12.8900 0.0600 90.0000
 0 0.03024390 -12.8900 0.0600 90.0000
 0 0.02390610 -12.8900 0.0600 90.0000
 0 0.01988680 -12.8900 0.0600 90.0000
 0 0.01866480 -12.8900 0.0600 90.0000
 0 0.01933230 -12.8900 0.0600 90.0000
 0 0.02032420 -12.8900 0.0600 90.0000
 0 0.01729470 -12.8900 0.0600 90.0000
 0 0.01876980 -12.8900 0.0600 90.0000
 0 0.01879750 -12.8900 0.0600 90.0000
 0 0.01856430 -12.8900 0.0600 90.0000
 0 0.01752730 -12.8900 0.0600 90.0000
 0 0.01599080 -12.8900 0.0600 90.0000
 0 0.02179780 -12.8900 0.0600 90.0000
 0 0.02316750 -12.8900 0.0600 90.0000
 0 0.01773820 -12.8900 0.0600 90.0000
 0 0.01678960 -12.8900 0.0600 90.0000
 0 0.01895080 -12.8900 0.0600 90.0000
 0 0.01975580 -12.8900 0.0600 90.0000
 0 0.02768200 -12.8900 0.0600 90.0000
 0 0.02892800 -12.8900 0.0600 90.0000
 0 0.03582740 -12.8900 0.0600 90.0000
 0 0.01973680 -12.8900 0.0600 90.0000
 0 0.01990230 -12.8900 0.0600 90.0000
 0 0.01804060 -12.8900 0.0600 90.0000
 0 0.01843310 -12.8900 0.0600 90.0000
 0 0.02324410 -12.8900 0.0600 90.0000
 0 0.02015270 -12.8900 0.0600 90.0000
 0 0.02280560 -12.8900 0.0600 90.0000
 0 0.02139850 -12.8900 0.0600 90.0000
 0 0.01670200 -12.8900 0.0600 90.0000
 0 0.02046890 -12.8900 0.0600 90.0000
 0 0.02112360 -12.8900 0.0600 90.0000
 0 0.01925110 -12.8900 0.0600 90.0000
 0 0.02352280 -12.8900 0.0600 90.0000
 0 0.02099100 -12.8900 0.0600 90.0000
 0 0.02581050 -12.8900 0.0600 90.0000
 0 0.07164580 -12.8900 0.0600 90.0000
 21 0.12384260 -12.8900 0.0600 90.0000
 0 0.13863140 -12.8900 0.0600 90.0000
 0 0.07762250 -12.8900 0.0600 90.0000
 0 0.14579810 -12.8900 0.0600 90.0000
 0 0.14019770 -12.8900 0.0600 90.0000
 0 0.04367440 -12.8900 0.0600 90.0000
 0 0.03823190 -12.8900 0.0600 90.0000
 0 0.02333840 -12.8900 0.0600 90.0000
 0 0.03444730 -12.8900 0.0600 90.0000
 0 0.02928800 -12.8900 0.0600 90.0000
 0 0.04302790 -12.8900 0.0600 90.0000
 0 0.06669230 -12.8900 0.0600 90.0000
 0 0.05026120 -12.8900 0.0600 90.0000
 0 0.05577970 -12.8900 0.0600 90.0000
 0 0.04273450 -12.8900 0.0600 90.0000
 0 0.03918310 -12.8900 0.0600 90.0000
 0 0.02558270 -12.8900 0.0600 90.0000
 0 0.02567980 -12.8900 0.0600 90.0000
 0 0.02796890 -12.8900 0.0600 90.0000
 0 0.03189360 -12.8900 0.0600 90.0000
 0 0.03015310 -12.8900 0.0600 90.0000
 0 0.02958930 -12.8900 0.0600 90.0000
 0 0.02717820 -12.8900 0.0600 90.0000
 0 0.02795480 -12.8900 0.0600 90.0000
 0 0.03358280 -12.8900 0.0600 90.0000
 0 0.02917190 -12.8900 0.0600 90.0000
 0 0.02615600 -12.8900 0.0600 90.0000
 0 0.02065740 -12.8900 0.0600 90.0000
 0 0.03239770 -12.8900 0.0600 90.0000
 0 0.02667820 -12.8900 0.0600 90.0000
 0 0.04285530 -12.8900 0.0600 90.0000
 0 0.03443290 -12.8900 0.0600 90.0000
 0 0.03660860 -12.8900 0.0600 90.0000
 0 0.03301630 -12.8900 0.0600 90.0000
 0 0.02823620 -12.8900 0.0600 90.0000
 0 0.04154800 -12.8900 0.0600 90.0000
 0 0.03066050 -12.8900 0.0600 90.0000
 0 0.02497690 -12.8900 0.0600 90.0000
 0 0.02705180 -12.8900 0.0600 90.0000
 0 0.03059100 -12.8900 0.0600 90.0000
 0 0.02606420 -12.8900 0.0600 90.0000
 0 0.02996970 -12.8900 0.0600 90.0000
 0 0.03009670 -12.8900 0.0600 90.0000
 0 0.02686890 -12.8900 0.0600 90.0000
 0 0.02320000 -12.8900 0.0600 90.0000
 0 0.02810670 -12.8900 0.0600 90.0000
 0 0.04715140 -12.8900 0.0600 90.0000
 0 0.02284290 -12.8900 0.0600 90.0000
 0 0.02922130 -12.8900 0.0600 90.0000
 0 0.02976480 -12.8900 0.0600 90.0000
 0 0.03128450 -12.8900 0.0600 90.0000
 0 0.02630850 -12.8900 0.0600 90.0000
 0 0.03074950 -12.8900 0.0600 90.0000
 0 0.02916930 -12.8900 0.0600 90.0000
 0 0.02852390 -12.8900 0.0600 90.0000
 0 0.05732060 -12.8900 0.0600 90.0000
 0 0.03081010 -12.8900 0.0600 90.0000
 0 0.03025420 -12.8900 0.0600 90.0000
 0 0.02729800 -12.8900 0.0600 90.0000
 0 0.02895630 -12.8900 0.0600 90.0000
 0 0.03080640 -12.8900 0.0600 90.0000
 0 0.03955530 -12.8900 0.0600 90.0000
 0 0.03539860 -12.8900 0.0600 90.0000
 0 0.02206160 -12.8900 0.0600 90.0000
 0 0.03783570 -12.8900 0.0600 90.0000
 0 0.03868400 -12.8900 0.0600 90.0000
 0 0.02903910 -12.8900 0.0600 90.0000
 0 0.04551630 -12.8900 0.0600 90.0000
 0 0.02837990 -12.8900 0.0600 90.0000
 0 0.02701290 -12.8900 0.0600 90.0000
 0 0.02939930 -12.8900 0.0600 90.0000
 0 0.03166750 -12.8900 0.0600 90.0000
 0 0.02547820 -12.8900 0.0600 90.0000
 0 0.02981850 -12.8900 0.0600 90.0000
 0 0.02560360 -12.8900 0.0600 90.0000
 0 0.02230900 -12.8900 0.0600 90.0000
 0 0.04372560 -12.8900 0.0600 90.0000
 0 0.02274280 -12.8900 0.0600 90.0000
 0 0.02471380 -12.8900 0.0600 90.0000
 0 0.02772730 -12.8900 0.0600 90.0000
 0 0.02703160 -12.8900 0.0600 90.0000
 0 0.03521360 -12.8900 0.0600 90.0000
 0 0.02917910 -12.8900 0.0600 90.0000
 0 0.03273300 -12.8900 0.0600 90.0000
 0 0.03126460 -12.8900 0.0600 90.0000
 0 0.02868720 -12.8900 0.0600 90.0000
 0 0.03190980 -12.8900 0.0600 90.0000
 0 0.04181300 -12.8900 0.0600 90.0000
 0 0.06642840 -12.8900 0.0600 90.0000
 0 0.06404530 -12.8900 0.0600 90.0000
 0 0.04624100 -12.8900 0.0600 90.0000
 0 0.04974440 -12.8900 0.0600 90.0000
 0 0.02722750 -12.8900 0.0600 90.0000
 0 0.02880070 -12.8900 0.0600 90.0000
 0 0.04598980 -12.8900 0.0600 90.0000
 0 0.02638170 -12.8900 0.0600 90.0000
 0 0.03045090 -12.8900 0.0600 90.0000
 0 0.02911020 -12.8900 0.0600 90.0000
 0 0.03403800 -12.8900 0.0600 90.0000
 0 0.02796740 -12.8900 0.0600 90.0000
 0 0.02432720 -12.8900 0.0600 90.0000
 0 0.02960000 -12.8900 0.0600 90.0000
 0 0.03617720 -12.8900 0.0600 90.0000
 0 0.03327080 -12.8900 0.0600 90.0000
 0 0.02097060 -12.8900 0.0600 90.0000
 0 0.02312330 -12.8900 0.0600 90.0000
 0 0.02375050 -12.8900 0.0600 90.0000
 0 0.02045010 -12.8900 0.0600 90.0000
 0 0.01844930 -12.8900 0.0600 90.0000
 0 0.02119760 -12.8900 0.0600 90.0000
 0 0.02190810 -12.8900 0.0600 90.0000
 0 0.02867290 -12.8900 0.0600 90.0000
 0 0.02120890 -12.8900 0.0600 90.0000
 0 0.01972100 -12.8900 0.0600 90.0000
 0 0.02093680 -12.8900 0.0600 90.0000
 0 0.02473370 -12.8900 0.0600 90.0000
 0 0.02586880 -12.8900 0.0600 90.0000
 0 0.02142640 -12.8900 0.0600 90.0000
 0 0.02569720 -12.8900 0.0600 90.0000
 0 0.02353490 -12.8900 0.0600 90.0000
 0 0.02306900 -12.8900 0.0600 90.0000
 0 0.02219680 -12.8900 0.0600 90.0000
 0 0.02050730 -12.8900 0.0600 90.0000
 0 0.01864300 -12.8900 0.0600 90.0000
 0 0.02304490 -12.8900 0.0600 90.0000
 0 0.02424450 -12.8900 0.0600 90.0000
 0 0.07927980 -12.8900 0.0600 90.0000
 0 0.05478160 -12.8900 0.0600 90.0000
 0 0.03262290 -12.8900 0.0600 90.0000
 0 0.02797440 -12.8900 0.0600 90.0000
 0 0.06306420 -12.8900 0.0600 90.0000
 0 0.02869320 -12.8900 0.0600 90.0000
 0 0.01879520 -12.8900 0.0600 90.0000
 0 0.02026840 -12.8900 0.0600 90.0000
 0 0.02705550 -12.8900 0.0600 90.0000
 0 0.02787460 -12.8900 0.0600 90.0000
 0 0.02459350 -12.8900 0.0600 90.0000
 0 0.03019740 -12.8900 0.0600 90.0000
 0 0.03385090 -12.8900 0.0600 90.0000
 0 0.02355520 -12.8900 0.0600 90.0000
 0 0.02420720 -12.8900 0.0600 90.0000
 0 0.04149050 -12.8900 0.0600 90.0000
 0 0.02914590 -12.8900 0.0600 90.0000
 0 0.04492630 -12.8900 0.0600 90.0000
 0 0.03639170 -12.8900 0.0600 90.0000
 0 0.02399210 -12.8900 0.0600 90.0000
 0 0.02109710 -12.8900 0.0600 90.0000
 0 0.02448110 -12.8900 0.0600 90.0000
 0 0.02737130 -12.8900 0.0600 90.0000
 0 0.02166580 -12.8900 0.0600 90.0000
 0 0.02500590 -12.8900 0.0600 90.0000
 0 0.02135730 -12.8900 0.0600 90.0000
 0 0.02229220 -12.8900 0.0600 90.0000
 0 0.03325740 -12.8900 0.0600 90.0000
 0 0.02219370 -12.8900 0.0600 90.0000
 0 0.33333330 -12.8900 0.0600 90.0000
 0 0.33333330 -12.8900 0.0600 90.0000
 0 0.32631000 -12.8900 0.0600 90.0000
