Version: Taxi Continuous/Discontinuous v4.1.9723.39829
TriggerVersion: v4
TaskType: Discontinuous
MazeName: DTL Cam
NumberOfTrials: 1
PosterLocations: 
CompletionWindow: 60000
TimeoutDuration: 60000000
IntersessionInterval: 1000
RewardTime: 1000
RewardViewCriteria: 45
RotationSpeed: 5
MovementSpeed: 5
JoystickDeadzone: 0
AngleRestrictionAmount: 0
RequiredDistance: 1
ProximityDistance: 1
DirectionErrorDistance: 0.5
isJoystickEnabled: False
isReverseEnabled: True
isForwardEnabled: True
isRightEnabled: True
isLeftEnabled: True
isYInverted: False
isXInverted: False
RestartOnTrialFail: True
ResetPositionOnTrial: True
FaceRandomDirectionOnStart: False
MultipleWaypoints: False
DisableInterSessionBlackout: True
ResetPositionOnSession: False
EnableDirectionError: False
DisableHint: False
EnableRewardAreaError: False
RewardAreaErrorTime: -1
--- Start of Dataset --- 

 0 0.01522820 0.0000 -10.1059 0.0004
 0 0.06325320 0.0000 -10.1059 0.0004
 0 0.00495860 0.0000 -10.1059 0.0004
 0 0.00799000 0.0000 -10.1059 0.0004
 0 0.01759890 0.0000 -10.1059 0.0004
 0 0.00355710 0.0000 -10.1059 0.0004
 0 0.00557110 0.0000 -10.1059 0.0004
 0 0.01425290 0.0000 -10.1059 0.0004
 0 0.01486290 0.0000 -10.1059 0.0004
 0 0.01823050 0.0000 -10.1059 0.0004
 0 0.01695920 0.0000 -10.1059 0.0004
 84 0.01695920 -12.8900 0.0600 90.0000
 0 0.01695920 -12.8900 0.0600 90.0000
 0 0.02000000 -12.8900 0.0600 90.0000
 0 0.01815880 -12.8900 0.0600 90.0000
 0 0.01385130 -12.8900 0.0600 90.0000
 0 0.01632900 -12.8900 0.0600 90.0000
 0 0.01720540 -12.8900 0.0600 90.0000
 0 0.01705330 -12.8900 0.0600 90.0000
 0 0.01551420 -12.8900 0.0600 90.0000
 0 0.01732770 -12.8900 0.0600 90.0000
 0 0.01957720 -12.8900 0.0600 90.0000
 0 0.01622390 -12.8900 0.0600 90.0000
 0 0.01468280 -12.8900 0.0600 90.0000
 0 0.01841490 -12.8900 0.0600 90.0000
 0 0.01599590 -12.8900 0.0600 90.0000
 0 0.01665730 -12.8900 0.0600 90.0000
 0 0.01583170 -12.8900 0.0600 90.0000
 0 0.01707100 -12.8900 0.0600 90.0000
 0 0.01731090 -12.8900 0.0600 90.0000
 0 0.01634060 -12.8900 0.0600 90.0000
 0 0.01702430 -12.8900 0.0600 90.0000
 0 0.01645050 -12.8900 0.0600 90.0000
 0 0.01695970 -12.8900 0.0600 90.0000
 0 0.01600640 -12.8900 0.0600 90.0000
 0 0.01933410 -12.8900 0.0600 90.0000
 0 0.01609270 -12.8900 0.0600 90.0000
 0 0.01730200 -12.8900 0.0600 90.0000
 0 0.01610750 -12.8900 0.0600 90.0000
 0 0.01659760 -12.8900 0.0600 90.0000
 0 0.01708470 -12.8900 0.0600 90.0000
 0 0.01681280 -12.8900 0.0600 90.0000
 0 0.01628480 -12.8900 0.0600 90.0000
 0 0.01518860 -12.8900 0.0600 90.0000
 0 0.01632860 -12.8900 0.0600 90.0000
 0 0.01726120 -12.8900 0.0600 90.0000
 0 0.01622010 -12.8900 0.0600 90.0000
 0 0.01668900 -12.8900 0.0600 90.0000
 0 0.01657190 -12.8900 0.0600 90.0000
 0 0.01821950 -12.8900 0.0600 90.0000
 0 0.01716370 -12.8900 0.0600 90.0000
 0 0.01614340 -12.8900 0.0600 90.0000
 0 0.01678570 -12.8900 0.0600 90.0000
 0 0.01657230 -12.8900 0.0600 90.0000
 0 0.01848770 -12.8900 0.0600 90.0000
 0 0.01617230 -12.8900 0.0600 90.0000
 0 0.01554890 -12.8900 0.0600 90.0000
 0 0.01623500 -12.8900 0.0600 90.0000
 0 0.01777270 -12.8900 0.0600 90.0000
 0 0.01625520 -12.8900 0.0600 90.0000
 0 0.01606430 -12.8900 0.0600 90.0000
 0 0.01683850 -12.8900 0.0600 90.0000
 0 0.01552670 -12.8900 0.0600 90.0000
 0 0.02364070 -12.8900 0.0600 90.0000
 0 0.00921960 -12.8900 0.0600 90.0000
 11 0.01681240 -12.8900 0.0600 90.0000
 0 0.10122520 -12.8900 0.0600 90.0000
 0 0.01012350 -12.8900 0.0600 90.0000
 0 0.00341170 -12.8900 0.0600 90.0000
 0 0.00282530 -12.8900 0.0600 90.0000
 0 0.00288900 -12.8900 0.0600 90.0000
 0 0.01097270 -12.8900 0.0600 90.0000
 0 0.01642610 -12.8900 0.0600 90.0000
 0 0.01642930 -12.8900 0.0600 90.0000
 0 0.01926170 -12.8900 0.0600 90.0000
 0 0.01443240 -12.8900 0.0600 90.0000
 0 0.02060050 -12.8900 0.0600 90.0000
 0 0.01362940 -12.8900 0.0600 90.0000
 0 0.01719810 -12.8900 0.0600 90.0000
 0 0.01858070 -12.8900 0.0600 90.0000
 0 0.01801900 -12.8900 0.0600 90.0000
 0 0.01711850 -12.8900 0.0600 90.0000
 0 0.01929800 -12.8900 0.0600 90.0000
 0 0.01343420 -12.8900 0.0600 90.0000
 0 0.01791220 -12.8900 0.0600 90.0000
 0 0.01575200 -12.8900 0.0600 90.0000
 0 0.01720810 -12.8900 0.0600 90.0000
 0 0.01573270 -12.8900 0.0600 90.0000
 0 0.03525510 -12.8900 0.0600 90.0000
 0 0.01458460 -12.8900 0.0600 90.0000
 0 0.01416410 -12.8900 0.0600 90.0000
 0 0.01490950 -12.8900 0.0600 90.0000
 0 0.01645820 -12.8900 0.0600 90.0000
 0 0.01658180 -12.8900 0.0600 90.0000
 0 0.01905760 -12.8900 0.0600 90.0000
 0 0.01665570 -12.8900 0.0600 90.0000
 0 0.01419950 -12.8900 0.0600 90.0000
 0 0.01818970 -12.8900 0.0600 90.0000
 0 0.01521430 -12.8900 0.0600 90.0000
 0 0.01752040 -12.8900 0.0600 90.0000
 0 0.01713330 -12.8900 0.0600 90.0000
 0 0.01749760 -12.8900 0.0600 90.0000
 0 0.01870310 -12.8900 0.0600 90.0000
 0 0.01278130 -12.8900 0.0600 90.0000
 0 0.01748260 -12.8900 0.0600 90.0000
 0 0.01846200 -12.8900 0.0600 90.0000
 0 0.01415110 -12.8900 0.0600 90.0000
 0 0.01694560 -12.8900 0.0600 90.0000
 0 0.01705870 -12.8900 0.0600 90.0000
 0 0.01639190 -12.8900 0.0600 90.0000
 0 0.01677900 -12.8900 0.0600 90.0000
 0 0.01573080 -12.8900 0.0600 90.0000
 0 0.01734090 -12.8900 0.0600 90.0000
 0 0.01853130 -12.8900 0.0600 90.0000
 0 0.01623720 -12.8900 0.0600 90.0000
 0 0.01695190 -12.8900 0.0600 90.0000
 0 0.01710950 -12.8900 0.0600 90.0000
 0 0.01693070 -12.8900 0.0600 90.0000
 0 0.01503270 -12.8900 0.0600 90.0000
 0 0.01604260 -12.8900 0.0600 90.0000
 0 0.01668120 -12.8900 0.0600 90.0000
 0 0.01687660 -12.8900 0.0600 90.0000
 0 0.01723690 -12.8900 0.0600 90.0000
 0 0.01717820 -12.8900 0.0600 90.0000
 0 0.01531350 -12.8900 0.0600 90.0000
 0 0.01821660 -12.8900 0.0600 90.0000
 0 0.01613860 -12.8900 0.0600 90.0000
 0 0.01699530 -12.8900 0.0600 90.0000
 0 0.01463940 -12.8900 0.0600 90.0000
 0 0.01476570 -12.8900 0.0600 90.0000
 0 0.01848740 -12.8900 0.0600 90.0000
 0 0.01719560 -12.8900 0.0600 90.0000
 0 0.01649000 -12.8900 0.0600 90.0000
 0 0.01813990 -12.8900 0.0600 90.0000
 0 0.01825280 -12.8900 0.0600 90.0000
 0 0.01373890 -12.8900 0.0600 90.0000
 0 0.01672040 -12.8900 0.0600 90.0000
 0 0.01963420 -12.8900 0.0600 90.0000
 0 0.01305540 -12.8900 0.0600 90.0000
 0 0.01923670 -12.8900 0.0600 90.0000
 0 0.01425540 -12.8900 0.0600 90.0000
 0 0.01872290 -12.8900 0.0600 90.0000
 0 0.01634570 -12.8900 0.0600 90.0000
 0 0.01502980 -12.8900 0.0600 90.0000
 0 0.01655480 -12.8900 0.0600 90.0000
 0 0.01632630 -12.8900 0.0600 90.0000
 0 0.01893860 -12.8900 0.0600 90.0000
 0 0.01491650 -12.8900 0.0600 90.0000
 0 0.01721160 -12.8900 0.0600 90.0000
 0 0.01634060 -12.8900 0.0600 90.0000
 0 0.01608030 -12.8900 0.0600 90.0000
 0 0.01667010 -12.8900 0.0600 90.0000
 0 0.01879760 -12.8900 0.0600 90.0000
 0 0.01714850 -12.8900 0.0600 90.0000
 0 0.01143610 -12.8900 0.0600 90.0000
 0 0.02155300 -12.8900 0.0600 90.0000
 0 0.01446180 -12.8900 0.0600 90.0000
 0 0.01843620 -12.8900 0.0600 90.0000
 0 0.01677070 -12.8900 0.0600 90.0000
 0 0.01456680 -12.8900 0.0600 90.0000
 0 0.01709980 -12.8900 0.0600 90.0000
 0 0.01653370 -12.8900 0.0600 90.0000
 0 0.01954860 -12.8900 0.0600 90.0000
 0 0.01534710 -12.8900 0.0600 90.0000
 0 0.01568500 -12.8900 0.0600 90.0000
 0 0.01866340 -12.8900 0.0600 90.0000
 0 0.01340070 -12.8900 0.0600 90.0000
 0 0.01870550 -12.8900 0.0600 90.0000
 0 0.01811240 -12.8900 0.0600 90.0000
 0 0.01662960 -12.8900 0.0600 90.0000
 0 0.01738430 -12.8900 0.0600 90.0000
 0 0.01523730 -12.8900 0.0600 90.0000
 0 0.01673680 -12.8900 0.0600 90.0000
 0 0.01643470 -12.8900 0.0600 90.0000
 0 0.01608430 -12.8900 0.0600 90.0000
 0 0.01478050 -12.8900 0.0600 90.0000
 0 0.01913100 -12.8900 0.0600 90.0000
 0 0.01647820 -12.8900 0.0600 90.0000
 0 0.01463360 -12.8900 0.0600 90.0000
 0 0.01612140 -12.8900 0.0600 90.0000
 0 0.01785920 -12.8900 0.0600 90.0000
 0 0.01598540 -12.8900 0.0600 90.0000
 0 0.01489490 -12.8900 0.0600 90.0000
 0 0.01919610 -12.8900 0.0600 90.0000
 0 0.01707340 -12.8900 0.0600 90.0000
 0 0.01638430 -12.8900 0.0600 90.0000
 0 0.01667770 -12.8900 0.0600 90.0000
 0 0.01643550 -12.8900 0.0600 90.0000
 0 0.01988090 -12.8900 0.0600 90.0000
 0 0.01383690 -12.8900 0.0600 90.0000
 0 0.01813410 -12.8900 0.0600 90.0000
 0 0.01601720 -12.8900 0.0600 90.0000
 0 0.01663910 -12.8900 0.0600 90.0000
 0 0.01548730 -12.8900 0.0600 90.0000
 0 0.01771410 -12.8900 0.0600 90.0000
 0 0.01402300 -12.8900 0.0600 90.0000
 0 0.01768510 -12.8900 0.0600 90.0000
 0 0.01548630 -12.8900 0.0600 90.0000
 0 0.01798450 -12.8900 0.0600 90.0000
 0 0.01700490 -12.8900 0.0600 90.0000
 0 0.01750050 -12.8900 0.0600 90.0000
 0 0.01923430 -12.8900 0.0600 90.0000
 0 0.01350450 -12.8900 0.0600 90.0000
 0 0.01640810 -12.8900 0.0600 90.0000
 0 0.01545380 -12.8900 0.0600 90.0000
 0 0.01941360 -12.8900 0.0600 90.0000
 0 0.01560840 -12.8900 0.0600 90.0000
 0 0.01642890 -12.8900 0.0600 90.0000
 0 0.01664530 -12.8900 0.0600 90.0000
 0 0.01713560 -12.8900 0.0600 90.0000
 0 0.01932110 -12.8900 0.0600 90.0000
 0 0.01792880 -12.8900 0.0600 90.0000
 0 0.01556530 -12.8900 0.0600 90.0000
 0 0.01582870 -12.8900 0.0600 90.0000
 0 0.01731300 -12.8900 0.0600 90.0000
 0 0.01621370 -12.8900 0.0600 90.0000
 0 0.02100310 -12.8900 0.0600 90.0000
 0 0.01690220 -12.8900 0.0600 90.0000
 0 0.01666630 -12.8900 0.0600 90.0000
 0 0.01643490 -12.8900 0.0600 90.0000
 0 0.01555560 -12.8900 0.0600 90.0000
 0 0.01803080 -12.8900 0.0600 90.0000
 0 0.01579090 -12.8900 0.0600 90.0000
 0 0.01256730 -12.8900 0.0600 90.0000
 0 0.01579890 -12.8900 0.0600 90.0000
 0 0.01528370 -12.8900 0.0600 90.0000
 0 0.01473210 -12.8900 0.0600 90.0000
 0 0.01811530 -12.8900 0.0600 90.0000
 0 0.01653990 -12.8900 0.0600 90.0000
 0 0.01644100 -12.8900 0.0600 90.0000
 0 0.01713000 -12.8900 0.0600 90.0000
 0 0.01762670 -12.8900 0.0600 90.0000
 0 0.01516470 -12.8900 0.0600 90.0000
 0 0.01719200 -12.8900 0.0600 90.0000
 0 0.01748680 -12.8900 0.0600 90.0000
 0 0.01724370 -12.8900 0.0600 90.0000
 0 0.01687020 -12.8900 0.0600 90.0000
 0 0.01638450 -12.8900 0.0600 90.0000
 0 0.01705600 -12.8900 0.0600 90.0000
 0 0.01655630 -12.8900 0.0600 90.0000
 0 0.01677390 -12.8900 0.0600 90.0000
 0 0.01604530 -12.8900 0.0600 90.0000
 0 0.01729420 -12.8900 0.0600 90.0000
 0 0.01627970 -12.8900 0.0600 90.0000
 0 0.01752680 -12.8900 0.0600 90.0000
 0 0.01654960 -12.8900 0.0600 90.0000
 0 0.01693620 -12.8900 0.0600 90.0000
 0 0.01429450 -12.8900 0.0600 90.0000
 21 0.01875570 -12.8900 0.0600 90.0000
 0 0.01555300 -12.8900 0.0600 90.0000
 0 0.01770320 -12.8900 0.0600 90.0000
 0 0.01644330 -12.8900 0.0600 90.0000
 0 0.01725430 -12.8900 0.0600 90.0000
 0 0.01629070 -12.8900 0.0600 90.0000
 0 0.01922840 -12.8900 0.0600 90.0000
 0 0.01581350 -12.8900 0.0600 90.0000
 0 0.01778650 -12.8900 0.0600 90.0000
 0 0.01619370 -12.8900 0.0600 90.0000
 0 0.01617210 -12.8900 0.0600 90.0000
 0 0.01640310 -12.8900 0.0600 90.0000
 0 0.01627270 -12.8900 0.0600 90.0000
 0 0.01512770 -12.8900 0.0600 90.0000
 0 0.01561750 -12.8900 0.0600 90.0000
 0 0.01817890 -12.8900 0.0600 90.0000
 0 0.01525510 -12.8900 0.0600 90.0000
 0 0.01894090 -12.8900 0.0600 90.0000
 0 0.01605620 -12.8900 0.0600 90.0000
 0 0.01592080 -12.8900 0.0600 90.0000
 0 0.01422380 -12.8900 0.0600 90.0000
 0 0.01787040 -12.8900 0.0600 90.0000
 0 0.01700110 -12.8900 0.0600 90.0000
 0 0.01532210 -12.8900 0.0600 90.0000
 0 0.01885110 -12.8900 0.0600 90.0000
 0 0.01806880 -12.8900 0.0600 90.0000
 0 0.01681720 -12.8900 0.0600 90.0000
 0 0.01658710 -12.8900 0.0600 90.0000
 0 0.01661610 -12.8900 0.0600 90.0000
 0 0.01699980 -12.8900 0.0600 90.0000
 0 0.01643910 -12.8900 0.0600 90.0000
 0 0.01496770 -12.8900 0.0600 90.0000
 0 0.01732150 -12.8900 0.0600 90.0000
 0 0.01552180 -12.8900 0.0600 90.0000
 0 0.01627830 -12.8900 0.0600 90.0000
 0 0.01570660 -12.8900 0.0600 90.0000
 0 0.02040940 -12.8900 0.0600 90.0000
 0 0.01506510 -12.8900 0.0600 90.0000
 0 0.01626880 -12.8087 0.0600 90.0000
 0 0.01748940 -12.7212 0.0600 90.0000
 0 0.01616970 -12.6404 0.0600 90.0000
 0 0.01758490 -12.5524 0.0600 90.0000
 0 0.01696060 -12.4676 0.0600 90.0000
 0 0.01508720 -12.3922 0.0600 90.0000
 0 0.01697960 -12.3073 0.0600 90.0000
 0 0.01714180 -12.2216 0.0600 90.0000
 0 0.01746830 -12.1343 0.0600 90.0000
 0 0.01714190 -12.1343 0.0600 90.0000
 0 0.01578890 -12.1343 0.0600 90.0000
 0 0.01523770 -12.1343 0.0600 90.0000
 0 0.01759850 -12.1343 0.0600 90.0000
 0 0.01671590 -12.1343 0.0600 90.0000
 0 0.01674540 -12.1343 0.0600 90.0000
 0 0.01604970 -12.1343 0.0600 90.0000
 0 0.01745240 -12.1343 0.0600 90.0000
 0 0.01540470 -12.1343 0.0600 90.0000
 0 0.01606820 -12.1343 0.0600 90.0000
 0 0.01697270 -12.1343 0.0600 90.0000
 0 0.01715240 -12.1343 0.0600 90.0000
 0 0.01629970 -12.1343 0.0600 90.0000
 0 0.01808060 -12.1343 0.0600 90.0000
 0 0.01624500 -12.1343 0.0600 90.0000
 0 0.01695020 -12.1343 0.0600 90.0000
 0 0.01725220 -12.1343 0.0600 90.0000
 0 0.01479810 -12.1343 0.0600 90.0000
 0 0.01654380 -12.1343 0.0600 90.0000
 0 0.01621450 -12.1343 0.0600 90.0000
 0 0.01684880 -12.1343 0.0600 90.0000
 0 0.01635170 -12.0525 0.0600 90.0000
 0 0.01674800 -11.9688 0.0600 90.0000
 0 0.01637420 -11.8869 0.0600 90.0000
 0 0.01659950 -11.8039 0.0600 90.0000
 0 0.01692570 -11.7193 0.0600 90.0000
 0 0.01840910 -11.6272 0.0600 90.0000
 0 0.01710860 -11.5417 0.0600 90.0000
 0 0.01457730 -11.4688 0.0600 90.0000
 0 0.01680830 -11.3847 0.0600 90.0000
 0 0.01670930 -11.3012 0.0600 90.0000
 0 0.01755810 -11.2134 0.0600 90.0000
 0 0.01397330 -11.1435 0.0600 90.0000
 0 0.01790970 -11.0540 0.0600 90.0000
 0 0.01687520 -10.9696 0.0600 90.0000
 0 0.01735350 -10.8828 0.0600 90.0000
 0 0.01608990 -10.8024 0.0600 90.0000
 0 0.01873020 -10.7087 0.0600 90.0000
 0 0.01503910 -10.6335 0.0600 90.0000
 0 0.01681150 -10.5495 0.0600 90.0000
 0 0.01919580 -10.4535 0.0600 90.0000
 0 0.01501260 -10.3785 0.0600 90.0000
 0 0.01830460 -10.2869 0.0600 90.0000
 0 0.01421890 -10.2158 0.0600 90.0000
 0 0.01613620 -10.1352 0.0600 90.0000
 0 0.01743820 -10.0480 0.0600 90.0000
 0 0.01601240 -9.9679 0.0600 90.0000
 0 0.01695900 -9.8831 0.0600 90.0000
 0 0.01605080 -9.8028 0.0600 90.0000
 0 0.01734510 -9.7161 0.0600 90.0000
 0 0.01687070 -9.6318 0.0600 90.0000
 0 0.01832510 -9.5401 0.0600 90.0000
 0 0.01397490 -9.4703 0.0600 90.0000
 0 0.01627870 -9.3889 0.0600 90.0000
 0 0.01920860 -9.2928 0.0600 90.0000
 0 0.01718520 -9.2069 0.0600 90.0000
 0 0.01461050 -9.1339 0.0600 90.0000
 0 0.01632280 -9.0522 0.0599 90.0816
 0 0.01626120 -8.9709 0.0597 90.1629
 0 0.01672030 -8.8873 0.0593 90.2465
 0 0.02011780 -8.7867 0.0587 90.3471
 0 0.01637000 -8.7049 0.0581 90.4290
 0 0.01802770 -8.6148 0.0573 90.5191
 0 0.01795950 -8.5250 0.0563 90.6089
 0 0.01546580 -8.4476 0.0554 90.6862
 0 0.01877100 -8.3538 0.0541 90.7801
 0 0.01466920 -8.2805 0.0530 90.8534
 0 0.01682080 -8.1964 0.0516 90.9375
 0 0.01646900 -8.1140 0.0502 91.0199
 0 0.01723530 -8.0279 0.0485 91.1061
 0 0.01661490 -7.9448 0.0468 91.1891
 0 0.01886810 -7.8505 0.0447 91.2835
 0 0.01249320 -7.7881 0.0433 91.2835
 0 0.01638760 -7.7061 0.0414 91.2835
 0 0.01498500 -7.6312 0.0397 91.2835
 0 0.01519610 -7.5553 0.0380 91.2835
 0 0.01839870 -7.4633 0.0360 91.2835
 0 0.01830240 -7.3718 0.0339 91.2835
 0 0.01399980 -7.3018 0.0324 91.2835
 0 0.01717000 -7.2160 0.0304 91.2835
 0 0.01557220 -7.1382 0.0287 91.2835
 0 0.02099560 -7.0332 0.0263 91.2835
 0 0.01494720 -6.9585 0.0247 91.2835
 0 0.01740440 -6.8715 0.0227 91.2835
 0 0.01319580 -6.8055 0.0212 91.2835
 0 0.01781530 -6.7165 0.0193 91.2835
 0 0.01881780 -6.6224 0.0171 91.2835
 0 0.01417300 -6.5516 0.0156 91.2835
 0 0.01948600 -6.4542 0.0134 91.2835
 0 0.01398240 -6.3843 0.0118 91.2835
 0 0.01653520 -6.3016 0.0100 91.2835
 0 0.01730290 -6.2151 0.0080 91.2835
 0 0.01674370 -6.1314 0.0061 91.2835
 0 0.01811660 -6.0409 0.0041 91.2835
 0 0.01565520 -5.9626 0.0024 91.2835
 0 0.01775770 -5.8738 0.0004 91.2835
 0 0.01495340 -5.7991 -0.0013 91.2835
 0 0.01705830 -5.7138 -0.0032 91.2835
 0 0.01864760 -5.6206 -0.0053 91.2835
 0 0.01592100 -5.5410 -0.0071 91.2835
 0 0.01596060 -5.4612 -0.0089 91.2835
 0 0.01789070 -5.3718 -0.0109 91.2835
 0 0.01684830 -5.2876 -0.0128 91.2835
 0 0.01626830 -5.2063 -0.0146 91.2835
 0 0.01444840 -5.1340 -0.0162 91.2835
 0 0.01990030 -5.0346 -0.0184 91.2835
 0 0.01346050 -4.9673 -0.0199 91.2835
 0 0.01839360 -4.8753 -0.0220 91.2835
 0 0.01526770 -4.7990 -0.0237 91.2835
 0 0.01709500 -4.7136 -0.0256 91.2835
 0 0.01572350 -4.6350 -0.0274 91.2835
 0 0.01972210 -4.5364 -0.0296 91.2835
 0 0.01242700 -4.4742 -0.0310 91.2835
 0 0.01868710 -4.3808 -0.0331 91.2835
 0 0.01701150 -4.2958 -0.0350 91.2835
 0 0.01585560 -4.2165 -0.0368 91.2835
 0 0.01704210 -4.1314 -0.0387 91.2835
 0 0.01723300 -4.0452 -0.0406 91.2835
 0 0.01561760 -3.9671 -0.0423 91.2835
 0 0.01727330 -3.8808 -0.0443 91.2835
 0 0.01818840 -3.7899 -0.0463 91.2835
 0 0.01449030 -3.7174 -0.0479 91.2835
 0 0.01568480 -3.6390 -0.0497 91.2835
 0 0.01720570 -3.5530 -0.0516 91.2835
 0 0.01647170 -3.4707 -0.0535 91.2835
 0 0.01735340 -3.3840 -0.0554 91.2835
 0 0.01563750 -3.3058 -0.0572 91.2835
 0 0.01731150 -3.2192 -0.0591 91.2835
 0 0.01696220 -3.1345 -0.0610 91.2835
 0 0.01515640 -3.0587 -0.0627 91.2835
 0 0.01992780 -2.9591 -0.0649 91.2835
 0 0.01450560 -2.8866 -0.0666 91.2835
 0 0.01765440 -2.7983 -0.0685 91.2835
 0 0.01533880 -2.7216 -0.0702 91.2835
 0 0.01650670 -2.6391 -0.0721 91.2835
 0 0.01708160 -2.5537 -0.0740 91.2835
 0 0.01685470 -2.4695 -0.0759 91.2835
 0 0.01667800 -2.3861 -0.0778 91.2835
 0 0.01689100 -2.3017 -0.0797 91.2835
 0 0.01625710 -2.2204 -0.0815 91.2835
 0 0.01774030 -2.2204 -0.0815 91.2835
 0 0.01557000 -2.2204 -0.0815 91.2835
 0 0.01681240 -2.2204 -0.0815 91.2835
 0 0.01632170 -2.2204 -0.0815 91.2835
 0 0.01714570 -2.2204 -0.0815 91.2835
 0 0.01699990 -2.2204 -0.0815 91.2835
 0 0.01443190 -2.2204 -0.0815 91.2835
 0 0.01898670 -2.2204 -0.0815 91.2835
 0 0.01625570 -2.2204 -0.0815 91.2835
 0 0.01667530 -2.2204 -0.0815 91.2835
 0 0.01628700 -2.2204 -0.0815 91.2835
 0 0.01389040 -2.2204 -0.0815 91.2835
 0 0.01813100 -2.2204 -0.0815 91.2835
 0 0.01787120 -2.2204 -0.0815 91.2835
 0 0.01687590 -2.2204 -0.0815 91.2835
 0 0.01659470 -2.2204 -0.0815 91.2835
 0 0.01548630 -2.2204 -0.0815 91.2835
 0 0.01877780 -2.2204 -0.0815 91.2835
 0 0.01586850 -2.2204 -0.0815 91.2835
 0 0.01621860 -2.2204 -0.0815 91.2835
 0 0.01728980 -2.2204 -0.0815 91.2835
 0 0.01642810 -2.2204 -0.0815 91.2835
 0 0.01503890 -2.2204 -0.0815 91.2835
 0 0.01855130 -2.2204 -0.0815 91.2835
 0 0.01648080 -2.2204 -0.0815 91.2835
 0 0.01558940 -2.2204 -0.0815 91.2835
 0 0.02051500 -2.2204 -0.0815 91.2835
 0 0.01376840 -2.2204 -0.0815 91.2835
 0 0.01642390 -2.2204 -0.0815 91.2835
 0 0.01728920 -2.2204 -0.0815 91.2835
 0 0.01635430 -2.2204 -0.0815 91.2835
 0 0.01897160 -2.2204 -0.0815 91.2835
 0 0.01735920 -2.2204 -0.0815 91.2835
 0 0.01429160 -2.2204 -0.0815 91.2835
 0 0.01485120 -2.2204 -0.0815 91.2835
 0 0.02013290 -2.2204 -0.0815 91.2835
 0 0.01663980 -2.2204 -0.0815 91.2835
 0 0.01703290 -2.2204 -0.0815 91.2835
 0 0.01452430 -2.2204 -0.0815 91.2835
 0 0.01799100 -2.2204 -0.0815 91.2835
 0 0.01627600 -2.2204 -0.0815 91.2835
 0 0.01566990 -2.2204 -0.0815 91.2835
 0 0.01520960 -2.2204 -0.0815 91.2835
 0 0.01818230 -2.2204 -0.0815 91.2835
 0 0.01638560 -2.2204 -0.0815 91.2835
 0 0.01532750 -2.2204 -0.0815 91.2835
 0 0.01786640 -2.2204 -0.0815 91.2835
 0 0.01660850 -2.2204 -0.0815 91.2835
 0 0.01797600 -2.2204 -0.0815 91.2835
 0 0.01469430 -2.2204 -0.0815 91.2835
 0 0.01692420 -2.2204 -0.0815 91.2835
 0 0.01529990 -2.2204 -0.0815 91.2835
 0 0.01823940 -2.2204 -0.0815 91.2835
 0 0.01723670 -2.2204 -0.0815 91.2835
 0 0.01537220 -2.2204 -0.0815 91.2835
 0 0.01788150 -2.2204 -0.0815 91.2835
 0 0.01680310 -2.2204 -0.0815 91.2835
 0 0.01676600 -2.2204 -0.0815 91.2835
 0 0.01820140 -2.2204 -0.0815 91.1925
 0 0.01828490 -2.2204 -0.0815 91.1010
 0 0.01326440 -2.2204 -0.0815 91.0347
 0 0.01527020 -2.2204 -0.0815 90.9584
 0 0.01728640 -2.2204 -0.0815 90.8719
 0 0.01908450 -2.2204 -0.0815 90.7765
 0 0.01308840 -2.2204 -0.0815 90.7111
 0 0.01810680 -2.2204 -0.0815 90.6205
 0 0.01926690 -2.2204 -0.0815 90.5242
 0 0.01155860 -2.2204 -0.0815 90.4664
 0 0.01996610 -2.2204 -0.0815 90.3666
 0 0.01763620 -2.2204 -0.0815 90.2784
 0 0.01509570 -2.2204 -0.0815 90.2029
 0 0.01757970 -2.2204 -0.0815 90.1150
 0 0.01587210 -2.2204 -0.0815 90.0357
 0 0.01674070 -2.2204 -0.0815 89.9520
 0 0.01669670 -2.2204 -0.0815 89.8685
 0 0.01799870 -2.2204 -0.0815 89.7785
 0 0.01410680 -2.2204 -0.0815 89.7080
 0 0.01891900 -2.2204 -0.0815 89.6134
 0 0.01376910 -2.2204 -0.0815 89.5445
 0 0.02169830 -2.2204 -0.0815 89.4360
 0 0.01078700 -2.2204 -0.0815 89.3821
 0 0.01823770 -2.2204 -0.0815 89.2909
 0 0.01519920 -2.2204 -0.0815 89.2149
 0 0.01856730 -2.2204 -0.0815 89.1221
 0 0.01478260 -2.2204 -0.0815 89.0482
 0 0.01555500 -2.2204 -0.0815 88.9704
 0 0.01990960 -2.2204 -0.0815 88.8708
 0 0.01728200 -2.2204 -0.0815 88.7844
 0 0.01444240 -2.2204 -0.0815 88.7122
 0 0.01904940 -2.2204 -0.0815 88.6170
 0 0.01649780 -2.2204 -0.0815 88.5345
 0 0.01347940 -2.2204 -0.0815 88.4671
 0 0.01822660 -2.2204 -0.0815 88.3759
 0 0.01766200 -2.2204 -0.0815 88.2876
 0 0.02066600 -2.2204 -0.0815 88.1843
 0 0.01323870 -2.2204 -0.0815 88.1181
 0 0.01717030 -2.2204 -0.0815 88.0323
 0 0.01602420 -2.2204 -0.0815 87.9521
 0 0.01703910 -2.2204 -0.0815 87.8669
 0 0.01703910 -2.2204 -0.0815 87.7817
 0 0.01726410 -2.2204 -0.0815 87.6954
 0 0.01599370 -2.2204 -0.0815 87.6155
 0 0.01487700 -2.2204 -0.0815 87.5411
 0 0.01838060 -2.2204 -0.0815 87.4492
 0 0.01802340 -2.2204 -0.0815 87.3591
 0 0.01399650 -2.2204 -0.0815 87.2891
 0 0.01677150 -2.2204 -0.0815 87.2052
 0 0.01703730 -2.2204 -0.0815 87.1200
 0 0.01913430 -2.2204 -0.0815 87.0244
 0 0.01658650 -2.2204 -0.0815 86.9414
 0 0.01402480 -2.2204 -0.0815 86.8713
 0 0.01582280 -2.2204 -0.0815 86.7922
 0 0.02082310 -2.1165 -0.0755 86.6881
 0 0.01399990 -2.0466 -0.0713 86.6181
 0 0.01677740 -1.9629 -0.0663 86.5342
 0 0.01595880 -1.8832 -0.0613 86.4544
 0 0.01680710 -1.7994 -0.0560 86.3704
 0 0.01638850 -1.7176 -0.0507 86.2884
 0 0.01672380 -1.6342 -0.0452 86.2048
 0 0.01773170 -1.5457 -0.0392 86.1161
 0 0.01619890 -1.4649 -0.0336 86.0351
 0 0.01574490 -1.3864 -0.0280 85.9564
 0 0.01700570 -1.3016 -0.0219 85.8714
 0 0.01767510 -1.2134 -0.0154 85.7830
 0 0.01690270 -1.1292 -0.0091 85.6985
 0 0.01525240 -1.0531 -0.0032 85.6222
 0 0.01689390 -0.9689 0.0033 85.5378
 0 0.01402860 -0.8990 0.0089 85.4676
 0 0.01679640 -0.8153 0.0156 85.3836
 0 0.01879070 -0.7216 0.0234 85.2897
 0 0.01728400 -0.6355 0.0306 85.2033
 0 0.01386170 -0.5665 0.0365 85.1340
 0 0.01911630 -0.4712 0.0447 85.0384
 0 0.01610220 -0.3910 0.0518 84.9579
 0 0.01811460 -0.3008 0.0599 84.8673
 0 0.01747800 -0.2138 0.0679 84.7799
 0 0.01663410 -0.1310 0.0755 84.6967
 0 0.01715910 -0.0456 0.0836 84.6109
 0 0.01735040 0.0408 0.0919 84.5242
 0 0.01430850 0.1120 0.0988 84.4526
 0 0.01683390 0.1958 0.1071 84.3685
 0 0.01884900 0.2895 0.1165 84.2742
 0 0.01354420 0.3569 0.1233 84.2065
 0 0.01707030 0.4418 0.1320 84.1212
 0 0.01877090 0.5352 0.1418 84.0273
 0 0.01558320 0.6126 0.1500 83.9494
 0 0.01668250 0.6956 0.1589 83.8660
 0 0.01766800 0.7834 0.1685 83.7776
 0 0.01716930 0.8687 0.1779 83.6918
 0 0.01744350 0.9554 0.1877 83.6046
 0 0.01855570 1.0476 0.1981 83.5118
 0 0.01351330 1.1147 0.2059 83.4442
 0 0.01561010 1.1922 0.2149 83.3662
 0 0.01826960 1.2830 0.2256 83.2748
 0 0.01759720 1.3703 0.2360 83.1868
 0 0.01423830 1.4410 0.2445 83.1157
 0 0.01765390 1.5286 0.2553 83.0274
 0 0.01667850 1.6114 0.2655 82.9440
 0 0.01532890 1.6874 0.2750 82.8674
 0 0.01660460 1.7698 0.2854 82.7843
 0 0.01644100 1.8513 0.2959 82.7021
 0 0.01666710 1.9340 0.3066 82.6188
 0 0.01708700 2.0187 0.3177 82.5333
 0 0.01867150 2.1112 0.3300 82.4400
 0 0.01394850 2.1804 0.3392 82.3703
 0 0.01629560 2.2611 0.3502 82.2888
 0 0.01518310 2.3363 0.3605 82.2129
 0 0.01777100 2.4243 0.3726 82.1240
 0 0.01825530 2.5147 0.3853 82.0327
 0 0.01603460 2.5941 0.3965 81.9526
 0 0.01609280 2.6738 0.4079 81.8721
 0 0.01856590 2.7656 0.4212 81.7793
 0 0.01496270 2.8397 0.4319 81.7044
 0 0.01712590 2.9244 0.4444 81.6188
 0 0.01660030 3.0065 0.4566 81.5358
 0 0.01479140 3.0796 0.4676 81.4619
 0 0.01763320 3.1668 0.4809 81.3737
 0 0.01727610 3.2522 0.4939 81.2873
 0 0.01703240 3.3363 0.5070 81.2022
 0 0.01560590 3.4134 0.5190 81.1241
 0 0.01701830 3.4975 0.5323 81.0390
 0 0.01617010 3.5773 0.5450 80.9582
 0 0.01883900 3.6703 0.5599 80.8640
 0 0.01680040 3.7532 0.5734 80.7800
 0 0.01755610 3.8399 0.5876 80.6922
 0 0.01633360 3.9204 0.6009 80.6105
 0 0.01554760 3.9971 0.6137 80.5328
 0 0.01637830 4.0779 0.6273 80.4509
 0 0.01768530 4.1651 0.6419 80.4509
 0 0.01541290 4.2411 0.6547 80.4509
 0 0.01725730 4.3262 0.6690 80.4509
 0 0.01741860 4.4121 0.6835 80.4509
 0 0.01438960 4.4830 0.6954 80.4509
 0 0.01641700 4.5640 0.7090 80.4509
 0 0.01824620 4.6539 0.7242 80.4509
 0 0.01457020 4.7258 0.7363 80.4509
 0 0.01694760 4.8093 0.7503 80.4509
 0 0.01707650 4.8935 0.7645 80.4509
 0 0.01886070 4.9865 0.7801 80.4509
 0 0.01706000 5.0706 0.7943 80.4509
 0 0.01635840 5.1513 0.8078 80.4509
 0 0.01512980 5.2259 0.8204 80.4509
 0 0.01590070 5.3043 0.8337 80.3714
 0 0.01674820 5.3868 0.8478 80.2877
 0 0.01673240 5.4693 0.8621 80.2040
 0 0.01639440 5.5500 0.8761 80.1220
 0 0.01759660 5.6367 0.8913 80.0341
 0 0.01566160 5.7138 0.9050 79.9558
 0 0.01808060 5.8028 0.9209 79.8653
 0 0.01507520 5.8770 0.9343 79.7900
 0 0.01886120 5.9697 0.9511 79.6957
 0 0.01638980 6.0504 0.9659 79.6137
 0 0.01974430 6.1474 0.9839 79.5150
 0 0.01340180 6.2133 0.9961 79.4480
 0 0.01700900 6.2969 1.0118 79.3629
 0 0.01648830 6.3779 1.0272 79.2805
 0 0.01681580 6.4605 1.0429 79.1964
 0 0.01766590 6.5472 1.0596 79.1081
 0 0.01610310 6.6263 1.0750 79.0276
 0 0.01388070 6.6944 1.0882 78.9582
 0 0.01976650 6.7913 1.1073 78.8593
 0 0.01651810 6.8724 1.1234 78.7767
 0 0.01552770 6.9485 1.1386 78.6991
 0 0.02222400 7.0574 1.1606 78.5880
 0 0.01588320 7.1352 1.1764 78.5086
 0 0.01660660 7.2166 1.1931 78.4255
 0 0.01840690 7.3067 1.2117 78.3335
 0 0.01769100 7.3933 1.2297 78.2451
 0 0.01764280 7.4797 1.2478 78.1568
 0 0.01407760 7.5485 1.2624 78.0865
 0 0.01812010 7.6371 1.2812 77.9958
 0 0.01607520 7.7157 1.2980 77.9155
 0 0.02056660 7.8163 1.3197 77.8126
 0 0.01182670 7.8740 1.3323 77.7535
 0 0.01379000 7.9414 1.3470 77.6846
 0 0.01420120 8.0108 1.3622 77.6135
 0 0.01566140 8.0872 1.3791 77.5352
 0 0.01754610 8.1729 1.3982 77.4475
 0 0.01971790 8.2690 1.4198 77.3489
 0 0.01197420 8.3275 1.4330 77.2891
 0 0.01989770 8.4245 1.4550 77.1896
 0 0.01338610 8.4897 1.4699 77.1226
 0 0.01815520 8.5782 1.4903 77.0319
 0 0.01592420 8.5782 1.4903 76.9522
 0 0.01458540 8.5782 1.4903 76.8793
 0 0.01801390 8.5782 1.4903 76.7892
 0 0.01777230 8.5782 1.4903 76.7004
 0 0.01490700 8.5782 1.4903 76.6259
 0 0.01546070 8.5782 1.4903 76.5485
 0 0.01770730 8.5782 1.4903 76.4600
 0 0.01717820 8.5782 1.4903 76.3741
 0 0.01709450 8.5782 1.4903 76.2886
 0 0.02723060 8.5782 1.4903 76.1525
 0 0.00859900 8.5782 1.4903 76.1095
 0 0.01212570 8.5782 1.4903 76.0489
 0 0.02052760 8.5782 1.4903 75.9462
 0 0.01448690 8.5782 1.4903 75.8738
 0 0.01551540 8.5782 1.4903 75.7962
 0 0.01846310 8.5782 1.4903 75.7039
 0 0.01777380 8.5782 1.4903 75.6150
 0 0.01651430 8.5782 1.4903 75.5325
 0 0.01566510 8.5782 1.4903 75.4541
 0 0.01803830 8.5782 1.4903 75.3639
 0 0.01636040 8.5782 1.4903 75.2821
 0 0.01606420 8.5782 1.4903 75.2018
 0 0.01763720 8.5782 1.4903 75.1136
 0 0.01597300 8.5782 1.4903 75.0338
 0 0.01651810 8.5782 1.4903 74.9512
 0 0.01785400 8.5782 1.4903 74.8619
 0 0.01625190 8.5782 1.4903 74.7807
 0 0.01605720 8.5782 1.4903 74.7004
 0 0.01662530 8.5782 1.4903 74.6172
 0 0.01653310 8.5782 1.4903 74.5346
 0 0.01827450 8.5782 1.4903 74.4432
 0 0.01553820 8.5782 1.4903 74.3655
 0 0.01685910 8.5782 1.4903 74.2812
 0 0.01609170 8.5782 1.4903 74.2008
 0 0.01820650 8.5782 1.4903 74.1097
 0 0.01711610 8.5782 1.4903 74.0241
 0 0.01545450 8.5782 1.4903 73.9469
 0 0.01879680 8.5782 1.4903 73.8529
 0 0.01582390 8.5782 1.4903 73.7738
 0 0.01412840 8.5782 1.4903 73.7031
 0 0.01527880 8.5782 1.4903 73.6267
 0 0.02040590 8.6760 1.5192 73.5247
 0 0.01470350 8.7465 1.5402 73.4512
 0 0.01614000 8.8238 1.5633 73.3705
 0 0.01783810 8.9092 1.5889 73.2813
 0 0.01684000 8.9898 1.6133 73.1971
 0 0.01604120 9.0666 1.6366 73.1169
 0 0.01634530 9.1448 1.6604 73.0352
 0 0.01743540 9.2281 1.6860 72.9480
 0 0.01578690 9.3035 1.7092 72.8691
 0 0.01910910 9.3948 1.7375 72.7735
 0 0.01349320 9.4592 1.7576 72.7061
 0 0.01737600 9.5421 1.7835 72.6192
 0 0.01535620 9.6154 1.8066 72.5424
 0 0.01976160 9.7096 1.8364 72.4436
 0 0.01533340 9.7826 1.8596 72.3669
 0 0.01448540 9.8516 1.8816 72.2945
 0 0.01927960 9.9434 1.9111 72.1981
 0 0.01591200 10.0191 1.9355 72.1185
 0 0.01709370 10.1004 1.9619 72.0331
 0 0.01829590 10.1874 1.9902 71.9416
 0 0.01588030 10.2629 2.0150 71.8622
 0 0.01521460 10.3351 2.0387 71.7861
 0 0.02021190 10.4311 2.0705 71.6850
 0 0.01351280 10.4952 2.0918 71.6175
 0 0.01825910 10.5818 2.1207 71.5262
 0 0.01514290 10.6536 2.1448 71.4505
 0 0.01769600 10.7374 2.1731 71.3620
 0 0.01429530 10.8051 2.1960 71.2905
 0 0.02065720 10.9029 2.2293 71.1872
 0 0.01205090 10.9029 2.2293 71.1270
 0 0.01840420 10.9029 2.2293 71.0350
 0 0.01909290 10.9029 2.2293 70.9395
 0 0.01260870 10.9029 2.2293 70.8764
 0 0.01831100 10.9029 2.2293 70.7849
 0 0.01675050 10.9029 2.2293 70.7011
 0 0.01729900 10.9029 2.2293 70.6146
 0 0.01635170 10.9029 2.2293 70.5329
 0 0.01810370 10.9029 2.2293 70.4424
 0 0.01704850 10.9029 2.2293 70.3571
 0 0.01473930 10.9029 2.2293 70.2834
 0 0.01732370 10.9029 2.2293 70.1968
 0 0.01664380 10.9029 2.2293 70.1136
 0 0.01767910 10.9029 2.2293 70.0252
 0 0.01667130 10.9029 2.2293 69.9418
 0 0.01643800 10.9029 2.2293 69.8596
 0 0.01704300 10.9029 2.2293 69.7744
 0 0.01565290 10.9029 2.2293 69.6962
 0 0.01743230 10.9029 2.2293 69.6090
 0 0.01606270 10.9029 2.2293 69.5287
 0 0.01632260 10.9029 2.2293 69.4471
 0 0.01565660 10.9029 2.2293 69.3688
 0 0.01958220 10.9029 2.2293 69.3688
 0 0.01483140 10.9029 2.2293 69.3688
 0 0.01662440 10.9029 2.2293 69.3688
 0 0.01479990 10.9029 2.2293 69.3688
 0 0.01750630 10.9029 2.2293 69.3688
 0 0.01567200 10.9029 2.2293 69.3688
 0 0.01636060 10.9029 2.2293 69.3688
 0 0.01882850 10.9029 2.2293 69.3688
 0 0.02007490 10.9029 2.2293 69.3688
 0 0.01701480 10.9029 2.2293 69.3688
 0 0.01719820 10.9029 2.2293 69.3688
 0 0.01884570 10.9029 2.2293 69.3688
 0 0.01595740 10.9029 2.2293 69.3688
 0 0.01657930 10.9029 2.2293 69.3688
 0 0.01742310 10.9029 2.2293 69.3688
 0 0.01514170 10.9029 2.2293 69.3688
 0 0.01648550 10.9029 2.2293 69.3688
 0 0.01775510 10.9029 2.2293 69.3688
 0 0.01569450 10.9029 2.2293 69.2903
 0 0.01690200 10.9029 2.2293 69.2058
 0 0.01204420 10.9029 2.2293 69.1456
 0 0.01675530 10.9029 2.2293 69.0618
 0 0.01903010 10.9029 2.2293 68.9667
 0 0.01524500 10.9029 2.2293 68.8904
 0 0.01534670 10.9029 2.2293 68.8137
 0 0.01880900 10.9029 2.2293 68.7197
 0 0.01271700 10.9029 2.2293 68.6561
 0 0.01761040 10.9029 2.2293 68.5680
 0 0.01647270 10.9029 2.2293 68.4857
 0 0.01829290 10.9029 2.2293 68.3942
 0 0.01530170 10.9029 2.2293 68.3177
 0 0.01540410 10.9029 2.2293 68.2407
 0 0.01804730 10.9029 2.2293 68.1504
 0 0.01661490 10.9029 2.2293 68.0674
 0 0.01682150 10.9029 2.2293 67.9833
 0 0.01631610 10.9029 2.2293 67.9017
 0 0.01648050 10.9029 2.2293 67.8193
 0 0.01760220 10.9029 2.2293 67.7313
 0 0.01624680 10.9029 2.2293 67.6500
 0 0.01693650 10.9029 2.2293 67.5653
 0 0.01836280 10.9029 2.2293 67.4735
 0 0.01486260 10.9029 2.2293 67.3992
 0 0.01630120 10.9029 2.2293 67.3177
 0 0.01578790 10.9029 2.2293 67.2388
 0 0.01882500 10.9029 2.2293 67.1447
 0 0.01559050 10.9029 2.2293 67.0667
 0 0.01861080 10.9029 2.2293 66.9737
 0 0.01755880 10.9029 2.2293 66.8859
 0 0.01539840 10.9029 2.2293 66.8089
 0 0.01351400 10.9029 2.2293 66.7413
 0 0.01952550 10.9029 2.2293 66.6437
 0 0.01621530 10.9029 2.2293 66.5626
 0 0.01821950 10.9029 2.2293 66.4715
 0 0.01262810 10.9029 2.2293 66.4084
 0 0.01825170 10.9029 2.2293 66.3171
 0 0.01871450 10.9029 2.2293 66.2235
 0 0.01461030 10.9029 2.2293 66.1505
 0 0.01568970 10.9029 2.2293 66.0720
 0 0.01816710 10.9029 2.2293 65.9812
 0 0.01621100 10.9029 2.2293 65.9001
 0 0.01523520 10.9029 2.2293 65.8239
 0 0.01694520 10.9029 2.2293 65.7392
 0 0.01630370 10.9029 2.2293 65.6577
 0 0.01935010 10.9029 2.2293 65.5610
 0 0.01565450 10.9029 2.2293 65.4827
 0 0.01675610 10.9029 2.2293 65.3989
 0 0.01660960 10.9029 2.2293 65.3159
 0 0.01498090 10.9029 2.2293 65.2410
 0 0.01850600 10.9029 2.2293 65.1484
 0 0.01762000 10.9029 2.2293 65.0603
 0 0.01604050 10.9029 2.2293 64.9801
 0 0.01707060 10.9029 2.2293 64.8948
 0 0.01650370 10.9029 2.2293 64.8123
 0 0.01289480 10.9029 2.2293 64.7478
 0 0.01977390 10.9029 2.2293 64.6489
 0 0.01679100 10.9029 2.2293 64.5650
 0 0.01721010 10.9029 2.2293 64.4789
 0 0.01548490 10.9029 2.2293 64.4015
 0 0.01807790 10.9029 2.2293 64.3111
 0 0.01562130 10.9029 2.2293 64.2330
 0 0.01901010 10.9029 2.2293 64.1379
 0 0.01538850 10.9029 2.2293 64.0610
 0 0.01618730 10.9029 2.2293 63.9801
 0 0.01710810 10.9029 2.2293 63.8945
 0 0.01808180 10.9029 2.2293 63.8041
 0 0.01539900 10.9029 2.2293 63.7271
 0 0.01332380 10.9029 2.2293 63.6605
 0 0.02097580 10.9029 2.2293 63.5556
 0 0.01675140 10.9029 2.2293 63.4719
 0 0.01516680 10.9029 2.2293 63.3960
 0 0.01563570 10.9029 2.2293 63.3179
 0 0.01600820 10.9029 2.2293 63.2378
 0 0.01838750 10.9029 2.2293 63.1459
 0 0.01636440 10.9029 2.2293 63.0641
 0 0.01675780 10.9029 2.2293 62.9803
 0 0.01768610 10.9029 2.2293 62.8918
 0 0.01486090 10.9029 2.2293 62.8175
 0 0.01680660 10.9029 2.2293 62.7335
 0 0.01668480 10.9029 2.2293 62.6501
 0 0.01669340 10.9029 2.2293 62.5666
 0 0.01615460 10.9029 2.2293 62.4858
 0 0.01772770 10.9029 2.2293 62.3972
 0 0.01649590 10.9029 2.2293 62.3147
 0 0.01630010 10.9029 2.2293 62.2332
 0 0.01861800 10.9029 2.2293 62.1401
 0 0.01500130 10.9029 2.2293 62.0651
 0 0.01653630 10.9029 2.2293 61.9824
 0 0.01843950 10.9029 2.2293 61.8903
 0 0.01501770 10.9029 2.2293 61.8152
 0 0.01764310 10.9029 2.2293 61.7269
 0 0.01534200 10.9029 2.2293 61.6502
 0 0.01891410 10.9029 2.2293 61.5557
 0 0.01581100 10.9029 2.2293 61.4766
 0 0.01540470 10.9029 2.2293 61.3996
 0 0.01600000 10.9029 2.2293 61.3196
 0 0.01612640 10.9029 2.2293 61.2390
 0 0.01959100 10.9029 2.2293 61.1410
 0 0.01505830 10.9029 2.2293 61.0657
 0 0.01788590 10.9029 2.2293 60.9763
 0 0.01404430 10.9029 2.2293 60.9061
 0 0.01750010 10.9029 2.2293 60.8186
 0 0.01728220 10.9029 2.2293 60.7322
 0 0.01543220 10.9029 2.2293 60.6550
 0 0.01796460 10.9029 2.2293 60.5652
 0 0.01639430 10.9029 2.2293 60.4832
 0 0.01854890 10.9029 2.2293 60.3905
 0 0.01503850 10.9029 2.2293 60.3153
 0 0.01815570 10.9029 2.2293 60.2245
 0 0.01494800 10.9029 2.2293 60.1498
 0 0.01831510 10.9029 2.2293 60.0582
 0 0.01567740 10.9029 2.2293 59.9798
 0 0.01730970 10.9029 2.2293 59.8932
 0 0.01626490 10.9029 2.2293 59.8119
 0 0.01609900 10.9029 2.2293 59.7314
 0 0.01768970 10.9029 2.2293 59.6430
 0 0.01633220 10.9029 2.2293 59.5613
 0 0.01681630 10.9029 2.2293 59.4772
 0 0.01562090 10.9029 2.2293 59.3991
 0 0.01917110 10.9029 2.2293 59.3033
 0 0.01345130 10.9029 2.2293 59.2360
 0 0.01670320 10.9029 2.2293 59.1525
 0 0.01764860 10.9029 2.2293 59.0643
 0 0.01882630 10.9029 2.2293 58.9701
 0 0.01430120 10.9029 2.2293 58.8986
 0 0.01705260 10.9029 2.2293 58.8134
 0 0.01697280 10.9029 2.2293 58.7285
 0 0.01522970 10.9029 2.2293 58.6523
 0 0.01928500 10.9029 2.2293 58.5559
 0 0.01479130 10.9029 2.2293 58.4820
 0 0.01623890 10.9029 2.2293 58.4008
 0 0.01877070 10.9029 2.2293 58.3069
 0 0.01599510 10.9029 2.2293 58.2269
 0 0.01680930 10.9029 2.2293 58.1429
 0 0.01702260 10.9029 2.2293 58.0578
 0 0.01478240 10.9029 2.2293 57.9839
 0 0.01819890 10.9029 2.2293 57.8929
 0 0.01657970 10.9029 2.2293 57.8100
 0 0.01675090 10.9029 2.2293 57.7262
 0 0.01757760 10.9029 2.2293 57.6383
 0 0.01741550 10.9029 2.2293 57.5513
 0 0.01590990 10.9029 2.2293 57.4717
 0 0.01629670 10.9029 2.2293 57.3902
 0 0.01658600 10.9029 2.2293 57.3073
 0 0.01631990 10.9029 2.2293 57.2257
 0 0.01771460 10.9029 2.2293 57.1371
 0 0.01291380 10.9029 2.2293 57.0725
 0 0.01913160 10.9029 2.2293 56.9769
 0 0.01704110 10.9029 2.2293 56.8917
 0 0.01627190 10.9029 2.2293 56.8103
 0 0.01745410 10.9029 2.2293 56.7231
 0 0.01470590 10.9029 2.2293 56.6495
 0 0.01840790 10.9029 2.2293 56.5575
 0 0.01631210 10.9029 2.2293 56.4759
 0 0.01775090 10.9029 2.2293 56.3872
 0 0.01509930 10.9029 2.2293 56.3117
 0 0.01837830 10.9029 2.2293 56.2198
 0 0.01550640 10.9029 2.2293 56.1422
 0 0.01676110 10.9029 2.2293 56.0584
 0 0.01370260 10.9029 2.2293 55.9899
 0 0.01793770 10.9029 2.2293 55.9002
 0 0.01848390 10.9029 2.2293 55.8078
 0 0.01649120 10.9029 2.2293 55.7254
 0 0.01659720 10.9029 2.2293 55.6424
 0 0.01509940 10.9029 2.2293 55.5669
 0 0.01858240 10.9029 2.2293 55.4740
 0 0.01614620 10.9029 2.2293 55.3932
 0 0.01688490 10.9029 2.2293 55.3088
 0 0.01715880 10.9029 2.2293 55.2230
 0 0.01649620 10.9029 2.2293 55.1405
 0 0.01940460 10.9029 2.2293 55.0435
 0 0.01824390 10.9029 2.2293 54.9523
 0 0.01614890 10.9029 2.2293 54.8716
 0 0.01921550 10.9029 2.2293 54.7755
 0 0.01402010 10.9029 2.2293 54.7054
 0 0.01982380 10.9029 2.2293 54.6063
 0 0.01784890 10.9029 2.2293 54.5170
 0 0.01229930 10.9029 2.2293 54.4555
 0 0.01719610 10.9029 2.2293 54.3695
 0 0.01746870 10.9029 2.2293 54.2822
 0 0.01610610 10.9029 2.2293 54.2017
 0 0.01713210 10.9029 2.2293 54.1160
 0 0.01347700 10.9029 2.2293 54.0486
 0 0.01520570 10.9029 2.2293 53.9726
 0 0.01521550 10.9029 2.2293 53.8965
 0 0.01737880 10.9029 2.2293 53.8096
 0 0.01766870 10.9029 2.2293 53.7213
 0 0.01534870 10.9029 2.2293 53.6445
 0 0.01745730 10.9029 2.2293 53.5572
 0 0.01505640 10.9029 2.2293 53.4820
 0 0.01766220 10.9029 2.2293 53.3936
 0 0.01726300 10.9029 2.2293 53.3073
 0 0.01679540 10.9029 2.2293 53.2234
 0 0.01664040 10.9029 2.2293 53.1401
 0 0.01589260 10.9029 2.2293 53.0607
 0 0.01689160 10.9029 2.2293 52.9762
 0 0.01565660 10.9029 2.2293 52.8980
 0 0.01810720 10.9029 2.2293 52.8074
 0 0.01564240 10.9029 2.2293 52.7292
 0 0.01708360 10.9029 2.2293 52.6438
 0 0.01751510 10.9029 2.2293 52.5562
 0 0.01617500 10.9029 2.2293 52.4753
 0 0.01690560 10.9029 2.2293 52.3908
 0 0.01523960 10.9029 2.2293 52.3146
 0 0.01859540 10.9029 2.2293 52.2216
 0 0.01650180 10.9029 2.2293 52.1391
 0 0.01592970 10.9029 2.2293 52.0595
 0 0.01640750 10.9029 2.2293 51.9774
 0 0.01503800 10.9029 2.2293 51.9022
 0 0.01770260 10.9029 2.2293 51.8137
 0 0.01485090 10.9029 2.2293 51.7395
 0 0.01769720 10.9029 2.2293 51.6510
 0 0.01864770 10.9029 2.2293 51.5578
 0 0.01642880 10.9029 2.2293 51.4756
 0 0.01471860 10.9029 2.2293 51.4020
 0 0.01865560 10.9029 2.2293 51.3087
 0 0.01602790 10.9029 2.2293 51.2286
 0 0.01780550 10.9029 2.2293 51.1396
 0 0.01618470 10.9029 2.2293 51.0587
 0 0.01651020 10.9029 2.2293 50.9761
 0 0.01690430 10.9029 2.2293 50.8916
 0 0.01690850 10.9029 2.2293 50.8070
 0 0.01560220 10.9029 2.2293 50.7290
 0 0.01761870 10.9029 2.2293 50.6409
 0 0.01636760 10.9029 2.2293 50.5591
 0 0.01682210 10.9029 2.2293 50.4750
 0 0.01625130 10.9029 2.2293 50.3937
 0 0.01565980 10.9029 2.2293 50.3154
 0 0.01766150 10.9029 2.2293 50.2271
 0 0.01561320 10.9029 2.2293 50.1490
 0 0.01766790 10.9029 2.2293 50.0607
 0 0.01626750 10.9029 2.2293 49.9794
 0 0.01557350 10.9029 2.2293 49.9015
 0 0.01708320 10.9029 2.2293 49.8161
 0 0.01853280 10.9029 2.2293 49.7234
 0 0.01681520 10.9029 2.2293 49.6393
 0 0.01555860 10.9029 2.2293 49.5616
 0 0.01665480 10.9029 2.2293 49.4783
 0 0.01708580 10.9029 2.2293 49.3929
 0 0.01585790 10.9029 2.2293 49.3136
 0 0.01676570 10.9029 2.2293 49.2297
 0 0.01533820 10.9029 2.2293 49.1530
 0 0.02029950 10.9029 2.2293 49.0515
 0 0.01471890 10.9029 2.2293 48.9779
 0 0.01639880 10.9029 2.2293 48.8960
 0 0.01631560 10.9029 2.2293 48.8144
 0 0.01632700 10.9029 2.2293 48.7327
 0 0.01709320 10.9029 2.2293 48.6473
 0 0.01799430 10.9029 2.2293 48.5573
 0 0.01545060 10.9029 2.2293 48.4800
 0 0.01715580 10.9029 2.2293 48.3943
 0 0.01694330 10.9029 2.2293 48.3096
 0 0.01540720 10.9029 2.2293 48.2325
 0 0.01844100 10.9029 2.2293 48.1403
 0 0.01508890 10.9029 2.2293 48.0649
 0 0.01714360 10.9029 2.2293 47.9792
 0 0.01622110 10.9029 2.2293 47.8980
 0 0.01815370 10.9029 2.2293 47.8073
 0 0.01552600 10.9029 2.2293 47.7296
 0 0.01680500 10.9029 2.2293 47.6456
 0 0.01788560 10.9029 2.2293 47.5562
 0 0.01449270 10.9029 2.2293 47.4837
 0 0.01697570 10.9029 2.2293 47.3989
 0 0.01662720 10.9029 2.2293 47.3157
 0 0.01852010 10.9029 2.2293 47.2231
 0 0.01501690 10.9029 2.2293 47.1480
 0 0.01688890 10.9029 2.2293 47.0636
 0 0.01669720 10.9029 2.2293 46.9801
 0 0.01660590 10.9029 2.2293 46.8971
 0 0.01748280 10.9029 2.2293 46.8097
 0 0.01781110 10.9029 2.2293 46.7206
 0 0.01395640 10.9029 2.2293 46.6508
 0 0.01775030 10.9029 2.2293 46.5621
 0 0.01632110 10.9029 2.2293 46.4805
 0 0.01643350 10.9029 2.2293 46.3983
 0 0.01614230 10.9029 2.2293 46.3176
 0 0.01764030 10.9029 2.2293 46.2294
 0 0.01624090 10.9029 2.2293 46.1482
 0 0.01826450 10.9029 2.2293 46.0569
 0 0.01671260 10.9029 2.2293 45.9733
 0 0.01546570 10.9029 2.2293 45.8960
 0 0.01542300 10.9029 2.2293 45.8188
 0 0.01894470 10.9029 2.2293 45.7241
 0 0.01689050 10.9029 2.2293 45.6397
 0 0.01464910 10.9029 2.2293 45.5664
 0 0.01662390 10.9029 2.2293 45.4833
 0 0.01631000 10.9029 2.2293 45.4018
 0 0.01833470 10.9029 2.2293 45.3101
 0 0.01522910 10.9029 2.2293 45.2339
 0 0.01733120 10.9029 2.2293 45.1473
 0 0.01622300 10.9029 2.2293 45.0662
 0 0.01920150 10.9029 2.2293 44.9702
 0 0.01438620 10.9029 2.2293 44.8982
 0 0.01638830 10.9029 2.2293 44.8163
 0 0.01866180 10.9029 2.2293 44.7230
 0 0.01495520 10.9029 2.2293 44.6482
 0 0.01860860 10.9029 2.2293 44.5552
 0 0.01535220 10.9029 2.2293 44.4784
 0 0.01701000 10.9029 2.2293 44.3934
 0 0.01541070 10.9029 2.2293 44.3163
 0 0.01797150 10.9029 2.2293 44.2264
 0 0.01515510 10.9029 2.2293 44.1507
 0 0.01890290 10.9029 2.2293 44.0562
 0 0.01703990 10.9029 2.2293 43.9710
 0 0.01512460 10.9029 2.2293 43.8953
 0 0.01950000 10.9029 2.2293 43.7978
 0 0.01457010 10.9029 2.2293 43.7250
 0 0.01516240 10.9029 2.2293 43.6492
 0 0.01706510 10.9029 2.2293 43.5638
 0 0.01673560 10.9029 2.2293 43.4802
 0 0.01742570 10.9029 2.2293 43.3930
 0 0.01552390 10.9029 2.2293 43.3154
 0 0.01752020 10.9029 2.2293 43.2278
 0 0.01587320 10.9029 2.2293 43.1485
 0 0.01655490 10.9029 2.2293 43.0657
 0 0.02143550 10.9029 2.2293 42.9585
 0 0.01657450 10.9029 2.2293 42.8756
 0 0.01828210 10.9029 2.2293 42.7842
 0 0.03488090 10.9029 2.2293 42.6098
 0 0.01412170 10.9029 2.2293 42.5392
 0 0.01678330 10.9029 2.2293 42.4553
 0 0.01757740 10.9029 2.2293 42.3674
 0 0.01622780 10.9029 2.2293 42.2863
 0 0.01685180 10.9029 2.2293 42.2020
 0 0.01798080 10.9029 2.2293 42.1121
 0 0.01607920 10.9029 2.2293 42.0317
 0 0.01303030 10.9029 2.2293 41.9666
 0 0.01615140 10.9029 2.2293 41.8858
 0 0.01498110 10.9029 2.2293 41.8109
 0 0.01710840 10.9029 2.2293 41.7254
 0 0.01644880 10.9029 2.2293 41.6431
 0 0.01706250 10.9029 2.2293 41.5578
 0 0.01649230 10.9029 2.2293 41.4753
 0 0.01780350 10.9029 2.2293 41.3863
 0 0.01394770 10.9029 2.2293 41.3166
 0 0.01828740 10.9029 2.2293 41.2252
 0 0.01671240 10.9029 2.2293 41.1416
 0 0.01741870 10.9029 2.2293 41.0545
 0 0.01629190 10.9029 2.2293 40.9730
 0 0.01615650 10.9029 2.2293 40.8923
 0 0.01523210 10.9029 2.2293 40.8161
 0 0.01831620 10.9029 2.2293 40.7245
 0 0.01632000 10.9029 2.2293 40.6429
 0 0.01734930 10.9029 2.2293 40.5562
 0 0.01621340 10.9029 2.2293 40.4751
 0 0.01580070 10.9029 2.2293 40.3961
 0 0.01705610 10.9029 2.2293 40.3108
 0 0.01632780 10.9029 2.2293 40.2292
 0 0.01787600 10.9029 2.2293 40.1398
 0 0.01669730 10.9029 2.2293 40.0563
 0 0.01647560 10.9029 2.2293 39.9739
 0 0.01626130 10.9029 2.2293 39.8926
 0 0.01547300 10.9029 2.2293 39.8153
 0 0.01725880 10.9029 2.2293 39.7290
 0 0.01716330 10.9029 2.2293 39.6432
 0 0.01560490 10.9029 2.2293 39.5651
 0 0.01801840 10.9029 2.2293 39.4750
 0 0.01717210 10.9029 2.2293 39.3892
 0 0.01588360 10.9029 2.2293 39.3098
 0 0.01719750 10.9029 2.2293 39.2238
 0 0.01670140 10.9029 2.2293 39.1403
 0 0.01716280 10.9029 2.2293 39.0545
 0 0.01513140 10.9029 2.2293 38.9788
 0 0.01753420 10.9029 2.2293 38.8911
 0 0.01547300 10.9029 2.2293 38.8138
 0 0.01796540 10.9029 2.2293 38.7239
 0 0.01633420 10.9029 2.2293 38.6423
 0 0.01672190 10.9029 2.2293 38.5586
 0 0.01666860 10.9029 2.2293 38.4753
 0 0.01535650 10.9029 2.2293 38.3985
 0 0.01874770 10.9029 2.2293 38.3048
 0 0.01660160 10.9029 2.2293 38.2218
 0 0.01590220 10.9029 2.2293 38.1423
 0 0.01650840 10.9029 2.2293 38.0597
 0 0.01552950 10.9029 2.2293 37.9821
 0 0.01685590 10.9029 2.2293 37.8978
 0 0.01616860 10.9029 2.2293 37.8170
 0 0.01896660 10.9029 2.2293 37.7221
 0 0.01520860 10.9029 2.2293 37.6461
 0 0.01726160 10.9029 2.2293 37.5598
 0 0.01716490 10.9029 2.2293 37.4740
 0 0.01704160 10.9029 2.2293 37.3887
 0 0.01518200 10.9029 2.2293 37.3128
 0 0.01778230 10.9029 2.2293 37.2239
 0 0.01655250 10.9029 2.2293 37.1412
 0 0.01559020 10.9029 2.2293 37.0632
 0 0.01570650 10.9029 2.2293 36.9847
 0 0.01733200 10.9029 2.2293 36.8980
 0 0.01667070 10.9029 2.2293 36.8147
 0 0.01813340 10.9029 2.2293 36.7240
 0 0.01712710 10.9029 2.2293 36.6384
 0 0.01499490 10.9029 2.2293 36.5634
 0 0.01621390 10.9029 2.2293 36.4823
 0 0.01698520 10.9029 2.2293 36.3974
 0 0.01800910 10.9029 2.2293 36.3073
 0 0.01592910 10.9029 2.2293 36.2277
 0 0.01688570 10.9527 2.2975 36.1433
 0 0.01606670 10.9999 2.3625 36.0629
 0 0.01829290 11.0537 2.4365 35.9715
 0 0.01481030 11.0971 2.4965 35.8974
 0 0.01784720 11.1493 2.5688 35.8082
 0 0.01598310 11.1960 2.6337 35.7283
 0 0.01690970 11.2452 2.7024 35.6437
 0 0.01774260 11.2968 2.7746 35.5550
 0 0.01610730 11.3436 2.8402 35.4745
 0 0.01681220 11.3922 2.9087 35.3904
 0 0.01635220 11.4395 2.9754 35.3087
 0 0.01554700 11.4843 3.0389 35.2309
 0 0.01807380 11.5364 3.1128 35.1405
 0 0.01547950 11.5808 3.1762 35.0632
 0 0.01774370 11.6317 3.2489 34.9744
 0 0.01486980 11.6742 3.3098 34.9001
 0 0.01411670 11.7145 3.3678 34.8295
 0 0.02093660 11.7742 3.4538 34.7248
 0 0.01508170 11.8170 3.5159 34.6494
 0 0.01740940 11.8664 3.5875 34.5624
 0 0.01645860 11.9130 3.6554 34.4801
 0 0.01813570 11.9642 3.7302 34.3894
 0 0.01659610 12.0110 3.7988 34.3064
 0 0.01527990 12.0540 3.8619 34.2300
 0 0.01649800 12.1003 3.9302 34.1475
 0 0.01613210 12.1455 3.9970 34.0669
 0 0.01910490 12.1988 4.0762 33.9713
 0 0.01628560 12.2442 4.1438 33.8899
 0 0.01543540 12.2872 4.2079 33.8127
 0 0.01806440 12.3373 4.2831 33.7224
 0 0.01594160 12.3815 4.3494 33.6427
 0 0.01779020 12.4306 4.4236 33.5538
 0 0.01583700 12.4743 4.4896 33.4746
 0 0.01721440 12.5217 4.5615 33.3885
 0 0.01438400 12.5612 4.6216 33.3166
 0 0.01663830 12.6068 4.6912 33.2334
 0 0.01789450 12.6557 4.7661 33.1439
 0 0.01637590 12.7004 4.8347 33.0620
 0 0.01720990 12.7472 4.9069 32.9760
 0 0.01622080 12.7913 4.9750 32.8949
 0 0.01553950 12.8334 5.0403 32.8172
 0 0.01825300 12.8827 5.1171 32.7259
 0 0.01595510 12.9257 5.1842 32.6461
 0 0.01632730 12.9697 5.2530 32.5645
 0 0.01654460 13.0141 5.3228 32.4818
 0 0.01655360 13.0585 5.3927 32.3990
 0 0.01705390 13.1040 5.4648 32.3138
 0 0.01753400 13.1508 5.5389 32.2261
 0 0.01641130 13.1944 5.6084 32.1440
 0 0.01641230 13.2380 5.6779 32.0620
 0 0.01770990 13.2849 5.7531 31.9734
 0 0.01430680 13.3227 5.8138 31.9019
 0 0.01851110 13.3715 5.8924 31.8093
 0 0.01427930 13.4090 5.9532 31.7379
 0 0.01734160 13.4545 6.0270 31.6512
 0 0.01751180 13.5004 6.1016 31.5637
 0 0.01671460 13.5440 6.1729 31.4801
 0 0.01608320 13.5859 6.2415 31.3997
 0 0.01599630 13.6275 6.3098 31.3197
 0 0.01744970 13.6275 6.3098 31.2325
 0 0.01515030 13.6275 6.3098 31.1567
 0 0.01871810 13.6275 6.3098 31.0631
 0 0.01649330 13.6275 6.3098 30.9806
 0 0.02102960 13.6275 6.3098 30.8755
 0 0.01624960 13.6275 6.3098 30.7942
 0 0.01667610 13.6275 6.3098 30.7109
 0 0.01810930 13.6275 6.3098 30.6203
 0 0.01605130 13.6275 6.3098 30.5401
 0 0.01624140 13.6275 6.3098 30.4589
 0 0.01632160 13.6275 6.3098 30.3772
 0 0.01838340 13.6275 6.3098 30.2853
 0 0.01520000 13.6275 6.3098 30.2093
 0 0.01632990 13.6275 6.3098 30.1277
 0 0.01731630 13.6275 6.3098 30.0411
 0 0.01716350 13.6275 6.3098 29.9553
 0 0.01220110 13.6275 6.3098 29.8943
 0 0.01619280 13.6275 6.3098 29.8133
 0 0.01594730 13.6275 6.3098 29.7336
 0 0.01791380 13.6275 6.3098 29.6440
 0 0.01569930 13.6275 6.3098 29.5655
 0 0.01638120 13.6275 6.3098 29.4836
 0 0.01674440 13.6275 6.3098 29.3999
 0 0.01687130 13.6275 6.3098 29.3155
 0 0.01692010 13.6275 6.3098 29.2309
 0 0.01726600 13.6275 6.3098 29.1446
 0 0.01533560 13.6275 6.3098 29.0679
 0 0.01637260 13.6275 6.3098 28.9861
 0 0.01949860 13.6275 6.3098 28.8886
 0 0.01522750 13.6275 6.3098 28.8124
 0 0.01280010 13.6275 6.3098 28.7484
 0 0.01850300 13.6275 6.3098 28.6559
 0 0.01596210 13.6275 6.3098 28.5761
 0 0.01792910 13.6275 6.3098 28.4865
 0 0.01757250 13.6275 6.3098 28.3986
 0 0.01741460 13.6275 6.3098 28.3115
 0 0.01532140 13.6275 6.3098 28.2349
 0 0.01477930 13.6275 6.3098 28.1610
 0 0.01880880 13.6275 6.3098 28.0670
 0 0.01645560 13.6275 6.3098 27.9847
 0 0.01689040 13.6275 6.3098 27.9002
 0 0.01812510 13.6275 6.3098 27.8096
 0 0.01666770 13.6275 6.3098 27.7263
 0 0.01655260 13.6275 6.3098 27.6435
 0 0.01727020 13.6275 6.3098 27.5572
 0 0.01503360 13.6275 6.3098 27.4820
 0 0.01611370 13.6275 6.3098 27.4014
 0 0.01683430 13.6275 6.3098 27.3173
 0 0.01844000 13.6275 6.3098 27.2251
 0 0.01458420 13.6275 6.3098 27.1521
 0 0.01757030 13.6275 6.3098 27.0643
 0 0.01494680 13.6275 6.3098 26.9896
 0 0.01882420 13.6275 6.3098 26.8954
 0 0.01630390 13.6275 6.3098 26.8139
 0 0.01678940 13.6275 6.3098 26.7300
 0 0.01488400 13.6275 6.3098 26.6555
 0 0.01853130 13.6275 6.3098 26.5629
 0 0.01279030 13.6275 6.3098 26.4989
 0 0.01909240 13.6275 6.3098 26.4035
 0 0.01574820 13.6275 6.3098 26.3247
 0 0.02051300 13.6275 6.3098 26.2222
 0 0.01462060 13.6275 6.3098 26.1491
 0 0.01678200 13.6275 6.3098 26.0652
 0 0.01487410 13.6275 6.3098 25.9908
 0 0.01962410 13.6275 6.3098 25.8927
 0 0.01575440 13.6275 6.3098 25.8139
 0 0.01445890 13.6275 6.3098 25.7416
 0 0.01562800 13.6275 6.3098 25.6635
 0 0.01892820 13.6275 6.3098 25.5688
 0 0.01497480 13.6275 6.3098 25.4940
 0 0.01835710 13.6275 6.3098 25.4022
 0 0.01465690 13.6275 6.3098 25.3289
 0 0.02127100 13.6275 6.3098 25.2225
 0 0.01637700 13.6275 6.3098 25.1406
 0 0.01511980 13.6275 6.3098 25.0650
 0 0.01407280 13.6275 6.3098 24.9947
 0 0.01940620 13.6275 6.3098 24.9947
 0 0.01803640 13.6275 6.3098 24.9947
 0 0.01645010 13.6275 6.3098 24.9947
 0 0.01703910 13.6275 6.3098 24.9947
 0 0.01612620 13.6275 6.3098 24.9947
 0 0.01696490 13.6275 6.3098 24.9947
 0 0.01649410 13.6275 6.3098 24.9947
 0 0.01668960 13.6275 6.3098 24.9947
 0 0.01685780 13.6275 6.3098 24.9947
 0 0.01630010 13.6275 6.3098 24.9947
 0 0.01654230 13.6275 6.3098 24.9947
 0 0.01720940 13.6275 6.3098 24.9947
 0 0.01651720 13.6275 6.3098 24.9121
 0 0.01661830 13.6275 6.3098 24.8290
 0 0.01605440 13.6275 6.3098 24.7487
 0 0.01658170 13.6275 6.3098 24.6658
 0 0.01645100 13.6275 6.3098 24.5836
 0 0.01685570 13.6275 6.3098 24.4993
 0 0.01758620 13.6275 6.3098 24.4114
 0 0.01576740 13.6275 6.3098 24.3325
 0 0.01625500 13.6275 6.3098 24.2512
 0 0.01699490 13.6275 6.3098 24.1663
 0 0.01566980 13.6275 6.3098 24.0879
 0 0.01817820 13.6275 6.3098 23.9970
 0 0.01557080 13.6275 6.3098 23.9192
 0 0.01686420 13.6275 6.3098 23.8349
 0 0.01864760 13.6275 6.3098 23.7416
 0 0.01492950 13.6275 6.3098 23.6670
 0 0.01632730 13.6275 6.3098 23.5853
 0 0.01702500 13.6275 6.3098 23.5002
 0 0.01644270 13.6275 6.3098 23.4180
 0 0.01709900 13.6275 6.3098 23.3325
 0 0.01333480 13.6275 6.3098 23.2658
 0 0.01672820 13.6275 6.3098 23.1822
 0 0.01983860 13.6275 6.3098 23.0830
 0 0.01646760 13.6275 6.3098 23.0007
 0 0.01657570 13.6275 6.3098 22.9178
 0 0.01703480 13.6275 6.3098 22.8326
 0 0.01705950 13.6275 6.3098 22.7473
 0 0.01616240 13.6275 6.3098 22.6665
 0 0.01702130 13.6275 6.3098 22.5814
 0 0.01549610 13.6275 6.3098 22.5039
 0 0.01753640 13.6275 6.3098 22.4162
 0 0.01602510 13.6275 6.3098 22.3361
 0 0.01732640 13.6275 6.3098 22.2495
 0 0.01668490 13.6275 6.3098 22.1661
 0 0.01423520 13.6275 6.3098 22.0949
 0 0.01842820 13.6275 6.3098 22.0027
 0 0.01746790 13.6275 6.3098 21.9154
 0 0.01732340 13.6275 6.3098 21.8288
 0 0.01607720 13.6275 6.3098 21.7484
 0 0.01556320 13.6275 6.3098 21.6706
 0 0.01908400 13.6275 6.3098 21.5752
 0 0.01698260 13.6275 6.3098 21.4902
 0 0.01420440 13.6275 6.3098 21.4192
 0 0.01601190 13.6275 6.3098 21.3392
 0 0.01724350 13.6275 6.3098 21.2529
 0 0.01671380 13.6275 6.3098 21.1694
 0 0.01586500 13.6275 6.3098 21.0901
 0 0.01760370 13.6275 6.3098 21.0020
 0 0.01621700 13.6275 6.3098 20.9209
 0 0.01857460 13.6275 6.3098 20.8281
 0 0.01564810 13.6275 6.3098 20.7498
 0 0.01580600 13.6275 6.3098 20.6708
 0 0.01905470 13.6275 6.3098 20.5755
 0 0.01588430 13.6275 6.3098 20.4961
 0 0.01488130 13.6275 6.3098 20.4217
 0 0.01740490 13.6275 6.3098 20.3347
 0 0.01576110 13.6275 6.3098 20.2559
 0 0.01958540 13.6275 6.3098 20.1579
 0 0.01564210 13.6275 6.3098 20.0797
 0 0.01505480 13.6275 6.3098 20.0045
 0 0.01853460 13.6275 6.3098 19.9118
 0 0.01670570 13.6275 6.3098 19.8283
 0 0.01365350 13.6275 6.3098 19.7600
 0 0.01907500 13.6275 6.3098 19.6646
 0 0.01512010 13.6275 6.3098 19.5890
 0 0.01926630 13.6275 6.3098 19.4927
 0 0.01588890 13.6275 6.3098 19.4132
 0 0.01756000 13.6275 6.3098 19.3254
 0 0.01492100 13.6275 6.3098 19.2508
 0 0.01616440 13.6275 6.3098 19.1700
 0 0.01687780 13.6275 6.3098 19.0856
 0 0.01787780 13.6275 6.3098 18.9962
 0 0.01558760 13.6275 6.3098 18.9183
 0 0.01624690 13.6275 6.3098 18.8371
 0 0.01809160 13.6275 6.3098 18.7466
 0 0.01697480 13.6275 6.3098 18.6617
 0 0.01661940 13.6275 6.3098 18.5786
 0 0.01432720 13.6275 6.3098 18.5070
 0 0.01525340 13.6275 6.3098 18.4307
 0 0.02069600 13.6275 6.3098 18.3273
 0 0.01577770 13.6275 6.3098 18.2484
 0 0.01523420 13.6275 6.3098 18.1722
 0 0.01813830 13.6275 6.3098 18.0815
 0 0.01593890 13.6275 6.3098 18.0018
 0 0.01659850 13.6275 6.3098 17.9188
 0 0.01914610 13.6275 6.3098 17.8231
 0 0.01778520 13.6275 6.3098 17.7342
 0 0.01693840 13.6275 6.3098 17.6495
 0 0.01759200 13.6275 6.3098 17.5615
 0 0.01612370 13.6275 6.3098 17.4809
 0 0.01741260 13.6275 6.3098 17.3938
 0 0.01576590 13.6275 6.3098 17.3150
 0 0.01842770 13.6275 6.3098 17.2229
 0 0.01521440 13.6275 6.3098 17.1468
 0 0.01624000 13.6275 6.3098 17.0656
 0 0.01640520 13.6275 6.3098 16.9836
 0 0.01864610 13.6275 6.3098 16.8903
 0 0.01041670 13.6275 6.3098 16.8382
 0 0.01538110 13.6275 6.3098 16.7613
 0 0.01814830 13.6275 6.3098 16.6706
 0 0.01726810 13.6275 6.3098 16.5843
 0 0.01753610 13.6275 6.3098 16.4966
 0 0.01603190 13.6275 6.3098 16.4164
 0 0.01725610 13.6275 6.3098 16.3301
 0 0.01708790 13.6275 6.3098 16.2447
 0 0.01609680 13.6275 6.3098 16.1642
 0 0.01686770 13.6275 6.3098 16.0799
 0 0.01612640 13.6275 6.3098 15.9992
 0 0.01673590 13.6275 6.3098 15.9156
 0 0.01712480 13.6275 6.3098 15.8299
 0 0.01526640 13.6275 6.3098 15.7536
 0 0.01781670 13.6275 6.3098 15.6645
 0 0.01650700 13.6275 6.3098 15.5820
 0 0.01733520 13.6275 6.3098 15.4953
 0 0.01551190 13.6275 6.3098 15.4177
 0 0.01830570 13.6275 6.3098 15.3262
 0 0.01565450 13.6275 6.3098 15.2479
 0 0.01571810 13.6275 6.3098 15.1694
 0 0.01826270 13.6275 6.3098 15.0780
 0 0.01633180 13.6275 6.3098 14.9964
 0 0.01667700 13.6275 6.3098 14.9130
 0 0.01610640 13.6275 6.3098 14.8325
 0 0.01751190 13.6275 6.3098 14.7449
 0 0.01235450 13.6275 6.3098 14.6831
 0 0.01816190 13.6504 6.3977 14.5923
 0 0.01753610 13.6723 6.4826 14.5046
 0 0.01708100 13.6936 6.5653 14.4192
 0 0.01432600 13.7113 6.6347 14.3476
 0 0.01957050 13.7354 6.7295 14.2497
 0 0.01804140 13.7575 6.8170 14.1595
 0 0.01657910 13.7777 6.8974 14.0766
 0 0.01399930 13.7946 6.9653 14.0066
 0 0.01733580 13.8155 7.0495 13.9200
 0 0.01625030 13.8349 7.1284 13.8387
 0 0.01875300 13.8572 7.2194 13.7450
 0 0.01504540 13.8749 7.2925 13.6697
 0 0.01578780 13.8935 7.3693 13.5908
 0 0.01778450 13.9143 7.4557 13.5019
 0 0.01770870 13.9348 7.5419 13.4133
 0 0.01564460 13.9528 7.6180 13.3351
 0 0.01657990 13.9718 7.6987 13.2522
 0 0.01838180 13.9928 7.7882 13.1603
 0 0.01476370 14.0095 7.8601 13.0865
 0 0.01701070 14.0286 7.9429 13.0014
 0 0.01548780 14.0321 8.0184 12.9240
 0 0.01853160 14.0322 8.1088 12.8313
 0 0.01637300 14.0323 8.1886 12.7495
 0 0.01625820 14.0325 8.2679 12.6682
 0 0.01522790 14.0326 8.3422 12.5920
 0 0.01651430 14.0327 8.4228 12.5095
 0 0.01690600 14.0328 8.5054 12.4249
 0 0.01785700 14.0329 8.5926 12.3356
 0 0.01631630 14.0330 8.6723 12.2541
 0 0.01737750 14.0331 8.7573 12.1672
 0 0.01712560 14.0333 8.8410 12.0815
 0 0.01522690 14.0334 8.9155 12.0054
 0 0.01831820 14.0335 9.0051 11.9138
 0 0.01621430 14.0336 9.0844 11.8327
 0 0.01756920 14.0337 9.1704 11.7449
 0 0.01613490 14.0338 9.2494 11.6642
 0 0.01470800 14.0339 9.3215 11.5907
 0 0.01903620 14.0341 9.4148 11.4955
 0 0.01303430 14.0342 9.4786 11.4303
 0 0.01896430 14.0343 9.5716 11.3355
 0 0.01523820 14.0344 9.6463 11.2593
 0 0.01941600 14.0345 9.7416 11.1622
 0 0.01629110 14.0346 9.8215 11.0808
 0 0.01703770 14.0347 9.9051 10.9956
 0 0.01618320 14.0349 9.9846 10.9147
 0 0.01694260 14.0350 10.0678 10.8300
 0 0.01641700 14.0351 10.1484 10.7479
 0 0.01716580 14.0352 10.2328 10.6620
 0 0.01686160 14.0353 10.3157 10.5777
 0 0.01650880 14.0354 10.3968 10.4952
 0 0.01600940 14.0355 10.4756 10.4151
 0 0.01593840 14.0357 10.5540 10.3355
 0 0.01662630 14.0358 10.6358 10.2523
 0 0.01736730 14.0359 10.7212 10.1655
 0 0.01735590 14.0360 10.8067 10.0787
 0 0.01556890 14.0361 10.8833 10.0009
 0 0.01630450 14.0362 10.9636 9.9193
 0 0.01774770 14.0363 11.0511 9.8306
 0 0.01657980 14.0365 11.1328 9.7477
 0 0.01618090 14.0366 11.2125 9.6668
 0 0.01688300 14.0367 11.2958 9.5824
 0 0.01532500 14.0368 11.3713 9.5058
 0 0.01679310 14.0369 11.4542 9.4218
 0 0.02000510 14.0369 11.4542 9.3218
 0 0.01542160 14.0369 11.4542 9.2447
 0 0.01690000 14.0369 11.4542 9.1602
 0 0.01267660 14.0369 11.4542 9.0968
 0 0.01859520 14.0369 11.4542 9.0038
 0 0.01515830 14.0369 11.4542 8.9280
 0 0.01724830 14.0369 11.4542 8.8418
 0 0.01822690 14.0369 11.4542 8.7506
 0 0.01799450 14.0369 11.4542 8.6607
 0 0.01215860 14.0369 11.4542 8.5999
 0 0.02082870 14.0369 11.4542 8.4957
 0 0.01664440 14.0369 11.4542 8.4125
 0 0.01500940 14.0369 11.4542 8.3375
 0 0.01562050 14.0369 11.4542 8.2594
 0 0.01864040 14.0369 11.4542 8.1661
 0 0.01555280 14.0369 11.4542 8.0884
 0 0.01660330 14.0369 11.4542 8.0054
 0 0.01832940 14.0369 11.4542 7.9137
 0 0.01819460 14.0369 11.4542 7.8227
 0 0.01819440 14.0369 11.4542 7.7318
 0 0.01522510 14.0369 11.4542 7.6557
 0 0.01981180 14.0369 11.4542 7.5566
 0 0.01545460 14.0369 11.4542 7.4793
 0 0.01610760 14.0369 11.4542 7.3988
 0 0.01926760 14.0369 11.4542 7.3024
 0 0.01584480 14.0369 11.4542 7.2232
 0 0.01508950 14.0369 11.4542 7.1478
 0 0.01678840 14.0369 11.4542 7.0638
 0 0.01849000 14.0369 11.4542 6.9714
 0 0.01701730 14.0369 11.4542 6.8863
 0 0.01492750 14.0369 11.4542 6.8117
 0 0.01318000 14.0369 11.4542 6.7458
 0 0.01637560 14.0369 11.4542 6.6639
 0 0.01646100 14.0369 11.4542 6.5816
 0 0.01446870 14.0369 11.4542 6.5092
 0 0.01565050 14.0369 11.4542 6.4310
 0 0.01684850 14.0369 11.4542 6.3467
 0 0.01592320 14.0369 11.4542 6.2671
 0 0.02190970 14.0369 11.4542 6.1576
 0 0.01306630 14.0369 11.4542 6.0922
 0 0.01657280 14.0369 11.4542 6.0094
 0 0.01526210 14.0369 11.4542 5.9331
 0 0.01926760 14.0369 11.4542 5.8367
 0 0.01574440 14.0369 11.4542 5.7580
 0 0.01643890 14.0369 11.4542 5.6758
 0 0.01653580 14.0369 11.4542 5.5931
 0 0.01551100 14.0369 11.4542 5.5156
 0 0.01708840 14.0369 11.4542 5.4301
 0 0.01672390 14.0369 11.4542 5.3465
 0 0.01567680 14.0369 11.4542 5.2681
 0 0.01914690 14.0369 11.4542 5.1724
 0 0.01595540 14.0369 11.4542 5.0926
 0 0.01656850 14.0369 11.4542 5.0098
 0 0.01679610 14.0369 11.4542 4.9258
 0 0.01978470 14.0369 11.4542 4.8269
 0 0.01213720 14.0369 11.4542 4.7662
 0 0.01654070 14.0369 11.4542 4.6835
 0 0.01641800 14.0369 11.4542 4.6014
 0 0.01692840 14.0369 11.4542 4.5168
 0 0.01921760 14.0369 11.4542 4.4207
 0 0.01475970 14.0369 11.4542 4.3469
 0 0.01747100 14.0369 11.4542 4.2595
 0 0.01901700 14.0369 11.4542 4.1644
 0 0.01482880 14.0369 11.4542 4.0903
 0 0.01888340 14.0369 11.4542 3.9959
 0 0.01658040 14.0369 11.4542 3.9130
 0 0.01517840 14.0369 11.4542 3.8371
 0 0.01785680 14.0369 11.4542 3.7478
 0 0.01576810 14.0369 11.4542 3.6689
 0 0.01755670 14.0369 11.4542 3.5812
 0 0.01656160 14.0369 11.4542 3.4984
 0 0.01515690 14.0369 11.4542 3.4226
 0 0.01794300 14.0369 11.4542 3.3329
 0 0.01419550 14.0369 11.4542 3.2619
 0 0.01877750 14.0369 11.4542 3.1680
 0 0.01572680 14.0369 11.4542 3.0894
 0 0.01569780 14.0369 11.4542 3.0109
 0 0.01785530 14.0369 11.4542 2.9216
 0 0.01524530 14.0369 11.4542 2.8454
 0 0.01848910 14.0369 11.4542 2.7529
 0 0.01646430 14.0369 11.4542 2.6706
 0 0.01593850 14.0369 11.4542 2.5909
 0 0.01521730 14.0369 11.4542 2.5148
 0 0.01645640 14.0369 11.4542 2.4325
 0 0.01680950 14.0369 11.4542 2.3485
 0 0.02020160 14.0369 11.4542 2.2475
 0 0.01709400 14.0369 11.4542 2.1620
 0 0.01624780 14.0369 11.4542 2.0808
 0 0.01671380 14.0369 11.4542 1.9972
 0 0.01512190 14.0369 11.4542 1.9216
 0 0.01686540 14.0369 11.4542 1.8373
 0 0.01826690 14.0369 11.4542 1.7459
 0 0.01614960 14.0369 11.4542 1.6652
 0 0.01305600 14.0369 11.4542 1.5999
 0 0.02048750 14.0369 11.4542 1.4975
 0 0.01709380 14.0369 11.4542 1.4120
 0 0.01626080 14.0369 11.4542 1.3307
 0 0.01781110 14.0369 11.4542 1.2416
 0 0.01297470 14.0369 11.4542 1.1768
 0 0.01753180 14.0369 11.4542 1.0891
 0 0.01889040 14.0369 11.4542 0.9947
 0 0.01627280 14.0369 11.4542 0.9133
 0 0.01558230 14.0369 11.4542 0.8354
 0 0.01798680 14.0369 11.4542 0.7454
 0 0.01675590 14.0369 11.4542 0.6617
 0 0.01637950 14.0369 11.4542 0.5798
 0 0.01718890 14.0369 11.4542 0.4938
 0 0.01648600 14.0369 11.4542 0.4114
 0 0.01312990 14.0369 11.4542 0.3457
 0 0.02008780 14.0369 11.4542 0.2453
 0 0.01624680 14.0369 11.4542 0.1641
 0 0.01706640 14.0369 11.4542 0.0787
 0 0.01569700 14.0369 11.4542 0.0003
 0 0.01745050 14.0369 11.4542 359.9130
 0 0.01626980 14.0369 11.4542 359.8317
 0 0.01699800 14.0369 11.4542 359.7467
 0 0.01277590 14.0369 11.4542 359.6828
 0 0.02028330 14.0369 11.4542 359.5814
 0 0.01581460 14.0369 11.4542 359.5023
 0 0.01352650 14.0369 11.4542 359.4347
 0 0.01911670 14.0369 11.4542 359.3391
 0 0.01708140 14.0369 11.4542 359.2537
 0 0.01636120 14.0369 11.4542 359.1719
 0 0.01673970 14.0369 11.4542 359.0882
 0 0.01744420 14.0369 11.4542 359.0009
 0 0.01536260 14.0369 11.4542 358.9241
 0 0.01722880 14.0369 11.4542 358.8380
 0 0.01798850 14.0369 11.4542 358.7480
 0 0.01442890 14.0369 11.4542 358.6759
 0 0.01951280 14.0369 11.4542 358.5783
 0 0.01481920 14.0369 11.4542 358.5042
 0 0.01671830 14.0369 11.4542 358.4207
 0 0.01682470 14.0369 11.4542 358.3365
 0 0.01685870 14.0369 11.4542 358.2522
 0 0.01694670 14.0369 11.4542 358.1675
 0 0.01664880 14.0369 11.4542 358.0843
 0 0.01646280 14.0369 11.4542 358.0020
 0 0.01653580 14.0369 11.4542 357.9193
 0 0.01717310 14.0369 11.4542 357.8334
 0 0.02000440 14.0369 11.4542 357.7334
 0 0.01719320 14.0369 11.4542 357.6474
 0 0.01659790 14.0369 11.4542 357.5644
 0 0.01777710 14.0369 11.4542 357.4755
 0 0.01700050 14.0369 11.4542 357.3905
 0 0.01775570 14.0369 11.4542 357.3018
 0 0.01485450 14.0369 11.4542 357.2275
 0 0.01512580 14.0369 11.4542 357.1519
 0 0.01788250 14.0369 11.4542 357.0624
 0 0.01629950 14.0369 11.4542 356.9810
 0 0.01804460 14.0369 11.4542 356.8907
 0 0.01575170 14.0369 11.4542 356.8120
 0 0.01547130 14.0369 11.4542 356.7346
 0 0.01424160 14.0369 11.4542 356.6634
 0 0.01544870 14.0369 11.4542 356.5862
 0 0.01601700 14.0369 11.4542 356.5061
 0 0.01617200 14.0369 11.4542 356.4252
 0 0.01874940 14.0369 11.4542 356.3315
 0 0.01624970 14.0369 11.4542 356.2502
 0 0.01720230 14.0369 11.4542 356.1642
 0 0.01554160 14.0369 11.4542 356.0865
 0 0.01654610 14.0369 11.4542 356.0038
 0 0.01692930 14.0369 11.4542 355.9191
 0 0.01586770 14.0369 11.4542 355.8398
 0 0.01749740 14.0369 11.4542 355.7523
 0 0.01640520 14.0369 11.4542 355.6703
 0 0.01826690 14.0369 11.4542 355.5789
 0 0.01646400 14.0369 11.4542 355.4966
 0 0.01604120 14.0369 11.4542 355.4164
 0 0.01710080 14.0369 11.4542 355.3309
 0 0.01704850 14.0369 11.4542 355.2457
 0 0.01531590 14.0369 11.4542 355.1691
 0 0.01707500 14.0369 11.4542 355.0837
 0 0.01754730 14.0369 11.4542 354.9960
 0 0.01580090 14.0369 11.4542 354.9170
 0 0.01749410 14.0369 11.4542 354.8295
 0 0.01654130 14.0369 11.4542 354.7468
 0 0.01734750 14.0369 11.4542 354.6600
 0 0.01537160 14.0369 11.4542 354.5832
 0 0.01711940 14.0369 11.4542 354.4976
 0 0.01613210 14.0369 11.4542 354.4169
 0 0.01766630 14.0369 11.4542 354.3286
 0 0.01636430 14.0369 11.4542 354.2468
 0 0.01565030 14.0369 11.4542 354.1685
 0 0.01773120 14.0369 11.4542 354.0799
 0 0.01560190 14.0369 11.4542 354.0019
 0 0.01660850 14.0369 11.4542 353.9188
 0 0.01765890 14.0369 11.4542 353.8305
 0 0.01718640 14.0369 11.4542 353.7446
 0 0.01644750 14.0369 11.4542 353.6624
 0 0.01676010 14.0369 11.4542 353.5786
 0 0.01695070 14.0369 11.4542 353.4938
 0 0.01367560 14.0369 11.4542 353.4254
 0 0.01941140 14.0369 11.4542 353.3284
 0 0.01625900 14.0369 11.4542 353.2471
 0 0.01623380 14.0369 11.4542 353.1659
 0 0.01632020 14.0369 11.4542 353.0843
 0 0.01639280 14.0369 11.4542 353.0023
 0 0.01724270 14.0369 11.4542 352.9161
 0 0.01788030 14.0369 11.4542 352.8267
 0 0.01466150 14.0369 11.4542 352.7534
 0 0.01657600 14.0369 11.4542 352.6705
 0 0.01854980 14.0369 11.4542 352.5778
 0 0.01521790 14.0369 11.4542 352.5017
 0 0.01654780 14.0369 11.4542 352.4189
 0 0.01778080 14.0369 11.4542 352.3300
 0 0.01568880 14.0369 11.4542 352.2516
 0 0.01749050 14.0369 11.4542 352.1642
 0 0.01521140 14.0369 11.4542 352.0881
 0 0.01700380 14.0369 11.4542 352.0031
 0 0.01847590 14.0369 11.4542 351.9107
 0 0.01522480 14.0369 11.4542 351.8346
 0 0.01702370 14.0369 11.4542 351.7495
 0 0.01593210 14.0369 11.4542 351.6698
 0 0.01656000 14.0369 11.4542 351.5870
 0 0.01694810 14.0369 11.4542 351.5023
 0 0.01725740 14.0369 11.4542 351.4160
 0 0.01572320 14.0369 11.4542 351.3374
 0 0.01792390 14.0369 11.4542 351.2477
 0 0.01673700 14.0369 11.4542 351.1641
 0 0.01501150 14.0369 11.4542 351.0890
 0 0.01778420 14.0369 11.4542 351.0001
 0 0.01655890 14.0369 11.4542 350.9173
 0 0.01709410 14.0369 11.4542 350.8318
 0 0.01565290 14.0369 11.4542 350.7535
 0 0.01728750 14.0369 11.4542 350.6671
 0 0.01651460 14.0369 11.4542 350.5845
 0 0.01626160 14.0369 11.4542 350.5032
 0 0.01541820 14.0369 11.4542 350.4261
 0 0.01868220 14.0369 11.4542 350.3327
 0 0.01557480 14.0369 11.4542 350.2549
 0 0.01726430 14.0369 11.4542 350.1685
 0 0.01594460 14.0369 11.4542 350.0888
 0 0.01711660 14.0369 11.4542 350.0032
 0 0.01668560 14.0369 11.4542 349.9198
 0 0.01641050 14.0369 11.4542 349.8377
 0 0.01833910 14.0369 11.4542 349.7460
 0 0.01608770 14.0369 11.4542 349.6656
 0 0.01429760 14.0369 11.4542 349.5941
 0 0.01992880 14.0369 11.4542 349.4945
 0 0.01468890 14.0369 11.4542 349.4210
 0 0.01436260 14.0369 11.4542 349.3492
 0 0.01961490 14.0369 11.4542 349.2512
 0 0.01591700 14.0369 11.4542 349.1716
 0 0.01891760 14.0369 11.4542 349.0770
 0 0.01724070 14.0369 11.4542 348.9908
 0 0.01612650 14.0369 11.4542 348.9101
 0 0.01641280 14.0369 11.4542 348.8281
 0 0.01521240 14.0369 11.4542 348.7520
 0 0.01690630 14.0369 11.4542 348.6675
 0 0.01690820 14.0369 11.4542 348.5829
 0 0.01719240 14.0369 11.4542 348.4970
 0 0.01301730 14.0369 11.4542 348.4319
 0 0.01926470 14.0369 11.4542 348.3356
 0 0.01707910 14.0369 11.4542 348.2502
 0 0.01635940 14.0369 11.4542 348.1684
 0 0.01596150 14.0369 11.4542 348.0886
 0 0.01927950 14.0369 11.4542 347.9922
 0 0.01332390 14.0369 11.4542 347.9255
 0 0.01567440 14.0369 11.4542 347.8472
 0 0.01567800 14.0369 11.4542 347.7688
 0 0.02289170 14.0369 11.4542 347.6543
 0 0.01920690 14.0369 11.4542 347.5583
 0 0.01677980 14.0369 11.4542 347.4744
 0 0.01429510 14.0369 11.4542 347.4029
 0 0.01769540 14.0369 11.4542 347.3145
 0 0.01810390 14.0369 11.4542 347.2239
 0 0.01501490 14.0369 11.4542 347.1488
 0 0.01722570 14.0369 11.4542 347.0627
 0 0.01579830 14.0369 11.4542 346.9837
 0 0.01727870 14.0369 11.4542 346.8973
 0 0.01712820 14.0369 11.4542 346.8117
 0 0.01771310 14.0369 11.4542 346.7231
 0 0.01681100 14.0369 11.4542 346.6391
 0 0.01096960 14.0369 11.4542 346.5842
 0 0.01748880 14.0369 11.4542 346.4968
 0 0.01536060 14.0369 11.4542 346.4200
 0 0.01605390 14.0369 11.4542 346.3397
 0 0.01702260 14.0369 11.4542 346.2546
 0 0.01693270 14.0369 11.4542 346.1699
 0 0.01499880 14.0369 11.4542 346.0949
 0 0.01816400 14.0369 11.4542 346.0041
 0 0.01716140 14.0369 11.4542 345.9183
 0 0.01628590 14.0369 11.4542 345.8369
 0 0.01607570 14.0369 11.4542 345.7565
 0 0.01877830 14.0369 11.4542 345.6626
 0 0.01538130 14.0369 11.4542 345.5857
 0 0.01654800 14.0369 11.4542 345.5030
 0 0.01634800 14.0369 11.4542 345.4212
 0 0.01793040 14.0369 11.4542 345.3316
 0 0.01617030 14.0369 11.4542 345.2507
 0 0.01616090 14.0369 11.4542 345.1699
 0 0.01610840 14.0369 11.4542 345.0894
 0 0.01912210 14.0369 11.4542 344.9938
 0 0.01491570 14.0369 11.4542 344.9192
 0 0.01747500 14.0369 11.4542 344.8318
 0 0.01695320 14.0369 11.4542 344.7470
 0 0.01545340 14.0369 11.4542 344.6698
 0 0.01602710 14.0369 11.4542 344.5896
 0 0.01926190 14.0369 11.4542 344.4933
 0 0.01618200 14.0369 11.4542 344.4124
 0 0.01620260 14.0369 11.4542 344.3314
 0 0.01556540 14.0369 11.4542 344.2536
 0 0.01883700 14.0369 11.4542 344.1594
 0 0.01436900 14.0369 11.4542 344.0876
 0 0.01690620 14.0369 11.4542 344.0030
 0 0.01659960 14.0369 11.4542 343.9200
 0 0.01662720 14.0369 11.4542 343.8369
 0 0.01712030 14.0369 11.4542 343.7513
 0 0.01631410 14.0369 11.4542 343.6697
 0 0.01635940 14.0369 11.4542 343.5879
 0 0.01627290 14.0369 11.4542 343.5066
 0 0.01902310 14.0369 11.4542 343.4114
 0 0.01429600 14.0369 11.4542 343.3400
 0 0.01689940 14.0369 11.4542 343.2555
 0 0.01947210 14.0369 11.4542 343.1581
 0 0.01459970 14.0369 11.4542 343.0851
 0 0.01802440 14.0369 11.4542 342.9950
 0 0.01649800 14.0369 11.4542 342.9125
 0 0.01521510 14.0369 11.4542 342.8364
 0 0.01619890 14.0369 11.4542 342.7554
 0 0.01699240 14.0369 11.4542 342.6704
 0 0.01540760 14.0369 11.4542 342.5934
 0 0.01792810 14.0369 11.4542 342.5038
 0 0.01626610 14.0369 11.4542 342.4225
 0 0.01706330 14.0369 11.4542 342.3371
 0 0.01755350 14.0369 11.4542 342.2494
 0 0.01671280 14.0369 11.4542 342.1658
 0 0.01472070 14.0369 11.4542 342.0922
 0 0.01860680 14.0369 11.4542 341.9991
 0 0.01547370 14.0369 11.4542 341.9218
 0 0.01820800 14.0369 11.4542 341.8307
 0 0.01413900 14.0369 11.4542 341.7601
 0 0.01949710 14.0369 11.4542 341.6626
 0 0.01722130 14.0369 11.4542 341.5765
 0 0.01587600 14.0369 11.4542 341.4971
 0 0.01557320 14.0369 11.4542 341.4192
 0 0.01691250 14.0369 11.4542 341.3347
 0 0.01752530 14.0369 11.4542 341.2470
 0 0.01415620 14.0369 11.4542 341.1762
 0 0.01822940 14.0369 11.4542 341.0851
 0 0.01739840 14.0369 11.4542 340.9981
 0 0.01630290 14.0369 11.4542 340.9166
 0 0.01739840 14.0369 11.4542 340.8296
 0 0.01581220 14.0369 11.4542 340.7505
 0 0.01650830 14.0369 11.4542 340.6680
 0 0.01585340 14.0369 11.4542 340.5887
 0 0.01787260 14.0369 11.4542 340.4994
 0 0.01608940 14.0369 11.4542 340.4189
 0 0.01703930 14.0369 11.4542 340.3337
 0 0.01661450 14.0369 11.4542 340.2506
 0 0.01633380 14.0369 11.4542 340.1690
 0 0.01767720 14.0369 11.4542 340.0806
 0 0.01489710 14.0369 11.4542 340.0061
 0 0.01845650 14.0369 11.4542 339.9138
 0 0.01688050 14.0369 11.4542 339.8294
 0 0.01704850 14.0369 11.4542 339.7442
 0 0.01481500 14.0369 11.4542 339.6701
 0 0.01679530 14.0369 11.4542 339.5861
 0 0.01686210 14.0369 11.4542 339.5018
 0 0.01635990 14.0369 11.4542 339.4200
 0 0.01410330 14.0369 11.4542 339.3495
 0 0.02014220 14.0369 11.4542 339.2488
 0 0.01296310 14.0369 11.4542 339.1840
 0 0.02133220 14.0369 11.4542 339.0773
 0 0.01449190 14.0369 11.4542 339.0049
 0 0.01698320 14.0369 11.4542 338.9200
 0 0.01666620 14.0369 11.4542 338.8366
 0 0.01757430 14.0369 11.4542 338.7487
 0 0.01528050 14.0369 11.4542 338.6723
 0 0.01706840 14.0369 11.4542 338.5870
 0 0.01610630 14.0369 11.4542 338.5065
 0 0.01843110 14.0369 11.4542 338.4143
 0 0.01702960 14.0369 11.4542 338.3292
 0 0.01515760 14.0369 11.4542 338.2534
 0 0.01710530 14.0369 11.4542 338.1678
 0 0.01757110 14.0369 11.4542 338.0800
 0 0.01524940 14.0369 11.4542 338.0038
 0 0.01683840 14.0369 11.4542 337.9196
 0 0.01805340 14.0369 11.4542 337.8293
 0 0.01724920 14.0369 11.4542 337.7430
 0 0.01494710 14.0369 11.4542 337.6683
 0 0.01897960 14.0369 11.4542 337.5734
 0 0.01831180 14.0369 11.4542 337.4818
 0 0.01635470 14.0369 11.4542 337.4001
 0 0.01757720 14.0369 11.4542 337.3122
 0 0.01638630 14.0369 11.4542 337.2303
 0 0.01665130 14.0369 11.4542 337.1470
 0 0.01728580 14.0369 11.4542 337.0606
 0 0.01746610 14.0369 11.4542 336.9732
 0 0.01694960 14.0369 11.4542 336.8885
 0 0.01733450 14.0369 11.4542 336.8018
 0 0.01446310 14.0369 11.4542 336.7295
 0 0.01752170 14.0369 11.4542 336.6419
 0 0.01405630 14.0369 11.4542 336.5716
 0 0.01376480 14.0369 11.4542 336.5028
 0 0.01794340 14.0369 11.4542 336.4131
 0 0.01513580 14.0369 11.4542 336.3374
 0 0.01764310 14.0369 11.4542 336.2492
 0 0.01649920 14.0369 11.4542 336.1667
 0 0.01604140 14.0369 11.4542 336.0865
 0 0.01871460 14.0369 11.4542 335.9929
 0 0.01634250 14.0369 11.4542 335.9112
 0 0.01552440 14.0369 11.4542 335.8336
 0 0.01811340 14.0369 11.4542 335.7430
 0 0.01670940 14.0369 11.4542 335.6595
 0 0.01632010 14.0369 11.4542 335.5779
 0 0.01660040 14.0369 11.4542 335.4948
 0 0.01594640 14.0369 11.4542 335.4151
 0 0.01772170 14.0369 11.4542 335.3265
 0 0.01487340 14.0369 11.4542 335.2521
 0 0.01778220 14.0369 11.4542 335.1632
 0 0.01667980 14.0369 11.4542 335.0798
 0 0.01549560 14.0369 11.4542 335.0023
 0 0.01773990 14.0369 11.4542 334.9137
 0 0.01664310 14.0369 11.4542 334.8304
 0 0.01700320 14.0369 11.4542 334.7454
 0 0.01694640 14.0369 11.4542 334.6607
 0 0.01450420 14.0369 11.4542 334.5882
 0 0.01675440 14.0369 11.4542 334.5044
 0 0.01761940 14.0369 11.4542 334.4163
 0 0.01767710 14.0369 11.4542 334.3279
 0 0.01602660 14.0369 11.4542 334.2478
 0 0.01711500 14.0369 11.4542 334.1622
 0 0.01553530 14.0369 11.4542 334.0845
 0 0.01723300 14.0369 11.4542 333.9984
 0 0.01524490 14.0369 11.4542 333.9221
 0 0.01936500 14.0369 11.4542 333.8253
 0 0.01638900 14.0369 11.4542 333.7434
 0 0.01629920 14.0369 11.4542 333.6619
 0 0.01521940 14.0369 11.4542 333.5858
 0 0.01676730 14.0369 11.4542 333.5020
 0 0.01884240 14.0369 11.4542 333.4077
 0 0.01631680 14.0369 11.4542 333.3261
 0 0.01546960 14.0369 11.4542 333.2488
 0 0.01763100 14.0369 11.4542 333.1606
 0 0.01525770 14.0369 11.4542 333.0844
 0 0.01606130 14.0369 11.4542 333.0041
 0 0.01901480 14.0369 11.4542 332.9090
 0 0.01378590 14.0369 11.4542 332.8401
 0 0.01534780 14.0369 11.4542 332.7633
 0 0.01682530 14.0369 11.4542 332.6792
 0 0.01854140 14.0369 11.4542 332.5865
 0 0.01615390 14.0369 11.4542 332.5057
 0 0.01627210 14.0369 11.4542 332.4243
 0 0.01735190 14.0369 11.4542 332.3376
 0 0.01709570 14.0369 11.4542 332.2521
 0 0.01633700 14.0369 11.4542 332.1704
 0 0.01693720 14.0369 11.4542 332.0857
 0 0.01832440 14.0369 11.4542 331.9941
 0 0.01635480 14.0369 11.4542 331.9124
 0 0.01502390 14.0369 11.4542 331.8372
 0 0.01875290 14.0369 11.4542 331.7434
 0 0.01620250 14.0369 11.4542 331.6624
 0 0.01555530 14.0369 11.4542 331.5847
 0 0.01717580 14.0369 11.4542 331.4988
 0 0.01692320 14.0369 11.4542 331.4142
 0 0.01662020 14.0369 11.4542 331.3311
 0 0.01730210 14.0369 11.4542 331.2446
 0 0.01605000 14.0369 11.4542 331.1643
 0 0.01529240 14.0369 11.4542 331.0879
 0 0.01825070 14.0369 11.4542 330.9966
 0 0.01659600 14.0369 11.4542 330.9136
 0 0.01725770 14.0369 11.4542 330.8273
 0 0.01581570 14.0369 11.4542 330.7482
 0 0.01733250 14.0369 11.4542 330.6616
 0 0.01594810 14.0369 11.4542 330.5818
 0 0.01619270 14.0369 11.4542 330.5009
 0 0.01764060 14.0369 11.4542 330.4127
 0 0.01554490 14.0369 11.4542 330.3350
 0 0.01726780 14.0369 11.4542 330.2486
 0 0.01659890 14.0369 11.4542 330.1656
 0 0.01687990 14.0369 11.4542 330.0812
 0 0.01532690 14.0369 11.4542 330.0046
 0 0.01767990 14.0369 11.4542 329.9162
 0 0.01578930 14.0369 11.4542 329.8372
 0 0.01719210 14.0369 11.4542 329.7513
 0 0.01816440 14.0369 11.4542 329.6605
 0 0.01578990 14.0369 11.4542 329.5815
 0 0.01763990 14.0369 11.4542 329.4933
 0 0.01594520 14.0369 11.4542 329.4136
 0 0.01687850 14.0369 11.4542 329.3292
 0 0.01621020 14.0369 11.4542 329.2481
 0 0.01680810 14.0369 11.4542 329.1641
 0 0.01590570 14.0369 11.4542 329.0846
 0 0.01536370 14.0369 11.4542 329.0078
 0 0.01881860 14.0369 11.4542 328.9137
 0 0.01738470 14.0369 11.4542 328.8267
 0 0.01488650 14.0369 11.4542 328.7523
 0 0.01606480 14.0369 11.4542 328.6720
 0 0.01713550 14.0369 11.4542 328.5863
 0 0.01719450 14.0369 11.4542 328.5003
 0 0.01609130 14.0369 11.4542 328.4199
 0 0.01863650 14.0369 11.4542 328.3267
 0 0.01620120 14.0369 11.4542 328.2457
 0 0.01652380 14.0369 11.4542 328.1631
 0 0.01703900 14.0369 11.4542 328.0779
 0 0.01528930 14.0369 11.4542 328.0014
 0 0.01778410 14.0369 11.4542 327.9125
 0 0.01673620 14.0369 11.4542 327.8288
 0 0.01648600 14.0369 11.4542 327.7464
 0 0.01738050 14.0369 11.4542 327.6595
 0 0.01932280 14.0369 11.4542 327.5629
 0 0.01850660 14.0369 11.4542 327.4703
 0 0.01640810 14.0369 11.4542 327.3883
 0 0.01511670 14.0369 11.4542 327.3127
 0 0.01598080 14.0369 11.4542 327.2328
 0 0.01753860 14.0369 11.4542 327.1451
 0 0.01718770 14.0369 11.4542 327.0592
 0 0.01640690 14.0369 11.4542 326.9771
 0 0.01747130 14.0369 11.4542 326.8898
 0 0.01536840 14.0369 11.4542 326.8129
 0 0.01718240 14.0369 11.4542 326.7270
 0 0.01644640 14.0369 11.4542 326.6448
 0 0.01797790 14.0369 11.4542 326.5549
 0 0.01261040 14.0369 11.4542 326.4919
 0 0.01482220 14.0369 11.4542 326.4178
 0 0.01582520 14.0369 11.4542 326.3386
 0 0.01835560 14.0369 11.4542 326.2468
 0 0.01582540 14.0369 11.4542 326.1677
 0 0.01628830 14.0369 11.4542 326.0863
 0 0.01610480 14.0369 11.4542 326.0057
 0 0.01786320 14.0369 11.4542 325.9164
 0 0.01345930 14.0369 11.4542 325.8491
 0 0.02028400 14.0369 11.4542 325.7477
 0 0.01580720 14.0369 11.4542 325.6687
 0 0.01678140 14.0369 11.4542 325.5848
 0 0.01767860 14.0369 11.4542 325.4964
 0 0.01669300 14.0369 11.4542 325.4129
 0 0.01570440 14.0369 11.4542 325.3344
 0 0.01673190 14.0369 11.4542 325.2507
 0 0.01786510 14.0369 11.4542 325.1614
 0 0.01646230 14.0369 11.4542 325.0791
 0 0.01454080 14.0369 11.4542 325.0064
 0 0.01822770 14.0369 11.4542 324.9153
 0 0.01671910 14.0369 11.4542 324.8317
 0 0.01559890 14.0369 11.4542 324.7537
 0 0.01722960 14.0369 11.4542 324.6675
 0 0.01602630 14.0369 11.4542 324.5874
 0 0.01777310 14.0369 11.4542 324.4985
 0 0.01503710 14.0369 11.4542 324.4233
 0 0.01904960 14.0369 11.4542 324.3281
 0 0.01480120 14.0369 11.4542 324.2541
 0 0.01898060 14.0369 11.4542 324.1592
 0 0.01487270 14.0369 11.4542 324.0848
 0 0.01744500 14.0369 11.4542 323.9976
 0 0.01700240 14.0369 11.4542 323.9126
 0 0.01680930 14.0369 11.4542 323.8285
 0 0.01691980 14.0369 11.4542 323.7439
 0 0.01626500 14.0369 11.4542 323.6626
 0 0.01696470 14.0369 11.4542 323.5778
 0 0.01542940 14.0369 11.4542 323.5006
 0 0.01681400 14.0369 11.4542 323.4166
 0 0.01645660 14.0369 11.4542 323.3343
 0 0.01603710 14.0369 11.4542 323.2541
 0 0.01666410 14.0369 11.4542 323.1708
 0 0.01798800 14.0369 11.4542 323.0808
 0 0.01533660 14.0369 11.4542 323.0042
 0 0.01713680 14.0369 11.4542 322.9185
 0 0.01670480 14.0369 11.4542 322.8349
 0 0.01612210 14.0369 11.4542 322.7543
 0 0.01861170 14.0369 11.4542 322.6613
 0 0.01545920 14.0369 11.4542 322.5840
 0 0.01773880 14.0369 11.4542 322.4953
 0 0.01678720 14.0369 11.4542 322.4113
 0 0.01286850 14.0369 11.4542 322.3470
 0 0.01716290 14.0369 11.4542 322.2612
 0 0.01682710 14.0369 11.4542 322.1770
 0 0.01560700 14.0369 11.4542 322.0990
 0 0.01858460 14.0369 11.4542 322.0061
 0 0.01748510 14.0369 11.4542 321.9186
 0 0.01679880 14.0369 11.4542 321.8347
 0 0.01638990 14.0369 11.4542 321.7527
 0 0.01781050 14.0369 11.4542 321.6637
 0 0.01713260 14.0369 11.4542 321.5780
 0 0.01493360 14.0369 11.4542 321.5033
 0 0.01570790 14.0369 11.4542 321.4248
 0 0.01905400 14.0369 11.4542 321.3295
 0 0.01577130 14.0369 11.4542 321.2507
 0 0.01778970 14.0369 11.4542 321.1617
 0 0.01622320 14.0369 11.4542 321.0806
 0 0.01620550 14.0369 11.4542 320.9996
 0 0.01589750 14.0369 11.4542 320.9201
 0 0.01670260 14.0369 11.4542 320.8366
 0 0.01698070 14.0369 11.4542 320.7516
 0 0.01707450 14.0369 11.4542 320.6663
 0 0.01705070 14.0369 11.4542 320.5810
 0 0.01568620 14.0369 11.4542 320.5026
 0 0.01646250 14.0369 11.4542 320.4203
 0 0.01665370 14.0369 11.4542 320.3370
 0 0.01797090 14.0369 11.4542 320.2472
 0 0.01512960 14.0369 11.4542 320.1715
 0 0.01770180 14.0369 11.4542 320.0830
 0 0.01722510 14.0369 11.4542 319.9969
 0 0.01686080 14.0369 11.4542 319.9126
 0 0.01573710 14.0369 11.4542 319.8339
 0 0.01672680 14.0369 11.4542 319.7502
 0 0.01733580 14.0369 11.4542 319.6636
 0 0.01572970 14.0369 11.4542 319.5849
 0 0.01758570 14.0369 11.4542 319.4970
 0 0.01266760 14.0369 11.4542 319.4337
 0 0.01930370 14.0369 11.4542 319.3372
 0 0.01698500 14.0369 11.4542 319.2522
 0 0.01777180 14.0369 11.4542 319.1634
 0 0.01673490 14.0369 11.4542 319.0797
 0 0.01681090 14.0369 11.4542 318.9956
 0 0.01498680 14.0369 11.4542 318.9207
 0 0.01836360 14.0369 11.4542 318.8289
 0 0.01672570 14.0369 11.4542 318.7453
 0 0.01392450 14.0369 11.4542 318.6756
 0 0.01845920 14.0369 11.4542 318.5833
 0 0.01684240 14.0369 11.4542 318.4991
 0 0.01708370 14.0369 11.4542 318.4137
 0 0.01578750 14.0369 11.4542 318.3348
 0 0.01735150 14.0369 11.4542 318.2480
 0 0.01639020 14.0369 11.4542 318.1661
 0 0.01684390 14.0369 11.4542 318.0818
 0 0.01610380 14.0369 11.4542 318.0013
 0 0.01744330 14.0369 11.4542 317.9141
 0 0.01587090 14.0369 11.4542 317.8347
 0 0.01662960 14.0369 11.4542 317.7516
 0 0.01739820 14.0369 11.4542 317.6646
 0 0.01573340 14.0369 11.4542 317.5859
 0 0.01996810 14.0369 11.4542 317.4861
 0 0.01870920 14.0369 11.4542 317.3925
 0 0.01605500 14.0369 11.4542 317.3123
 0 0.01776720 14.0369 11.4542 317.2234
 0 0.01608890 14.0369 11.4542 317.1430
 0 0.01691390 14.0369 11.4542 317.0584
 0 0.01586370 14.0369 11.4542 316.9791
 0 0.01792850 14.0369 11.4542 316.8895
 0 0.01603290 14.0369 11.4542 316.8093
 0 0.01674210 14.0369 11.4542 316.7256
 0 0.01789620 14.0369 11.4542 316.6361
 0 0.01558730 14.0369 11.4542 316.5582
 0 0.01707950 14.0369 11.4542 316.4728
 0 0.01168110 14.0369 11.4542 316.4144
 0 0.01647400 14.0369 11.4542 316.3320
 0 0.01564600 14.0369 11.4542 316.2538
 0 0.01846030 14.0369 11.4542 316.1615
 0 0.01482250 14.0369 11.4542 316.0873
 0 0.01678480 14.0369 11.4542 316.0034
 0 0.01696790 14.0369 11.4542 315.9186
 0 0.01663530 14.0369 11.4542 315.8354
 0 0.01720270 14.0369 11.4542 315.7494
 0 0.01611330 14.0369 11.4542 315.6688
 0 0.01760840 14.0369 11.4542 315.5808
 0 0.01736440 14.0369 11.4542 315.4940
 0 0.01419540 14.0369 11.4542 315.4230
 0 0.01716620 14.0369 11.4542 315.3372
 0 0.01679970 14.0369 11.4542 315.2531
 0 0.01687710 14.0369 11.4542 315.1688
 0 0.01604060 14.0369 11.4542 315.0886
 0 0.01737340 14.0369 11.4542 315.0017
 0 0.01663910 14.0369 11.4542 314.9185
 0 0.01654080 14.0369 11.4542 314.8358
 0 0.01468870 14.0369 11.4542 314.7624
 0 0.01892330 14.0369 11.4542 314.6678
 0 0.01423560 14.0369 11.4542 314.5966
 0 0.01686540 14.0369 11.4542 314.5122
 0 0.01963530 14.0369 11.4542 314.4141
 0 0.01539570 14.0369 11.4542 314.3371
 0 0.01595270 14.0369 11.4542 314.2573
 0 0.01485220 14.0369 11.4542 314.1830
 0 0.01695560 14.0369 11.4542 314.0983
 0 0.01888900 14.0369 11.4542 314.0038
 0 0.01631020 14.0369 11.4542 313.9223
 0 0.01891400 14.0369 11.4542 313.8277
 0 0.02016310 14.0369 11.4542 313.7269
 0 0.01110210 14.0369 11.4542 313.6714
 0 0.01695230 14.0369 11.4542 313.5866
 0 0.01811470 14.0369 11.4542 313.4961
 0 0.01519580 14.0369 11.4542 313.4201
 0 0.01662540 14.0369 11.4542 313.3369
 0 0.01825880 14.0369 11.4542 313.2457
 0 0.01564900 14.0369 11.4542 313.1674
 0 0.01562170 14.0369 11.4542 313.0893
 0 0.01708480 14.0369 11.4542 313.0039
 0 0.01588230 14.0369 11.4542 312.9245
 0 0.01725430 14.0369 11.4542 312.8382
 0 0.01728050 14.0369 11.4542 312.7518
 0 0.01454610 14.0369 11.4542 312.6790
 0 0.02041020 14.0369 11.4542 312.5770
 0 0.01473900 14.0369 11.4542 312.5033
 0 0.01686560 14.0369 11.4542 312.4190
 0 0.01396650 14.0369 11.4542 312.3492
 0 0.01853090 14.0369 11.4542 312.2565
 0 0.01835770 14.0369 11.4542 312.1647
 0 0.01471000 14.0369 11.4542 312.0912
 0 0.01708550 14.0369 11.4542 312.0057
 0 0.01953990 14.0369 11.4542 311.9080
 0 0.01578910 14.0369 11.4542 311.8291
 0 0.01726750 14.0369 11.4542 311.7427
 0 0.01672030 14.0369 11.4542 311.6591
 0 0.01649110 14.0369 11.4542 311.5767
 0 0.01644530 14.0369 11.4542 311.4944
 0 0.01581230 14.0369 11.4542 311.4154
 0 0.01557050 14.0369 11.4542 311.3376
 0 0.01664800 14.0369 11.4542 311.2543
 0 0.01667960 14.0369 11.4542 311.1709
 0 0.01724570 14.0369 11.4542 311.0847
 0 0.01628720 14.0369 11.4542 311.0032
 0 0.01817270 14.0369 11.4542 310.9124
 0 0.01723840 14.0369 11.4542 310.8262
 0 0.01503700 14.0369 11.4542 310.7510
 0 0.01691020 14.0369 11.4542 310.6664
 0 0.01568690 14.0369 11.4542 310.5880
 0 0.01862660 14.0369 11.4542 310.4949
 0 0.01683870 14.0369 11.4542 310.4107
 0 0.01586860 14.0369 11.4542 310.3314
 0 0.01607630 14.0369 11.4542 310.2510
 0 0.01782640 14.0369 11.4542 310.1618
 0 0.01554400 14.0369 11.4542 310.0841
 0 0.01593600 14.0369 11.4542 310.0044
 0 0.01706090 14.0369 11.4542 309.9191
 0 0.01598870 14.0369 11.4542 309.8392
 0 0.01940080 14.0369 11.4542 309.7422
 0 0.01298690 14.0369 11.4542 309.6772
 0 0.01998500 14.0369 11.4542 309.5773
 0 0.01489350 14.0369 11.4542 309.5028
 0 0.01842170 14.0369 11.4542 309.4107
 0 0.01404300 14.0369 11.4542 309.3405
 0 0.01861940 14.0369 11.4542 309.2474
 0 0.01603510 14.0369 11.4542 309.1673
 0 0.01678090 14.0369 11.4542 309.0833
 0 0.01718420 14.0369 11.4542 308.9974
 0 0.01539900 14.0369 11.4542 308.9204
 0 0.01722430 14.0369 11.4542 308.8343
 0 0.01743040 14.0369 11.4542 308.7472
 0 0.01630990 14.0369 11.4542 308.6656
 0 0.01627710 14.0369 11.4542 308.5842
 0 0.01563050 14.0369 11.4542 308.5061
 0 0.01707430 14.0369 11.4542 308.4207
 0 0.01920550 14.0369 11.4542 308.3247
 0 0.01608510 14.0369 11.4542 308.2443
 0 0.01694370 14.0369 11.4542 308.1595
 0 0.01548070 14.0369 11.4542 308.0821
 0 0.01647310 14.0369 11.4542 307.9998
 0 0.01561120 14.0369 11.4542 307.9217
 0 0.01715740 14.0369 11.4542 307.8359
 0 0.01673580 14.0369 11.4542 307.7523
 0 0.01669520 14.0369 11.4542 307.6688
 0 0.01651200 14.0369 11.4542 307.5862
 0 0.01726190 14.0369 11.4542 307.4999
 0 0.01951810 14.0369 11.4542 307.4023
 0 0.01856220 14.0369 11.4542 307.3095
 0 0.01734370 14.0369 11.4542 307.2228
 0 0.01713480 14.0369 11.4542 307.1371
 0 0.01436910 14.0369 11.4542 307.0652
 0 0.01790810 14.0369 11.4542 306.9757
 0 0.01585460 14.0369 11.4542 306.8965
 0 0.01691580 14.0369 11.4542 306.8119
 0 0.01849200 14.0369 11.4542 306.7194
 0 0.01457620 14.0369 11.4542 306.6465
 0 0.01697880 14.0369 11.4542 306.5616
 0 0.01791520 14.0369 11.4542 306.4720
 0 0.01213370 14.0369 11.4542 306.4114
 0 0.01484680 14.0369 11.4542 306.3372
 0 0.01723050 14.0369 11.4542 306.2510
 0 0.01566440 14.0369 11.4542 306.1727
 0 0.01768070 14.0369 11.4542 306.0843
 0 0.01657710 14.0369 11.4542 306.0014
 0 0.01735010 14.0369 11.4542 305.9146
 0 0.01638940 14.0369 11.4542 305.8327
 0 0.01770380 14.0369 11.4542 305.7442
 0 0.01498240 14.0369 11.4542 305.6693
 0 0.01692680 14.0369 11.4542 305.5846
 0 0.01639350 14.0369 11.4542 305.5027
 0 0.01748720 14.0369 11.4542 305.4152
 0 0.01598600 14.0369 11.4542 305.3353
 0 0.01715510 14.0369 11.4542 305.2495
 0 0.01597870 14.0369 11.4542 305.1696
 0 0.01696860 14.0369 11.4542 305.0848
 0 0.01685410 14.0369 11.4542 305.0005
 0 0.01764080 14.0369 11.4542 304.9123
 0 0.01423640 14.0369 11.4542 304.8411
 0 0.01777560 14.0369 11.4542 304.7523
 0 0.01708130 14.0369 11.4542 304.6668
 0 0.01560920 14.0369 11.4542 304.5888
 0 0.01630310 14.0369 11.4542 304.5073
 0 0.01889610 14.0369 11.4542 304.4128
 0 0.01662160 14.0369 11.4542 304.3297
 0 0.01649250 14.0369 11.4542 304.2472
 0 0.01745400 14.0369 11.4542 304.1599
 0 0.01515600 14.0369 11.4542 304.0842
 0 0.01718720 14.0369 11.4542 303.9982
 0 0.01634760 14.0369 11.4542 303.9165
 0 0.01779660 14.0369 11.4542 303.8275
 0 0.01566130 14.0369 11.4542 303.7492
 0 0.01533590 14.0369 11.4542 303.6725
 0 0.01677860 14.0369 11.4542 303.5887
 0 0.01712690 14.0369 11.4542 303.5030
 0 0.01794260 14.0369 11.4542 303.4133
 0 0.01659380 14.0369 11.4542 303.3303
 0 0.01536580 14.0369 11.4542 303.2535
 0 0.01593650 14.0369 11.4542 303.1738
 0 0.01802940 14.0369 11.4542 303.0837
 0 0.01604590 14.0369 11.4542 303.0034
 0 0.01621420 14.0369 11.4542 302.9224
 0 0.01755720 14.0369 11.4542 302.8346
 0 0.01794820 14.0369 11.4542 302.7448
 0 0.01534730 14.0369 11.4542 302.6681
 0 0.01657610 14.0369 11.4542 302.5852
 0 0.01638840 14.0369 11.4542 302.5033
 0 0.01741580 14.0369 11.4542 302.4162
 0 0.01578770 14.0369 11.4542 302.3372
 0 0.01728560 14.0369 11.4542 302.2509
 0 0.01676820 14.0369 11.4542 302.1670
 0 0.01709540 14.0369 11.4542 302.0815
 0 0.01610860 14.0369 11.4542 302.0010
 0 0.01678730 14.0369 11.4542 301.9170
 0 0.01674540 14.0369 11.4542 301.8333
 0 0.01455500 14.0369 11.4542 301.7605
 0 0.01732300 14.0369 11.4542 301.6739
 0 0.01492780 14.0369 11.4542 301.5993
 0 0.01867210 14.0369 11.4542 301.5059
 0 0.01592380 14.0369 11.4542 301.4263
 0 0.01472060 14.0369 11.4542 301.3527
 0 0.01960950 14.0369 11.4542 301.2546
 0 0.01648030 14.0369 11.4542 301.1722
 0 0.01594290 14.0369 11.4542 301.0925
 0 0.01366220 14.0369 11.4542 301.0242
 0 0.02059000 14.0369 11.4542 300.9213
 0 0.01532890 14.0369 11.4542 300.8446
 0 0.01740530 14.0369 11.4542 300.7576
 0 0.01713320 14.0369 11.4542 300.6719
 0 0.01648770 14.0369 11.4542 300.5895
 0 0.01528020 14.0369 11.4542 300.5131
 0 0.01814630 14.0369 11.4542 300.4224
 0 0.01852020 14.0369 11.4542 300.3298
 0 0.01664180 14.0369 11.4542 300.2466
 0 0.01242920 14.0369 11.4542 300.1844
 0 0.01716290 14.0369 11.4542 300.0986
 0 0.02038820 14.0369 11.4542 299.9966
 0 0.01461170 14.0369 11.4542 299.9236
 0 0.01702160 14.0369 11.4542 299.8385
 0 0.01857820 14.0369 11.4542 299.7456
 0 0.01485150 14.0369 11.4542 299.6713
 0 0.01663930 14.0369 11.4542 299.5881
 0 0.01537960 14.0369 11.4542 299.5112
 0 0.01628170 14.0369 11.4542 299.4298
 0 0.01782290 14.0369 11.4542 299.3407
 0 0.01718250 14.0369 11.4542 299.2548
 0 0.01627270 14.0369 11.4542 299.1734
 0 0.01707120 14.0369 11.4542 299.0881
 0 0.01805600 14.0369 11.4542 298.9978
 0 0.01719530 14.0369 11.4542 298.9118
 0 0.01543180 14.0369 11.4542 298.8347
 0 0.01702380 14.0369 11.4542 298.7495
 0 0.01713360 14.0369 11.4542 298.6639
 0 0.01519340 14.0369 11.4542 298.5879
 0 0.01694720 14.0369 11.4542 298.5032
 0 0.01666610 14.0369 11.4542 298.4199
 0 0.01716630 14.0369 11.4542 298.3340
 0 0.01572410 14.0369 11.4542 298.2554
 0 0.01869770 14.0369 11.4542 298.1619
 0 0.01342570 14.0369 11.4542 298.0948
 0 0.01972820 14.0369 11.4542 297.9961
 0 0.01500820 14.0369 11.4542 297.9211
 0 0.01686990 14.0369 11.4542 297.8367
 0 0.01652190 14.0369 11.4542 297.7542
 0 0.01767020 14.0369 11.4542 297.6658
 0 0.01669870 14.0369 11.4542 297.5823
 0 0.01723270 14.0369 11.4542 297.4961
 0 0.01620930 14.0369 11.4542 297.4151
 0 0.01654110 14.0369 11.4542 297.3324
 0 0.01743280 14.0369 11.4542 297.2452
 0 0.01596480 14.0369 11.4542 297.1654
 0 0.01724090 14.0369 11.4542 297.0792
 0 0.01540370 14.0369 11.4542 297.0021
 0 0.01707410 14.0369 11.4542 296.9168
 0 0.01745550 14.0369 11.4542 296.8295
 0 0.01656170 14.0369 11.4542 296.7467
 0 0.01714560 14.0369 11.4542 296.6609
 0 0.01580980 14.0369 11.4542 296.5819
 0 0.01655040 14.0369 11.4542 296.4991
 0 0.01662940 14.0369 11.4542 296.4160
 0 0.01797620 14.0369 11.4542 296.3261
 0 0.01617640 14.0369 11.4542 296.2452
 0 0.01575070 14.0369 11.4542 296.1665
 0 0.01629630 14.0369 11.4542 296.0850
 0 0.01828240 14.0369 11.4542 295.9936
 0 0.01505170 14.0369 11.4542 295.9183
 0 0.01711820 14.0369 11.4542 295.8328
 0 0.01781640 14.0369 11.4542 295.7437
 0 0.01612270 14.0369 11.4542 295.6631
 0 0.01713900 14.0369 11.4542 295.5774
 0 0.01392180 14.0369 11.4542 295.5078
 0 0.01835980 14.0369 11.4542 295.4160
 0 0.01807810 14.0369 11.4542 295.3256
 0 0.01669730 14.0369 11.4542 295.2421
 0 0.01612900 14.0369 11.4542 295.1614
 0 0.01581840 14.0369 11.4542 295.0823
 0 0.01719450 14.0369 11.4542 294.9964
 0 0.01561610 14.0369 11.4542 294.9183
 0 0.01629010 14.0369 11.4542 294.8368
 0 0.01717140 14.0369 11.4542 294.7510
 0 0.01603290 14.0369 11.4542 294.6708
 0 0.01754500 14.0369 11.4542 294.5831
 0 0.01661470 14.0369 11.4542 294.5000
 0 0.01745540 14.0369 11.4542 294.4127
 0 0.01705310 14.0369 11.4542 294.3275
 0 0.01580860 14.0369 11.4542 294.2484
 0 0.01780970 14.0369 11.4542 294.1594
 0 0.01663600 14.0369 11.4542 294.0762
 0 0.01619070 14.0369 11.4542 293.9952
 0 0.01579290 14.0369 11.4542 293.9163
 0 0.01661000 14.0369 11.4542 293.8332
 0 0.01766350 14.0369 11.4542 293.7449
 0 0.01535590 14.0369 11.4542 293.6681
 0 0.01832570 14.0369 11.4542 293.5765
 0 0.01672890 14.0369 11.4542 293.4929
 0 0.01593340 14.0369 11.4542 293.4132
 0 0.01712140 14.0369 11.4542 293.3276
 0 0.01592480 14.0369 11.4542 293.2480
 0 0.01617040 14.0369 11.4542 293.1671
 0 0.01532930 14.0369 11.4542 293.0905
 0 0.01651940 14.0369 11.4542 293.0079
 0 0.01891560 14.0369 11.4542 292.9133
 0 0.01685970 14.0369 11.4542 292.8290
 0 0.01671740 14.0369 11.4542 292.7454
 0 0.01392810 14.0369 11.4542 292.6758
 0 0.01850000 14.0369 11.4542 292.5833
 0 0.01645910 14.0369 11.4542 292.5010
 0 0.01767120 14.0369 11.4542 292.4126
 0 0.02169290 14.0369 11.4542 292.3041
 0 0.01705710 14.0369 11.4542 292.2189
 0 0.01528540 14.0369 11.4542 292.1424
 0 0.01682730 14.0369 11.4542 292.0583
 0 0.01587320 14.0369 11.4542 291.9789
 0 0.01862080 14.0369 11.4542 291.8858
 0 0.01575580 14.0369 11.4542 291.8070
 0 0.01707110 14.0369 11.4542 291.7217
 0 0.01676170 14.0369 11.4542 291.6379
 0 0.01612970 14.0369 11.4542 291.5572
 0 0.01817760 14.0369 11.4542 291.4663
 0 0.01583240 14.0369 11.4542 291.3872
 0 0.01381000 14.0369 11.4542 291.3181
 0 0.01348340 14.0369 11.4542 291.2507
 0 0.01876370 14.0369 11.4542 291.1569
 0 0.01556720 14.0369 11.4542 291.0790
 0 0.01706720 14.0369 11.4542 290.9937
 0 0.01582850 14.0369 11.4542 290.9146
 0 0.01460790 14.0369 11.4542 290.8415
 0 0.01886390 14.0369 11.4542 290.7472
 0 0.01723870 14.0369 11.4542 290.6610
 0 0.01637510 14.0369 11.4542 290.5791
 0 0.01682200 14.0369 11.4542 290.4950
 0 0.01671620 14.0369 11.4542 290.4114
 0 0.01674260 14.0369 11.4542 290.3277
 0 0.01579490 14.0369 11.4542 290.2487
 0 0.01725290 14.0369 11.4542 290.1625
 0 0.01728160 14.0369 11.4542 290.0761
 0 0.01709860 14.0369 11.4542 289.9906
 0 0.01534320 14.0369 11.4542 289.9139
 0 0.01651170 14.0369 11.4542 289.8313
 0 0.01597610 14.0369 11.4542 289.7514
 0 0.01788490 14.0369 11.4542 289.6620
 0 0.01617420 14.0369 11.4542 289.5811
 0 0.01701410 14.0369 11.4542 289.4961
 0 0.01547700 14.0369 11.4542 289.4187
 0 0.01711680 14.0369 11.4542 289.3331
 0 0.01631280 14.0369 11.4542 289.2515
 0 0.01364980 14.0369 11.4542 289.1833
 0 0.01832880 14.0369 11.4542 289.0916
 0 0.01564030 14.0369 11.4542 289.0134
 0 0.01760860 14.0369 11.4542 288.9254
 0 0.01777780 14.0369 11.4542 288.8365
 0 0.01730670 14.0369 11.4542 288.7500
 0 0.01627550 14.0369 11.4542 288.6686
 0 0.01469310 14.0369 11.4542 288.5951
 0 0.01575860 14.0369 11.4542 288.5163
 0 0.01624190 14.0369 11.4542 288.4351
 0 0.01670400 14.0369 11.4542 288.3516
 0 0.01656640 14.0369 11.4542 288.2688
 0 0.01883930 14.0369 11.4542 288.1746
 0 0.01780770 14.0369 11.4542 288.0855
 0 0.01656900 14.0369 11.4542 288.0027
 0 0.01689510 14.0369 11.4542 287.9182
 0 0.01670210 14.0369 11.4542 287.8347
 0 0.01861880 14.0369 11.4542 287.7416
 0 0.01480900 14.0369 11.4542 287.6675
 0 0.01706270 14.0369 11.4542 287.5822
 0 0.01497790 14.0369 11.4542 287.5073
 0 0.01822440 14.0369 11.4542 287.4162
 0 0.01613300 14.0369 11.4542 287.3355
 0 0.01396960 14.0369 11.4542 287.2657
 0 0.01939390 14.0369 11.4542 287.1687
 0 0.01621050 14.0369 11.4542 287.0877
 0 0.01746300 14.0369 11.4542 287.0004
 0 0.01922730 14.0369 11.4542 286.9042
 0 0.01350610 14.0369 11.4542 286.8367
 0 0.01669370 14.0369 11.4542 286.7532
 0 0.01582470 14.0369 11.4542 286.6741
 0 0.01724630 14.0369 11.4542 286.5879
 0 0.01915200 14.0369 11.4542 286.4921
 0 0.01464350 14.0369 11.4542 286.4189
 0 0.01747830 14.0369 11.4542 286.3315
 0 0.01580420 14.0369 11.4542 286.2525
 0 0.01796420 14.0369 11.4542 286.1627
 0 0.01525570 14.0369 11.4542 286.0864
 0 0.01569310 14.0369 11.4542 286.0079
 0 0.01728210 14.0369 11.4542 285.9215
 0 0.01702870 14.0369 11.4542 285.8364
 0 0.01657720 14.0369 11.4542 285.7535
 0 0.01536590 14.0369 11.4542 285.6766
 0 0.01708930 14.0369 11.4542 285.5912
 0 0.01978570 14.0369 11.4542 285.4922
 0 0.01432950 14.0369 11.4542 285.4206
 0 0.01794820 14.0369 11.4542 285.3309
 0 0.01283880 14.0369 11.4542 285.2667
 0 0.01657260 14.0369 11.4542 285.1838
 0 0.02081480 14.0369 11.4542 285.0797
 0 0.01543680 14.0369 11.4542 285.0026
 0 0.01862880 14.0369 11.4542 284.9094
 0 0.01594930 14.0369 11.4542 284.8297
 0 0.01545360 14.0369 11.4542 284.7524
 0 0.01662800 14.0369 11.4542 284.6693
 0 0.01412320 14.0369 11.4542 284.5986
 0 0.01771880 14.0369 11.4542 284.5100
 0 0.02000910 14.0369 11.4542 284.4100
 0 0.01456550 14.0369 11.4542 284.3372
 0 0.01470530 14.0369 11.4542 284.2636
 0 0.01853690 14.0369 11.4542 284.1710
 0 0.01883060 14.0369 11.4542 284.0768
 0 0.01522600 14.0369 11.4542 284.0007
 0 0.01783830 14.0369 11.4542 283.9115
 0 0.01490600 14.0369 11.4542 283.8369
 0 0.01507810 14.0369 11.4542 283.7616
 0 0.02177600 14.0369 11.4542 283.6527
 0 0.01469790 14.0369 11.4542 283.5792
 0 0.01396870 14.0369 11.4542 283.5093
 0 0.01714490 14.0369 11.4542 283.4236
 0 0.01798100 14.0369 11.4542 283.3337
 0 0.01672120 14.0369 11.4542 283.2501
 0 0.01442980 14.0369 11.4542 283.1779
 0 0.01926440 14.0369 11.4542 283.0816
 0 0.01560610 14.0369 11.4542 283.0036
 0 0.01615880 14.0369 11.4542 282.9228
 0 0.01731970 14.0369 11.4542 282.8362
 0 0.01562710 14.0369 11.4542 282.7581
 0 0.01759170 14.0369 11.4542 282.6701
 0 0.01662130 14.0369 11.4542 282.5870
 0 0.01866270 14.0369 11.4542 282.4937
 0 0.01474310 14.0369 11.4542 282.4200
 0 0.01634440 14.0369 11.4542 282.3383
 0 0.01748890 14.0369 11.4542 282.2508
 0 0.01628200 14.0369 11.4542 282.1694
 0 0.01750980 14.0369 11.4542 282.0818
 0 0.01888080 14.0369 11.4542 281.9875
 0 0.01529560 14.0369 11.4542 281.9110
 0 0.01600090 14.0369 11.4542 281.8310
 0 0.01675790 14.0369 11.4542 281.7472
 0 0.01640740 14.0369 11.4542 281.6651
 0 0.01754350 14.0369 11.4542 281.5774
 0 0.01540740 14.0369 11.4542 281.5004
 0 0.01700540 14.0369 11.4542 281.4153
 0 0.01684960 14.0369 11.4542 281.3311
 0 0.01744940 14.0369 11.4542 281.2439
 0 0.01530670 14.0369 11.4542 281.1673
 0 0.01824590 14.0369 11.4542 281.0761
 0 0.01702040 14.0369 11.4542 280.9910
 0 0.01627350 14.0369 11.4542 280.9096
 0 0.01751910 14.0369 11.4542 280.8220
 0 0.01562730 14.0369 11.4542 280.7439
 0 0.01768390 14.0369 11.4542 280.6555
 0 0.01502420 14.0369 11.4542 280.5804
 0 0.01611600 14.0369 11.4542 280.4998
 0 0.01691230 14.0369 11.4542 280.4152
 0 0.01710320 14.0369 11.4542 280.3297
 0 0.01711000 14.0369 11.4542 280.2442
 0 0.01666380 14.0369 11.4542 280.1608
 0 0.01575030 14.0369 11.4542 280.0821
 0 0.01823890 14.0369 11.4542 279.9909
 0 0.01421430 14.0369 11.4542 279.9198
 0 0.01737120 14.0369 11.4542 279.8330
 0 0.01724700 14.0369 11.4542 279.7467
 0 0.01601550 14.0369 11.4542 279.6667
 0 0.01670270 14.0369 11.4542 279.5831
 0 0.01635640 14.0369 11.4542 279.5013
 0 0.01709260 14.0369 11.4542 279.4159
 0 0.01655310 14.0369 11.4542 279.3331
 0 0.01838910 14.0369 11.4542 279.2412
 0 0.01518320 14.0369 11.4542 279.1653
 0 0.01720140 14.0369 11.4542 279.0793
 0 0.01577290 14.0369 11.4542 279.0004
 0 0.01812030 14.0369 11.4542 278.9098
 0 0.01617260 14.0369 11.4542 278.8289
 0 0.01569040 14.0369 11.4542 278.7505
 0 0.01626560 14.0369 11.4542 278.6691
 0 0.01608370 14.0369 11.4542 278.5887
 0 0.01937080 14.0369 11.4542 278.4919
 0 0.01382770 14.0369 11.4542 278.4227
 0 0.01773130 14.0369 11.4542 278.3341
 0 0.01907700 14.0369 11.4542 278.2387
 0 0.01394280 14.0369 11.4542 278.1690
 0 0.01837650 14.0369 11.4542 278.0771
 0 0.01588710 14.0369 11.4542 277.9977
 0 0.01719110 14.0369 11.4542 277.9117
 0 0.01803360 13.9476 11.4666 277.9117
 0 0.01422240 13.8772 11.4764 277.9117
 0 0.01757890 13.7901 11.4885 277.9117
 0 0.01607380 13.7105 11.4995 277.9117
 0 0.01694790 13.6266 11.5112 277.9117
 0 0.01608810 13.5469 11.5223 277.9117
 0 0.01748540 13.4603 11.5343 277.9117
 0 0.01726350 13.3748 11.5462 277.9117
 0 0.01701620 13.2905 11.5579 277.9117
 0 0.01654830 13.2086 11.5693 277.9117
 0 0.01592910 13.1297 11.5803 277.9117
 0 0.01603550 13.0503 11.5913 277.9117
 0 0.01706050 12.9658 11.6030 277.9117
 0 0.01694340 12.8819 11.6147 277.9117
 0 0.01692560 12.7981 11.6263 277.9117
 0 0.01562570 12.7207 11.6371 277.9117
 0 0.01874340 12.6278 11.6500 277.9117
 0 0.01513510 12.5529 11.6604 277.9117
 0 0.01841170 12.4617 11.6731 277.9117
 0 0.01539570 12.3855 11.6837 277.9117
 0 0.01599330 12.3063 11.6947 277.9117
 0 0.01843770 12.2149 11.7074 277.9117
 0 0.01513420 12.1400 11.7178 277.9117
 0 0.01641250 12.0587 11.7291 277.9117
 0 0.01734190 11.9728 11.7410 277.9117
 0 0.01625470 11.8923 11.7522 277.9117
 0 0.01551260 11.8155 11.7629 277.9117
 0 0.01838660 11.7244 11.7755 277.9117
 0 0.01759060 11.6373 11.7876 277.9117
 0 0.01555330 11.5603 11.7983 277.9117
 0 0.01562140 11.4829 11.8091 277.9117
 0 0.01643310 11.4016 11.8204 277.9117
 0 0.01676050 11.3186 11.8319 277.9117
 0 0.01904700 11.2242 11.8451 277.9117
 0 0.01582680 11.1458 11.8559 277.9117
 0 0.01501790 11.0715 11.8663 277.9117
 0 0.01983580 10.9732 11.8799 277.9117
 0 0.01530740 10.8974 11.8905 277.9117
 0 0.01493450 10.8235 11.9007 277.9117
 0 0.02020900 10.7234 11.9147 277.9117
 0 0.01387930 10.6546 11.9242 277.9117
 0 0.01794790 10.5658 11.9366 277.9117
 0 0.01607610 10.4861 11.9476 277.9117
 0 0.01566290 10.4086 11.9584 277.9117
 0 0.01659910 10.3264 11.9698 277.9117
 0 0.01638410 10.2452 11.9811 277.9117
 0 0.01737870 10.1592 11.9931 277.9117
 0 0.01589830 10.0804 12.0040 277.9117
 0 0.01659070 9.9983 12.0154 277.9117
 0 0.01712160 9.9135 12.0272 277.9117
 0 0.01723080 9.8281 12.0391 277.9117
 0 0.01600690 9.7489 12.0501 277.9117
 0 0.01796430 9.6599 12.0623 277.8219
 0 0.01554400 9.5829 12.0728 277.7442
 0 0.01703060 9.4985 12.0841 277.6590
 0 0.01896250 9.4045 12.0966 277.5642
 0 0.02081880 9.3013 12.1101 277.4601
 0 0.01505490 9.2266 12.1198 277.3848
 0 0.01844600 9.1351 12.1315 277.2926
 0 0.01533210 9.0591 12.1411 277.2159
 0 0.01723930 8.9735 12.1518 277.1298
 0 0.01636750 8.8923 12.1619 277.0479
 0 0.01616310 8.8121 12.1717 276.9671
 0 0.01742440 8.7256 12.1821 276.8800
 0 0.01729390 8.6398 12.1923 276.7935
 0 0.01613760 8.5596 12.2018 276.7128
 0 0.01728160 8.4738 12.2117 276.6264
 0 0.01572730 8.3957 12.2207 276.5478
 0 0.01090960 8.3415 12.2269 276.4932
 0 0.01707110 8.2566 12.2364 276.4079
 0 0.01570890 8.1786 12.2451 276.3293
 0 0.01834250 8.0874 12.2550 276.2376
 0 0.01385260 8.0185 12.2625 276.1683
 0 0.01751000 7.9315 12.2718 276.0808
 0 0.01744120 7.8448 12.2809 275.9936
 0 0.01705040 7.7600 12.2896 275.9083
 0 0.01656950 7.6775 12.2980 275.8255
 0 0.01653080 7.5953 12.3063 275.7429
 0 0.01571020 7.5171 12.3141 275.6643
 0 0.01636230 7.4357 12.3220 275.5825
 0 0.01697550 7.3512 12.3302 275.4976
 0 0.01869940 7.2581 12.3390 275.4041
 0 0.01521380 7.1824 12.3460 275.3280
 0 0.01779590 7.0938 12.3541 275.2390
 0 0.01697460 7.0093 12.3618 275.1542
 0 0.01457990 6.9367 12.3682 275.0813
 0 0.01717530 6.8511 12.3757 274.9954
 0 0.01783660 6.7622 12.3833 274.9062
 0 0.01672040 6.6789 12.3904 274.8226
 0 0.01522790 6.6031 12.3967 274.7465
 0 0.01675630 6.5196 12.4035 274.6627
 0 0.01665290 6.4366 12.4101 274.5794
 0 0.01727230 6.3505 12.4169 274.4931
 0 0.01523290 6.2745 12.4228 274.4169
 0 0.01830940 6.1832 12.4297 274.3254
 0 0.01575930 6.1047 12.4355 274.2466
 0 0.01900400 6.0099 12.4424 274.1516
 0 0.01366210 5.9417 12.4472 274.0833
 0 0.01757800 5.8541 12.4534 273.9954
 0 0.01648040 5.7719 12.4590 273.9129
 0 0.01615850 5.6913 12.4644 273.8322
 0 0.01617900 5.6105 12.4697 273.7513
 0 0.01887040 5.5164 12.4757 273.6569
 0 0.01471670 5.4429 12.4803 273.5833
 0 0.01714870 5.3573 12.4855 273.4976
 0 0.01537560 5.2806 12.4901 273.4207
 0 0.01653150 5.1981 12.4949 273.3380
 0 0.01709380 5.1128 12.4998 273.2526
 0 0.01705980 5.0276 12.5045 273.1673
 0 0.01716740 4.9419 12.5091 273.0815
 0 0.01744310 4.8548 12.5137 272.9942
 0 0.01738940 4.7679 12.5181 272.9073
 0 0.01521770 4.6919 12.5218 272.8312
 0 0.01570200 4.6135 12.5256 272.7527
 0 0.01704500 4.5284 12.5296 272.6674
 0 0.01871750 4.4349 12.5338 272.5739
 0 0.01511030 4.3594 12.5371 272.4983
 0 0.01624600 4.2783 12.5405 272.4171
 0 0.01723160 4.1922 12.5440 272.3309
 0 0.01545330 4.1150 12.5470 272.2537
 0 0.01918940 4.0191 12.5506 272.1577
 0 0.01543350 3.9420 12.5534 272.0805
 0 0.01671480 3.8585 12.5563 271.9970
 0 0.01821770 3.7674 12.5594 271.9059
 0 0.01513410 3.6918 12.5618 271.8302
 0 0.01608520 3.6114 12.5643 271.7498
 0 0.01755420 3.5237 12.5668 271.6620
 0 0.01787670 3.4343 12.5693 271.5726
 0 0.01454250 3.3616 12.5712 271.4999
 0 0.01716770 3.2758 12.5733 271.4141
 0 0.01625080 3.1946 12.5752 271.3328
 0 0.01647880 3.1122 12.5770 271.2504
 0 0.01864220 3.0190 12.5788 271.1572
 0 0.01596760 2.9392 12.5803 271.0774
 0 0.01511290 2.8636 12.5817 271.0018
 0 0.01732560 2.7770 12.5830 270.9152
 0 0.01848030 2.6846 12.5844 270.8228
 0 0.01536200 2.6078 12.5854 270.7460
 0 0.01611010 2.5273 12.5863 270.6654
 0 0.01859030 2.4343 12.5872 270.5725
 0 0.01688610 2.3499 12.5880 270.4881
 0 0.01567390 2.2715 12.5885 270.4097
 0 0.01536640 2.1947 12.5890 270.3329
 0 0.01691790 2.1101 12.5893 270.2483
 0 0.01807930 2.0197 12.5896 270.1579
 0 0.01745590 1.9324 12.5897 270.0706
 0 0.01566530 1.8541 12.5897 269.9922
 0 0.01590230 1.7746 12.5896 269.9128
 0 0.01829040 1.6832 12.5893 269.8213
 0 0.01454710 1.6104 12.5890 269.7486
 0 0.01667670 1.5270 12.5885 269.6652
 0 0.01697760 1.4421 12.5878 269.5803
 0 0.01788750 1.3527 12.5870 269.4908
 0 0.01546890 1.2754 12.5863 269.4135
 0 0.01725590 1.1891 12.5852 269.3272
 0 0.01620250 1.1891 12.5852 269.2462
 0 0.01649120 1.1891 12.5852 269.1638
 0 0.01657600 1.1891 12.5852 269.0809
 0 0.01687420 1.1891 12.5852 268.9965
 0 0.01930220 1.1891 12.5852 268.9965
 0 0.01349850 1.1891 12.5852 268.9965
 0 0.01870890 1.1891 12.5852 268.9965
 0 0.01487660 1.1891 12.5852 268.9965
 0 0.01799600 1.1891 12.5852 268.9965
 0 0.01583000 1.1891 12.5852 268.9965
 0 0.01742720 1.1891 12.5852 268.9965
 0 0.01681710 1.1891 12.5852 268.9965
 0 0.01626960 1.1891 12.5852 268.9965
 0 0.01668190 1.1891 12.5852 268.9965
 0 0.01751050 1.1891 12.5852 268.9965
 0 0.01645220 1.1891 12.5852 268.9965
 0 0.01679300 1.1891 12.5852 268.9965
 0 0.01695700 1.1891 12.5852 268.9965
 0 0.01671860 1.1891 12.5852 268.9965
 0 0.01639620 1.1891 12.5852 268.9965
 0 0.01639370 1.1891 12.5852 268.9965
 0 0.01762100 1.1891 12.5852 268.9965
 0 0.01545560 1.1891 12.5852 268.9965
 0 0.01662360 1.1891 12.5852 268.9965
 0 0.01792090 1.1891 12.5852 268.9965
 0 0.01668010 1.1891 12.5852 268.9965
 0 0.01625440 1.1891 12.5852 268.9965
 0 0.01636310 1.1891 12.5852 268.9965
 0 0.01679630 1.1891 12.5852 268.9965
 0 0.01651370 1.1891 12.5852 268.9965
 0 0.01652560 1.1891 12.5852 268.9965
 0 0.01746510 1.1891 12.5852 268.9965
 0 0.01683890 1.1891 12.5852 268.9965
 0 0.01599270 1.1891 12.5852 268.9965
 0 0.01371120 1.1891 12.5852 268.9965
 0 0.01631110 1.1891 12.5852 268.9965
 0 0.01925200 1.1891 12.5852 268.9965
 0 0.01657240 1.1891 12.5852 268.9965
 0 0.01719170 1.1891 12.5852 268.9965
 0 0.01655100 1.1891 12.5852 268.9965
 0 0.01503440 1.1891 12.5852 268.9965
 0 0.01870650 1.1891 12.5852 268.9965
 0 0.01342320 1.1891 12.5852 268.9965
 0 0.01625420 1.1891 12.5852 268.9965
 0 0.01683660 1.1891 12.5852 268.9965
 0 0.01935300 1.1891 12.5852 268.9965
 0 0.01677550 1.1891 12.5852 268.9965
 0 0.01516020 1.1891 12.5852 268.9965
 0 0.01825600 1.1891 12.5852 268.9965
 0 0.01688640 1.1891 12.5852 268.9965
 0 0.01642580 1.1891 12.5852 268.9965
 0 0.01394590 1.1891 12.5852 268.9965
 0 0.01947210 1.1891 12.5852 268.9965
 0 0.01684570 1.1891 12.5852 268.9965
 0 0.01576420 1.1891 12.5852 268.9965
 0 0.01603730 1.1891 12.5852 268.9965
 0 0.01450710 1.1891 12.5852 268.9965
 0 0.02089220 1.1891 12.5852 268.9965
 0 0.01667920 1.1891 12.5852 268.9965
 0 0.01306280 1.1891 12.5852 268.9965
 0 0.01667960 1.1891 12.5852 268.9965
 0 0.01936320 1.1891 12.5852 268.9965
 0 0.01648060 1.1891 12.5852 268.9965
 0 0.01572960 1.1891 12.5852 268.9965
 0 0.01676930 1.1891 12.5852 268.9965
 0 0.01903730 1.1891 12.5852 268.9965
 0 0.01448350 1.1891 12.5852 268.9965
 0 0.01597620 1.1891 12.5852 268.9965
 0 0.01756480 1.1891 12.5852 268.9965
 0 0.01373040 1.1891 12.5852 268.9965
 0 0.01918390 1.1891 12.5852 268.9965
 0 0.01721400 1.1891 12.5852 268.9965
 0 0.01424550 1.1891 12.5852 268.9965
 0 0.01639840 1.1891 12.5852 268.9965
 0 0.01703510 1.1891 12.5852 268.9965
 0 0.01721120 1.1891 12.5852 268.9965
 0 0.01662140 1.1891 12.5852 268.9965
 0 0.01585220 1.1891 12.5852 268.9965
 0 0.01603390 1.1891 12.5852 268.9965
 0 0.01913070 1.1891 12.5852 268.9965
 0 0.01533300 1.1891 12.5852 268.9965
 0 0.01856190 1.1891 12.5852 268.9965
 0 0.01646680 1.1891 12.5852 268.9965
 0 0.01691620 1.1891 12.5852 268.9965
 0 0.01682360 1.1891 12.5852 268.9965
 0 0.01678070 1.1891 12.5852 268.9965
 0 0.01978510 1.1891 12.5852 268.9965
 0 0.01139810 1.1891 12.5852 268.9965
 0 0.01672840 1.1891 12.5852 268.9965
 0 0.01497250 1.1891 12.5852 268.9965
 0 0.01856490 1.1891 12.5852 268.9965
 0 0.01611860 1.1891 12.5852 268.9965
 0 0.01813570 1.1891 12.5852 268.9965
 0 0.01752170 1.1891 12.5852 268.9965
 0 0.01662910 1.1891 12.5852 268.9965
 0 0.01618110 1.1891 12.5852 268.9965
 0 0.01617370 1.1891 12.5852 268.9965
 0 0.01868250 1.1891 12.5852 268.9965
 0 0.01638550 1.1891 12.5852 268.9965
 0 0.01602510 1.1891 12.5852 268.9965
 0 0.01943070 1.1891 12.5852 268.9965
 0 0.01588100 1.1891 12.5852 268.9965
 0 0.01541160 1.1891 12.5852 268.9965
 0 0.01504000 1.1891 12.5852 268.9965
 0 0.01836070 1.1891 12.5852 268.9965
 0 0.01492010 1.1891 12.5852 268.9965
 0 0.01840120 1.1891 12.5852 268.9965
 0 0.01634880 1.1891 12.5852 268.9965
 0 0.01589890 1.1891 12.5852 268.9965
 0 0.01735430 1.1891 12.5852 268.9965
 0 0.01559610 1.1891 12.5852 268.9965
 0 0.01647040 1.1891 12.5852 268.9965
 0 0.01641830 1.1891 12.5852 268.9965
 0 0.01590580 1.1891 12.5852 268.9965
 0 0.01896810 1.1891 12.5852 268.9965
 0 0.01521800 1.1891 12.5852 268.9965
 0 0.01681220 1.1891 12.5852 268.9965
 0 0.01624390 1.1891 12.5852 268.9965
 0 0.01679740 1.1891 12.5852 268.9965
 0 0.01625210 1.1891 12.5852 268.9965
 0 0.01701380 1.1891 12.5852 268.9965
 0 0.01843680 1.1891 12.5852 268.9965
 0 0.01557110 1.1891 12.5852 268.9965
 0 0.02046330 1.1891 12.5852 268.9965
 0 0.01309840 1.1891 12.5852 268.9965
 0 0.01463350 1.1891 12.5852 268.9965
 0 0.01885510 1.1891 12.5852 268.9965
 0 0.01495420 1.1891 12.5852 268.9965
 0 0.01638260 1.1891 12.5852 268.9965
 0 0.01668490 1.1891 12.5852 268.9965
 0 0.01789870 1.1891 12.5852 268.9965
 0 0.01411090 1.1891 12.5852 268.9965
 0 0.01778440 1.1891 12.5852 268.9965
 0 0.01669680 1.1891 12.5852 268.9965
 0 0.01556300 1.1891 12.5852 268.9965
 0 0.01906360 1.1891 12.5852 268.9965
 0 0.01652540 1.1891 12.5852 268.9965
 0 0.01460760 1.1891 12.5852 268.9965
 0 0.02196010 1.1891 12.5852 268.9965
 0 0.01542330 1.1891 12.5852 268.9965
 0 0.01564120 1.1891 12.5852 268.9965
 0 0.01763060 1.1891 12.5852 268.9965
 0 0.01657610 1.1891 12.5852 268.9965
 0 0.01620100 1.1891 12.5852 268.9965
 0 0.01866180 1.1891 12.5852 268.9965
 0 0.01481190 1.1891 12.5852 268.9965
 0 0.01910450 1.1891 12.5852 268.9965
 0 0.01356540 1.1891 12.5852 268.9965
 0 0.01749960 1.1891 12.5852 268.9965
 0 0.01858550 1.1891 12.5852 268.9965
 0 0.01555010 1.1891 12.5852 268.9965
 0 0.01610680 1.1891 12.5852 268.9965
 0 0.01421170 1.1891 12.5852 268.9965
 0 0.01901750 1.1891 12.5852 268.9965
 0 0.01789860 1.1891 12.5852 268.9965
 0 0.01704050 1.1891 12.5852 268.9965
 0 0.01480970 1.1891 12.5852 268.9965
 0 0.01894940 1.1891 12.5852 268.9965
 0 0.01584220 1.1891 12.5852 268.9965
 0 0.01553000 1.1891 12.5852 268.9965
 0 0.01848980 1.1891 12.5852 268.9965
 0 0.01557230 1.1891 12.5852 268.9965
 0 0.01690460 1.1891 12.5852 268.9965
 0 0.01305480 1.1891 12.5852 268.9965
 0 0.01688890 1.1891 12.5852 268.9965
 0 0.01637220 1.1891 12.5852 268.9965
 0 0.02288570 1.1891 12.5852 268.9965
 0 0.01871090 1.1891 12.5852 268.9965
 0 0.01754140 1.1891 12.5852 268.9965
 0 0.01560540 1.1891 12.5852 268.9965
 0 0.01544300 1.1891 12.5852 268.9965
 0 0.01743870 1.1891 12.5852 268.9965
 0 0.01634440 1.1891 12.5852 268.9965
 0 0.01687140 1.1891 12.5852 268.9965
 0 0.01598490 1.1891 12.5852 268.9965
 0 0.01741310 1.1891 12.5852 268.9965
 0 0.01601550 1.1891 12.5852 268.9965
 0 0.01578350 1.1891 12.5852 268.9965
 0 0.01390910 1.1891 12.5852 268.9965
 0 0.01637550 1.1891 12.5852 268.9965
 0 0.01659420 1.1891 12.5852 268.9965
 0 0.01645540 1.1891 12.5852 268.9965
 0 0.01410420 1.1891 12.5852 268.9965
 0 0.01623250 1.1891 12.5852 268.9965
 0 0.01867520 1.1891 12.5852 268.9965
 0 0.01638880 1.1891 12.5852 268.9965
 0 0.01551930 1.1891 12.5852 268.9965
 0 0.01930750 1.1891 12.5852 268.9965
 0 0.01564600 1.1891 12.5852 268.9965
 0 0.01603460 1.1891 12.5852 268.9965
 0 0.01842090 1.1891 12.5852 268.9965
 0 0.01535010 1.1891 12.5852 268.9965
 0 0.01710400 1.1891 12.5852 268.9965
 0 0.01639450 1.1891 12.5852 268.9965
 0 0.01451690 1.1891 12.5852 268.9965
 0 0.02002610 1.1891 12.5852 268.9965
 0 0.01535140 1.1891 12.5852 268.9965
 0 0.01902230 1.1891 12.5852 268.9965
 0 0.01747200 1.1891 12.5852 268.9965
 0 0.01424580 1.1891 12.5852 268.9965
 0 0.01578460 1.1891 12.5852 268.9965
 0 0.01675490 1.1891 12.5852 268.9965
 0 0.01569830 1.1891 12.5852 268.9965
 0 0.01607950 1.1891 12.5852 268.9965
 0 0.01869080 1.1891 12.5852 268.9965
 0 0.01622300 1.1891 12.5852 268.9965
 0 0.01545410 1.1891 12.5852 268.9965
 0 0.02603480 1.1891 12.5852 268.9965
 0 0.00828300 1.1891 12.5852 268.9965
 0 0.01517450 1.1891 12.5852 268.9965
 0 0.01983660 1.1891 12.5852 268.9965
 0 0.01707270 1.1891 12.5852 268.9965
 0 0.01397550 1.1891 12.5852 268.9965
 0 0.01589610 1.1891 12.5852 268.9965
 0 0.01978620 1.1891 12.5852 268.9965
 0 0.01616780 1.1891 12.5852 268.9965
 0 0.01572700 1.1891 12.5852 268.9965
 0 0.01653320 1.1891 12.5852 268.9965
 0 0.01762840 1.1891 12.5852 268.9965
 0 0.01549960 1.1891 12.5852 268.9965
 0 0.01666210 1.1891 12.5852 268.9965
 0 0.01878610 1.1891 12.5852 268.9965
 0 0.01662620 1.1891 12.5852 268.9965
 0 0.01622170 1.1891 12.5852 268.9965
 0 0.01423160 1.1891 12.5852 268.9965
 0 0.01622620 1.1891 12.5852 268.9965
 0 0.02040310 1.1891 12.5852 268.9965
 0 0.01586310 1.1891 12.5852 268.9965
 0 0.01741650 1.1891 12.5852 268.9965
 0 0.01472550 1.1891 12.5852 268.9965
 0 0.01470200 1.1891 12.5852 268.9965
 0 0.01803870 1.1891 12.5852 268.9965
 0 0.01573590 1.1891 12.5852 268.9965
 0 0.01820880 1.1891 12.5852 268.9965
 0 0.01467880 1.1891 12.5852 268.9965
 0 0.01638700 1.1891 12.5852 268.9965
 0 0.01797560 1.1891 12.5852 268.9965
 0 0.01525040 1.1891 12.5852 268.9965
 0 0.01978980 1.1891 12.5852 268.9965
 0 0.01482440 1.1891 12.5852 268.9965
 0 0.01743810 1.1891 12.5852 268.9965
 0 0.01380190 1.1891 12.5852 268.9965
 0 0.01666320 1.1891 12.5852 268.9965
 0 0.01669750 1.1891 12.5852 268.9965
 0 0.01916910 1.1891 12.5852 268.9965
 0 0.01665070 1.1891 12.5852 268.9965
 0 0.01480340 1.1891 12.5852 268.9965
 0 0.01604120 1.1891 12.5852 268.9965
 0 0.01658470 1.1891 12.5852 268.9965
 0 0.01662850 1.1891 12.5852 268.9965
 0 0.01678370 1.1891 12.5852 268.9965
 0 0.01806480 1.1891 12.5852 268.9965
 0 0.01937130 1.1891 12.5852 268.9965
 0 0.01379710 1.1891 12.5852 268.9965
 0 0.01661660 1.1891 12.5852 268.9965
 0 0.01659810 1.1891 12.5852 268.9965
 0 0.01799300 1.1891 12.5852 268.9965
 0 0.01683200 1.1891 12.5852 268.9965
 0 0.01798460 1.1891 12.5852 268.9965
 0 0.01778130 1.1891 12.5852 268.9965
 0 0.01632160 1.1891 12.5852 268.9965
 0 0.01482160 1.1891 12.5852 268.9965
 0 0.01714190 1.1891 12.5852 268.9965
 0 0.01467990 1.1891 12.5852 268.9965
 0 0.01511990 1.1891 12.5852 268.9965
 0 0.02072420 1.1891 12.5852 268.9965
 0 0.01554290 1.1891 12.5852 268.9965
 0 0.01679110 1.1891 12.5852 268.9965
 0 0.01680910 1.1891 12.5852 268.9965
 0 0.01641340 1.1891 12.5852 268.9965
 0 0.01810710 1.1891 12.5852 268.9965
 0 0.01653570 1.1891 12.5852 268.9965
 0 0.01534410 1.1891 12.5852 268.9965
 0 0.02054280 1.1891 12.5852 268.9965
 0 0.01328040 1.1891 12.5852 268.9965
 0 0.01634330 1.1891 12.5852 268.9965
 0 0.01856060 1.1891 12.5852 268.9965
 0 0.01490200 1.1891 12.5852 268.9965
 0 0.01651430 1.1891 12.5852 268.9965
 0 0.01688780 1.1891 12.5852 268.9965
 0 0.01667660 1.1891 12.5852 268.9965
 0 0.01612890 1.1891 12.5852 268.9965
 0 0.01699380 1.1891 12.5852 268.9965
 0 0.01603690 1.1891 12.5852 268.9965
 0 0.01704000 1.1891 12.5852 268.9965
 0 0.01877520 1.1891 12.5852 268.9965
 0 0.01606940 1.1891 12.5852 268.9965
 0 0.01953070 1.1891 12.5852 268.9965
 0 0.02008150 1.1891 12.5852 268.9965
 0 0.01504990 1.1891 12.5852 268.9965
 0 0.01593450 1.1891 12.5852 268.9965
 0 0.01608450 1.1891 12.5852 268.9965
 0 0.01661570 1.1891 12.5852 268.9965
 0 0.01663990 1.1891 12.5852 268.9965
 0 0.01694770 1.1891 12.5852 268.9965
 0 0.01546220 1.1891 12.5852 268.9965
 0 0.01875770 1.1891 12.5852 268.9965
 0 0.01859230 1.1891 12.5852 268.9965
 0 0.01576800 1.1891 12.5852 268.9965
 0 0.01393840 1.1891 12.5852 268.9965
 0 0.01337340 1.1891 12.5852 268.9965
 0 0.01695150 1.1891 12.5852 268.9965
 0 0.02015870 1.1891 12.5852 268.9965
 0 0.01229140 1.1891 12.5852 268.9965
 0 0.01612070 1.1891 12.5852 268.9965
 0 0.01989240 1.1891 12.5852 268.9965
 0 0.01589540 1.1891 12.5852 268.9965
 0 0.01575840 1.1891 12.5852 268.9965
 0 0.01685100 1.1891 12.5852 268.9965
 0 0.01500190 1.1891 12.5852 268.9965
 0 0.01738970 1.1891 12.5852 268.9965
 0 0.01891370 1.1891 12.5852 268.9965
 0 0.01351600 1.1891 12.5852 268.9965
 0 0.01849640 1.1891 12.5852 268.9965
 0 0.01487880 1.1891 12.5852 268.9965
 0 0.01663140 1.1891 12.5852 268.9965
 0 0.01653500 1.1891 12.5852 268.9965
 0 0.01803500 1.1891 12.5852 268.9965
 0 0.01591900 1.1891 12.5852 268.9965
 0 0.01809910 1.1891 12.5852 268.9965
 0 0.01580980 1.1891 12.5852 268.9965
 0 0.01800560 1.1891 12.5852 268.9965
 0 0.01474030 1.1891 12.5852 268.9965
 0 0.01640630 1.1891 12.5852 268.9965
 0 0.01685520 1.1891 12.5852 268.9965
 0 0.02134320 1.1891 12.5852 268.9965
 0 0.01161760 1.1891 12.5852 268.9965
 0 0.01605610 1.1891 12.5852 268.9965
 0 0.01680260 1.1891 12.5852 268.9965
 0 0.01736690 1.1891 12.5852 268.9965
 0 0.01841670 1.1891 12.5852 268.9965
 0 0.01497230 1.1891 12.5852 268.9965
